name,status,alias_of,born,died,birthplace,deathplace,bio,notes,checked
A. A. Dun,bio,,unknown,,,,"The British poet and psychogeographer Aidan Andrew Dun, who publishes under his full name. A grandson of the dancer Marie Rambert, he spent his childhood in the West Indies, returned to London as a teenager to live with her, and left school without qualifications before some years of travelling. Twenty-three years in the writing, his first epic, Vale Royal (1995), a quest in terza rima through the buried mythology of King's Cross, was launched at the Royal Albert Hall and earned him the title 'Voice of King's Cross'. Further verse epics followed, among them Universal (2002), The Uninhabitable City (2005) and the sonnet-novel McCool (2010).","'A. A. Dun' is the poet Aidan Andrew Dun; the lines in the bank come from his epic Vale Royal (Goldmark, 1995). His birth year is not on record; a contributor note in The Writers Post gives London as his birthplace, but no better source confirms it.",aidanandrewdun.com (author's own biography and bibliography); Rambert company archive interview page; Wikipedia 'Marie Rambert' (names Dun as her grandson); The Writers Post contributor note; Ravello Records artist page
Abraham Hicks,bio,,1948,,"Coalville, Utah, USA",,"The name under which the American author and speaker Esther Hicks presents what she describes as inspired teachings, delivered as messages from a non-physical group intelligence she calls 'Abraham'. With her late husband Jerry she built these into a highly successful series of workshops and books, among them Ask and It Is Given, that became a cornerstone of the modern law-of-attraction movement. The teachings hold that our thoughts and feelings shape our reality, and that aligning with positive emotion draws well-being toward us.",'Abraham Hicks' is Esther Hicks speaking as the channelled persona 'Abraham'.,"Wikipedia 'Esther Hicks' (born 5 March 1948 in Coalville, Utah; the channelled persona 'Abraham'; nine books with Jerry Hicks, who died in 2011; Ask and It Is Given, 2004)"
Abraham Lincoln,bio,,1809,1865,"Hodgenville, Kentucky, USA","Washington, D.C., USA","The sixteenth president of the United States, who held the nation together through its civil war and ended slavery within it. Born in a Kentucky log cabin and almost entirely self-taught, he rose through frontier Illinois as a lawyer and politician, opposing the spread of slavery with homely eloquence. Elected in 1860, he watched the southern states secede and led the Union through four years of terrible war, issuing the Emancipation Proclamation and, at Gettysburg, restating the country's founding promise of equality. Five days after Lee's surrender at Appomattox, and six weeks into the second term he had won the previous November, he was shot in a Washington theatre.",,"Wikipedia 'Abraham Lincoln' infobox (born 12 February 1809 in LaRue County, Kentucky, near Hodgenville; died 15 April 1865 in Washington, D.C.), against the dates of the November 1864 election, the inauguration of 4 March 1865 and Lee's surrender on 9 April 1865"
Abraham Maslow,bio,,1908,1970,"Brooklyn, New York, USA","Menlo Park, California, USA","An American psychologist who helped found humanistic psychology, a 'third force' beyond behaviourism and psychoanalysis focused on health and human potential rather than illness. The eldest child of poor Jewish immigrants in Brooklyn, he studied our higher motivations and coined the idea of a hierarchy of needs, often drawn as a pyramid rising from food and safety through love and esteem to 'self-actualisation', the full realisation of one's gifts. Later he wrote of peak experiences and of a psychology reaching beyond the self, shaping counselling, education, management and the human-potential movement.",,"Wikipedia 'Abraham Maslow' infobox (born 1 April 1908 in Brooklyn; died 8 June 1970 in Menlo Park, California; eldest of seven children of Jewish immigrants), with his 1943 paper 'A Theory of Human Motivation' as the origin of the hierarchy of needs"
Alan Watts,bio,,1915,1973,"Chislehurst, England","Mount Tamalpais, California, USA","A British-born philosopher and writer who became one of the great popularisers of Eastern thought in the West. Fascinated by Buddhism as a schoolboy in England, he moved to the United States and left the Episcopal priesthood to interpret Zen, Taoism and Hindu philosophy for a wide audience. Through more than twenty books, among them The Way of Zen and The Wisdom of Insecurity, and a stream of witty, spellbinding lectures, he taught that the self is not a separate ego but one with the flowing universe. A charismatic, hard-living sage, he became a guru of the 1960s counterculture.",,"Wikipedia 'Alan Watts' (born 6 January 1915 in Chislehurst; died 16 November 1973 at Mandala House, Druid Heights, on the southwest flank of Mount Tamalpais in Marin County; left the Episcopal priesthood in 1950); Tricycle magazine profile 'The Sensualist'"
Albert Camus,bio,,1913,1960,"Mondovi (Drean), Algeria","Villeblevin, France","A French-Algerian writer and philosopher, one of the great moral voices of the twentieth century. Born poor in French Algeria and raised by a nearly silent, illiterate mother, he became a novelist, playwright, journalist and wartime Resistance editor. His novels The Stranger and The Plague and the essays The Myth of Sisyphus and The Rebel explore the 'absurd', the clash between our hunger for meaning and a silent universe, and answer it not with despair but with lucid revolt, solidarity and love of life. He won the Nobel Prize in 1957 and, two years later, at forty-six, died in a car crash.",Killed in a car crash at Villeblevin in the Yonne; the Nobel Foundation's record gives the nearby town of Sens instead.,"nobelprize.org laureate record (born 7 November 1913 at Mondovi, French Algeria; died 4 January 1960; literature prize of 1957, presented 10 December 1957); Wikipedia 'Albert Camus' infobox (Villeblevin)"
Albert Einstein,bio,,1879,1955,"Ulm, Germany","Princeton, New Jersey, USA","A German-born theoretical physicist whose work remade our picture of reality. In 1905, his 'miracle year', while working as a Swiss patent clerk, he published papers on the light quantum, on Brownian motion and on special relativity, uniting space and time and giving the equation E=mc2. A decade later his general theory of relativity recast gravity as the curving of spacetime, confirmed when starlight was seen to bend around the sun. He won the Nobel Prize in 1921 and, a Jew and a pacifist, fled Nazi Germany for Princeton, where he lived out his last decades and warned against the atomic weapons his physics had made possible.",,"nobelprize.org laureate record (born 14 March 1879 in Ulm; died 18 April 1955 in Princeton, New Jersey; physics prize of 1921 for the law of the photoelectric effect); Wikipedia 'Albert Einstein' infobox and the 1905 and 1915 publication dates"
Albert Schweitzer,bio,,1875,1965,"Kaysersberg, Alsace, France","Lambarene, Gabon","An Alsatian polymath who gave up brilliant European careers to become a jungle doctor in Africa. Already renowned as a theologian, philosopher and organist and a leading interpreter of Bach, he trained in his thirties as a physician and in 1913 founded a hospital at Lambarene in what is now Gabon, where he served for most of the rest of his life. His ethic of 'reverence for life', a boundless responsibility toward every living thing, won him the Nobel Peace Prize in 1952, which he used to speak out against nuclear weapons. Revered in his day as a living saint, he remains a symbol of self-sacrifice.",Alsace was part of Germany at his birth.,"nobelprize.org laureate record (born 14 January 1875 at Kaysersberg, then in Germany; died 4 September 1965 at Lambarene, Gabon; peace prize of 1952, cited for his 'reverence for life'); Wikipedia 'Albert Schweitzer' infobox (Alsace-Lorraine, German Empire; medical study from 1905, hospital founded 1913)"
Alexis Carrel,bio,,1873,1944,"Sainte-Foy-les-Lyon, France","Paris, France","A French surgeon and biologist whose brilliance was later shadowed by his politics. Working in the United States, he pioneered techniques for sewing blood vessels together and for keeping tissues and organs alive outside the body, advances that made modern vascular and transplant surgery possible and won him the Nobel Prize in Medicine in 1912. His hugely popular book Man, the Unknown, however, called for the renewal of humankind through eugenics, in terms that anticipated Nazi thinking, and his reputation fell sharply after his death for his role under the Vichy regime.",,"nobelprize.org laureate record (born 28 June 1873 at Sainte-Foy-les-Lyon; died 5 November 1944 in Paris; prize of 1912 for vascular suture and the transplantation of blood vessels and organs); Wikipedia 'Alexis Carrel' (Man, the Unknown, 1935; his role under Vichy)"
Alfred A. Montapert,bio,,1906,1997,"Norwich, Connecticut, USA","Glendale, California, USA","An American businessman who became a prolific author of popular self-improvement books built around aphorisms and 'laws of life'. Four decades in business, most of them in Los Angeles, lay behind the anthology Distilled Wisdom (1964), a planning manual for executives (1967) and, above all, The Supreme Philosophy of Man: The Laws of Life (Prentice-Hall, 1970), which was reprinted for decades and translated into French. Words of Wisdom to Live By (1986) gathered his own maxims on work, health and happiness, short and emphatic lines that still circulate widely, though little was publicly recorded of his private life.","Dates from the FamilySearch record set: born at Norwich, Connecticut, on 15 July 1906, died at Glendale, California, on 19 September 1997 and buried at Forest Lawn. The ledger's death year of 2007 and the variant birth year of 1912 are unsupported.","FamilySearch Ancestors record for Alfred Armand Montapert, drawn from the Connecticut birth register and California marriage and death records; Open Library and the Notre Dame library catalogue for The Supreme Philosophy of Man (Prentice-Hall, 1970) and Distilled Wisdom (1964); the 'About the author' note in Distilled Wisdom, read through Internet Archive full-text search"
Ali Owens,bio,,unknown,,,,"A contemporary American writer, speaker and self-love advocate who grew up in Fort Collins, Colorado, and lives there still. Drawing on her own recovery from an abusive relationship and years of disordered eating, she published Bad Fat Person (2019), part memoir and part social commentary on body image, fatness and unconditional self-regard, and has written essays for the Huffington Post and other outlets. She speaks on body positivity and vulnerability, and her short, encouraging reflections on self-worth and inner freedom circulate on social media and quotation sites, though little is publicly recorded of her early life or exact dates.","Moved to Fort Collins, Colorado, from southern California at the age of five; her birthplace is not documented and her birth year is not on record.","Publisher's author note for Bad Fat Person (Ali Owens LLC, 2019); Cohere coworking member profile interview, Fort Collins; The Powerful Ladies podcast interview"
Anais Nin,bio,,1903,1977,"Neuilly-sur-Seine, France","Los Angeles, California, USA","A French-born writer of Cuban and Danish descent, known above all for the diaries she kept from the age of eleven until her death, published from 1966 onward. She lived in Paris in the 1930s, where she was close to Henry Miller, and later in New York and Los Angeles. Her other work includes the novels collected as Cities of the Interior and the erotica published as Delta of Venus (1977).",,Written from general reference knowledge on 2026-09-29 without access to sources; to be verified.
Anatole France,bio,,1844,1924,"Paris, France","Saint-Cyr-sur-Loire, France","A French novelist, poet and critic, born Jacques Anatole François Thibault, the son of a Paris bookseller. His works include The Crime of Sylvestre Bonnard (1881), Thaïs (1890) and The Gods Are Athirst (1912), written in a clear, ironic and sceptical style. He supported Alfred Dreyfus during the Dreyfus affair. He was elected to the Académie française in 1896 and received the Nobel Prize in Literature in 1921.",,Written from general reference knowledge on 2026-09-29 without access to sources; to be verified.
Andrea Balt,bio,,unknown,,,,"A contemporary writer, editor and teacher of what she calls self-creation, who in September 2012 co-founded the online magazine and creative community Rebelle Society and has edited it since. Trained in journalism and mass communication, with an MFA in creative writing and a holistic health coach's certificate, she went on to build the platforms Creative Rehab, Write Yourself Alive and the Self-Creation School, to help people heal and remake their lives through writing and other art. Her brief, energetic reflections on creativity, self-expression and being fully alive circulate widely online, though little is publicly recorded of her birth or early life.","Rebelle Society was founded in September 2012 with Tanya Lee Markul, its co-founder and chief editor until 2015, though Balt's current byline calls her its founder. Nothing found supports the earlier claim that she is a certified yoga teacher. Birth year and birthplace are not on record.","Balt's author byline and the about page at rebellesociety.com; her Elephant Journal contributor profile (degrees and health-coach certificate); publisher's description of Best of Rebelle Society, Volume I ('founded in September 2012'); Tanya Lee Markul's LinkedIn record as co-founder and chief editor, 2012 to 2015"
Anne Lamott,bio,,1954,,"San Francisco, California, USA",,"An American novelist and essayist beloved for her honest, funny and generous writing on faith, addiction, motherhood and the writing life. Raised in the San Francisco Bay Area, she drew on her own struggles with alcoholism, single parenthood and belief in books that mix confession, comedy and grace. Her guide to writing, Bird by Bird, with its counsel to take hard things 'bird by bird', has become a classic of the craft, and Traveling Mercies and other memoirs made her a distinctive Christian voice: unorthodox, progressive and self-deprecating. She is also a longtime teacher and popular speaker.",,"Wikipedia 'Anne Lamott' infobox (born 10 April 1954 in San Francisco), with the article's bibliography for Bird by Bird (1994) and Traveling Mercies (1999)"
Annie Dillard,bio,,1945,,"Pittsburgh, Pennsylvania, USA",,"An American author who won the Pulitzer Prize at twenty-nine for Pilgrim at Tinker Creek, a rapt, searching book of observations of the natural world near her Virginia home. Trained in theology and writing, she brings a mystic's intensity and a naturalist's precision to questions of beauty, cruelty, God and mortality. Across essays, poetry, memoir and the novel The Living, she treats seeing clearly and paying attention as almost a spiritual discipline. Her slender, dense meditation The Writing Life and books such as Holy the Firm are prized for their sentence-by-sentence brilliance.",,"Britannica 'Annie Dillard' (born 30 April 1945 in Pittsburgh; Hollins College B.A. 1967, M.A. 1968, in English, theology and creative writing); Yale University Library finding aid to the Annie Dillard papers (Pulitzer at twenty-nine; M.A. thesis 'Walden Pond and Thoreau'); anniedillard.com curriculum vitae; Wikipedia '1975 Pulitzer Prize' (board decision of 11 April 1975)"
Anthony Burgess,bio,,1917,1993,"Manchester, England","London, England","A prodigiously versatile English writer and composer, best known for the dystopian novel A Clockwork Orange. Raised Catholic in Manchester and long a schoolteacher, including in colonial Malaya, he published his first novel at thirty-nine and had almost finished his Malayan trilogy when, late in 1959, he collapsed in a Brunei classroom and was told, wrongly, that a brain tumour left him a year to live; he then wrote at a furious pace to provide for his wife. His novel of a violent youth and a chilling state 'cure', with its invented Russian-tinged slang, became a byword for debates about free will and violence. He also composed music, reviewed voraciously and produced dozens of erudite, playful and linguistically dazzling books.",,Britannica; International Anthony Burgess Foundation biography; Encyclopedia.com; English Wikipedia
Anthony D'Angelo,bio,,unknown,,,,"An American author, speaker and educational entrepreneur working in personal development for students. Writing as a graduating senior, he produced The College Blue Book (1995), a pocket collection of brief, upbeat maxims urging readers to pursue their passions, keep learning and become a lifelong student of life; it went past 100,000 copies in print and its sayings now circulate very widely online. He went on to found Collegiate EmPowerment, a non-profit that coaches young people, to lecture at more than 2,500 American campuses, and to serve as leading contributing author of Chicken Soup for the College Soul. Comparatively little biographical detail about him is publicly recorded.","Publishes as Anthony J. D'Angelo; birth year not on record, and no source records a birthplace, so the field is empty. No evidence that he coined 'the Inspiration Generation', and no book of his called Inspiration for the Spirit could be found; his later titles form the Inspiration Book Series (Inspiration for RAs, for Greeks, for Student Leaders).","Collegiate EmPowerment official biography; Google Books and Open Library records for The College Blue Book (Arkad Press, 1995); Internet Archive full-text search"
Antoine de Saint-Exupery,alias,Antoine de Saint-Exupéry,,,,,,"Same person, accent dropped in one source spelling.",
Antoine de Saint-Exupéry,bio,,1900,1944,"Lyon, France",Mediterranean Sea (lost in flight),"A French aviator and writer who turned the perilous early years of flight into literature. Carrying mail over the Pyrenees, the Sahara and the Andes for the pioneering Aeropostale, he drew on that life in lyrical books such as Night Flight and Wind, Sand and Stars, meditations on danger, courage and human solidarity. Exiled in New York during the Second World War, he wrote and illustrated The Little Prince, a deceptively simple fable that became one of the most translated books ever written. He then returned to fly reconnaissance for the Free French and vanished over the Mediterranean in the summer of 1944.",Presumed died 31 July 1944; his aircraft was later found off Marseille.,"English Wikipedia; Encyclopedia.com; This Day in Aviation (birth at rue Payrat, Lyon, 29 June 1900)"
Antonio Machado,bio,,1875,1939,"Seville, Spain","Collioure, France","One of Spain's greatest modern poets and a leading voice of the Generation of '98. Born in Seville and raised in Madrid, he taught French for a living and spent formative years in the old Castilian town of Soria, whose stark landscape and the early death of his young wife haunt his spare, meditative verse. Collections such as Solitudes and Fields of Castile turn plain words, roads, rivers and the passing of time into a quiet philosophy. A committed republican, he left Barcelona as Franco's troops closed in and crossed the French border in the last days of January 1939, reaching the coastal village of Collioure ill and exhausted; he died there less than a month later, three days before his mother.",,"English Wikipedia; Fondation Antonio Machado de Collioure; El País, 15 February 2019; Público, 22 February 2020"
Aristotle,bio,,384 BC,322 BC,"Stagira, Greece","Chalcis, Euboea, Greece","A Greek philosopher and polymath whose range and influence are almost without parallel. Born at Stagira in the north, he studied for twenty years under Plato at the Academy in Athens, then tutored the young Alexander the Great, and later founded his own school, the Lyceum. He wrote on nearly everything: logic, which he all but invented, physics, biology, metaphysics, ethics, politics, rhetoric and poetics. His insistence on observation and system, and his ideas of virtue as a mean and of the good life as flourishing, shaped medieval Christian, Jewish and Islamic thought and still underpin much of Western science and philosophy.",,Britannica; Stanford Encyclopedia of Philosophy; Internet Encyclopedia of Philosophy
Arleen Lorrance,bio,,unknown,,"Brooklyn, New York, USA",,"An American teacher, actress and author, and the originator of The Love Project. Born Arleen Udoff in Brooklyn, she acted professionally for years, studying under Uta Hagen, before teaching speech and theatre at a Brooklyn high school. There, in 1970, she launched The Love Project, an experiment in transforming a troubled school through unconditional love, and formulated a set of 'Love Principles', among them 'Be the change you want to see', a line often later credited to Gandhi. She has since written more than a dozen books and co-directs the Teleos Institute in Arizona.","Coined 'Be the change' in 1970, a phrase frequently misattributed to Gandhi. Birth year not on record.",Teleos Institute biography and Love Principles pages (consciousnesswork.com); her own author statement; Quote Investigator
Arthur Ashe,bio,,1943,1993,"Richmond, Virginia, USA","New York City, USA","An American tennis champion and humanitarian, the first Black man to win the US Open, the Australian Open and Wimbledon. Raised under segregation in Richmond, Virginia, he rose to the top of a nearly all-white sport, then used his fame for larger causes, campaigning against apartheid and for education and health. Forced to retire by heart disease, he contracted HIV from a blood transfusion and, once his illness became public, spent his final months as an eloquent advocate for AIDS awareness. He died at forty-nine, remembered for his character as much as his game.",,Britannica; Encyclopedia Virginia; International Tennis Hall of Fame; English Wikipedia
Arthur Rubinstein,bio,,1887,1982,"Lodz, Poland","Geneva, Switzerland","A Polish-American pianist widely regarded as one of the greatest of the twentieth century. A prodigy from Lodz who first played in public as a small boy, he went on to a career of more than eight decades, admired above all for his Chopin, which combined warmth, colour and aristocratic ease. After a wayward, pleasure-loving youth he rededicated himself to his art in middle age and reached new heights. Famously charming, cultured and full of life, he went on giving recitals into his late eighties, and championed Spanish and modern music alongside the Romantic repertoire he loved.",,English Wikipedia; Steinway & Sons artist page
B.K.S. Iyengar,bio,,1918,2014,"Bellur, Karnataka, India","Pune, India","An Indian yoga master who did more than almost anyone to spread the practice of yoga around the world. Born into poverty in Karnataka and sickly as a child, he took up yoga to strengthen his frail body, then developed a rigorous, precise method that emphasises exact bodily alignment and the long holding of postures, often with the aid of props he devised. His book Light on Yoga became an international classic, and the institute he built in Pune drew students from everywhere. Through the discipline that bears his name, Iyengar Yoga, he helped turn an ancient spiritual practice into a global phenomenon.",,"English Wikipedia; BBC News, 20 August 2014; Yoga Journal; Yoga International"
Benjamin Disraeli,bio,,1804,1881,"London, England","London, England","A British statesman and novelist who twice served as prime minister and did much to shape modern Conservatism. Of Italian-Jewish descent and baptised a Christian as a boy, he overcame prejudice and early debts to rise through Parliament by wit, ambition and dazzling oratory. As Lord Derby's chancellor he carried the Reform Act of 1867, which roughly doubled the electorate; as prime minister he pursued an assertive imperial policy and made Queen Victoria, who came to prefer him to any of her ministers, Empress of India. A glittering rival to Gladstone, he was also a successful novelist, whose books such as Sybil dramatised the gulf between rich and poor, 'the two nations', in Victorian Britain.",,Britannica; GOV.UK past prime ministers; UK History of Government blog; Museum of the Prime Minister
Bernard Baruch,bio,,1870,1965,"Camden, South Carolina, USA","New York City, USA","An American financier and statesman who became known as an elder adviser to presidents. The son of a South Carolina doctor, he made a great fortune speculating on Wall Street before he was thirty, then turned to public service, mobilising American industry in the First World War as chairman of the War Industries Board and advising presidents from Wilson to Truman, for whom he put the 1946 Baruch Plan for international control of atomic energy to the United Nations. Fond of thinking in the open air, he was nicknamed the 'park bench statesman'. Shrewd, independent and endlessly quotable, he dispensed plain-spoken wisdom on money, politics and human nature well into a long old age.",,Britannica; Encyclopedia.com; Nuclear Museum (Atomic Heritage Foundation) profile; English Wikipedia
Billie Joe Armstrong,bio,,1972,,"Oakland, California, USA",,"An American singer, guitarist and songwriter, the co-founder and frontman of the punk-rock band Green Day. Raised in the working-class town of Rodeo, near the San Francisco Bay, he formed the band with a schoolfriend as a teenager, and their 1994 album Dookie carried a new wave of pop-punk into the mainstream. A decade later the ambitious rock opera American Idiot, a jaundiced portrait of Bush-era America, revived the band and even reached Broadway. Restless and prolific, Armstrong has written some of the most widely sung anthems of his generation while keeping a punk's suspicion of authority.",,English Wikipedia (Billie Joe Armstrong; Green Day); Green Day Authority biography
Blaise Pascal,bio,,1623,1662,"Clermont-Ferrand, France","Paris, France","A French mathematician, physicist and religious thinker of dazzling gifts who died at thirty-nine. A child prodigy, he founded the theory of probability with Fermat, built one of the first mechanical calculators, and proved fundamental results about air pressure and the vacuum. A profound religious experience drew him toward the austere Catholicism of Port-Royal, which he defended in the witty Provincial Letters. His unfinished notes toward a defence of Christianity, published after his death as the Pensees, contain some of the most searching writing ever set down on faith, doubt and the contradictions of the human condition.",,Stanford Encyclopedia of Philosophy; Internet Encyclopedia of Philosophy; Britannica; Bibliothèques Clermont Métropole Pascal pages
Blind Woman,traditional,,,,,,,"Unnamed character in the Paris segment of the film Night on Earth (1991), written and directed by Jim Jarmusch, played by Béatrice Dalle. No personal bio.",
Brené Brown,bio,,1965,,"San Antonio, Texas, USA",,"An American research professor and author who turned the academic study of difficult emotions into a message for millions. A social worker and professor at the University of Houston, she spent years studying shame, vulnerability, courage and connection. A 2010 talk on the power of vulnerability became one of the most watched of all time and made her, unexpectedly, a public figure. In best-sellers such as Daring Greatly and Rising Strong, and in later work on leadership, she argues that allowing ourselves to be truly seen, imperfections and all, is not weakness but the source of courage, creativity and belonging.",,brenebrown.com; Simon & Schuster author page; UT Austin commencement biography; English Wikipedia
Bruce Lee,bio,,1940,1973,"San Francisco, California, USA","Kowloon, Hong Kong","A Hong Kong-American martial artist, actor and philosopher who became a global icon and transformed the martial arts on film. Born in San Francisco and raised in Hong Kong, he studied kung fu as a rebellious youth, then returned to the United States, where he taught and refined his own fluid, pragmatic fighting philosophy, Jeet Kune Do. Charismatic and astonishingly fast, he broke Hollywood's stereotypes of Asians in a handful of films, above all Enter the Dragon, released just after his sudden death at thirty-two. Beyond the screen he left writings on self-expression and the adaptable mind.",,English Wikipedia; Bruce Lee Foundation timeline; brucelee.com; AFI Catalog (Enter the Dragon)
Bryant McGill,bio,,unknown,,USA,,"An American author, aphorist and speaker known for short, uplifting maxims on personal growth, kindness and human rights, which are reshared online in enormous numbers. He first published reference works, the McGill English Dictionary of Rhyme among them, then gathered his own lines in Voice of Reason (2012) and, with Jenni Young, in Simple Reminders (2015), a bestseller that gave its name to their publishing venture. His writing casts self-improvement in the language of dignity, compassion and personal freedom, and he has campaigned on non-violence and gender equality with United Nations bodies.","Birth year and birthplace still not established from a citable source: the widely repeated 7 November 1969, Mobile, Alabama appears only in mirrors of a deleted Wikipedia article and on content farms, and no library authority record exists. Career detail rests largely on his own site and publisher pages.","bryantmcgill.org, LinkedIn and Amazon author pages (his own accounts); Voice of Reason (2012) and Simple Reminders (2015) publication data; LC name authority file searched, no record; EverybodyWiki, Alchetron, biographies.net and famousbirthdays rejected as sources"
Buckminster Fuller,bio,,1895,1983,"Milton, Massachusetts, USA","Los Angeles, California, USA","An American architect, inventor, designer and futurist who preached doing 'more with less' for all humanity. After early failure and despair, he resolved to devote his life to serving the world through what he called design science. He is best known for the geodesic dome, the light, strong, sphere-like structure that became his signature, and for popularising 'Spaceship Earth', the phrase his Operating Manual for Spaceship Earth carried to a wide public. Restlessly inventive, he coined 'tensegrity' and 'synergetics', produced the Dymaxion car and house, striking world maps and bold schemes for housing and energy, and travelled the globe lecturing tirelessly on how technology might let everyone thrive on a finite planet.","'Spaceship Earth' was not his coinage: Henry George used the image in Progress and Poverty (1879), and Adlai Stevenson (1965) and Kenneth Boulding (1966) used the phrase before Fuller made it current.","Britannica; Buckminster Fuller Institute biography; MacTutor biography; Wikipedia on Fuller and on Spaceship Earth (George 1879, Stevenson 1965, Boulding 1966)"
Buddha,bio,,c. 563 BC,c. 483 BC,"Lumbini, Nepal","Kushinagar, India","The founder of Buddhism and one of the most influential figures in human history. Born a prince of the Shakya clan named Siddhartha Gautama, he left his palace at twenty-nine, disturbed by the sight of age, sickness and death, and took up the life of a wandering ascetic. After years of searching he is said to have awakened under a fig tree at Bodh Gaya, and for the next forty-five years he taught across the plains of the Ganges a middle way between indulgence and self-denial, setting out the Four Noble Truths and the Eightfold Path that lead beyond suffering.",Traditional dates; modern scholarship variously places his death nearer 400 BC. Personal name Siddhartha Gautama.,Britannica (Buddha; Buddhism); Wikipedia 'The Buddha' on the traditional and the revised chronologies
Byron Pulsifer,bio,,unknown,,,,"A Canadian writer of short inspirational prose and verse who lives in New Brunswick. He worked as a criminologist in the justice and social-justice systems and then led an employee assistance programme, coming to motivational writing and seminars out of that career. With his wife and co-author Catherine, whose words-of-wisdom website the two registered as wow4u.com in 1999, he self-publishes guides such as the Finding My Purpose in Life Guidebook and The Road to Joy and Happiness. His brief pieces on perseverance, attitude and purpose circulate very widely on quotation sites, usually with no source given, and little beyond his own account of himself is on record.","Birthplace emptied: nothing records where he was born, only that he lives in New Brunswick, Canada. 'A Year of Motivation' is dropped from the bio, having no catalogue record, as is the claim that he founded wow4u.com: Catherine Pulsifer began that site in 1997-98 and the couple registered the domain in March 1999. Frequently co-writes with Catherine Pulsifer.","wow4u.com biography pages for Byron and Catherine Pulsifer (their own site); Pulsifer Books title pages via AbeBooks and Everand; catalogues searched for 'A Year of Motivation', nothing found; glasp.co and similar quote sites rejected as sources"
Cardinal de Retz (Jean François Paul de Gondi),bio,,1613,1679,"Montmirail, France","Paris, France","A French cardinal, political intriguer and one of the great memoirists in the language. Born Jean Francois Paul de Gondi, he was pushed into the church against his restless, ambitious nature, and became a leading agitator in the Fronde, the mid-century revolt of nobles and the parlement against the crown and Cardinal Mazarin. Imprisoned and then exiled after its failure, he spent his last years writing Memoirs of extraordinary vividness and psychological insight, painting the personalities and manoeuvres of his age with a cynical, penetrating eye. They rank among the finest French prose of the seventeenth century.",,"Britannica; New Catholic Encyclopedia via Encyclopedia.com; Catholic-Hierarchy record (born Montmirail 20 Sept 1613, died Paris 24 Aug 1679); Wikipedia"
Carl Jung,bio,,1875,1961,"Kesswil, Switzerland","Kusnacht, Switzerland","A Swiss psychiatrist who founded analytical psychology. An early collaborator of Freud, he broke with him over the nature of the unconscious, which Jung saw as far more than a store of repressed desire. He proposed a deeper 'collective unconscious' shared by all humanity and peopled by archetypes, primordial images such as the shadow, the anima and the self that surface in dreams, myth and religion. He brought the terms introvert and extravert into psychology, defining them as the directions in which psychic energy flows, explored alchemy, astrology and Eastern thought, and understood life as a lifelong process of individuation, the gradual integration of the psyche toward wholeness.","Jung introduced introversion and extraversion as psychological types, first in a 1909 Clark University lecture and systematically in Psychologische Typen (1921), but he did not coin the words, which had earlier currency in European thought.",Britannica; Wikipedia on Jung and on extraversion and introversion; Philemon Foundation introduction to The Question of Psychological Types
Carl Sandburg,bio,,1878,1967,"Galesburg, Illinois, USA","Flat Rock, North Carolina, USA","An American poet, biographer and folk-song collector, a bard of the industrial Midwest and its working people. The son of Swedish immigrants in Illinois, he left school early, rode the rails and worked many jobs before finding his voice in free verse of plain, muscular American speech, hailing Chicago as the 'City of the Big Shoulders'. He won Pulitzer Prizes both for his poetry and for his monumental life of Abraham Lincoln, and toured the country reciting his verse and singing the folk songs he had gathered. Warm, rumpled and democratic, he became one of the best-loved literary figures of his day.",,"Wikipedia; National Park Service, Carl Sandburg Home National Historic Site; PBS American Masters timeline; northcarolinahistory.org (Pulitzers of 1940 for The War Years and 1951 for Complete Poems)"
Caroline Myss,bio,,1952,,"Chicago, Illinois, USA",,"An American author and speaker on spirituality, consciousness and healing, who describes herself as a 'medical intuitive', claiming to sense the energetic and emotional roots of physical illness. Trained in journalism and then theology, she co-founded the publisher Stillpoint in New Hampshire and worked with the physician C. Norman Shealy before her own books made her famous: Anatomy of the Spirit (1996), which links the body's energy centres to psychology and spirit, and, in the next decade, Sacred Contracts. A dynamic lecturer, she teaches that our biography becomes our biology and that healing is bound up with forgiveness, power and meaning. She has a wide following, though her ideas are viewed sceptically by mainstream medicine.","Born 2 December 1952 in Chicago. Sacred Contracts belongs to the 2000s, so the bio no longer counts it among the 1990s books that made her name; her degrees are a journalism BA (1974) and a theology MA (1979).",myss.com press biography (her own site); Wikipedia; Encyclopedia.com (Contemporary Authors entry on Myss)
Cato the Elder,bio,,234 BC,149 BC,"Tusculum, Italy",,"A Roman senator, soldier and writer, the very model of old-fashioned Roman severity. A self-made man from the farming class, he rose to the highest offices, campaigned in Spain and Greece, and as censor policed public morals with famous strictness, taxing luxury and purging the Senate. Suspicious of Greek refinement and of Rome's great rival, he is said to have ended every speech, whatever its subject, with the demand that Carthage be destroyed. He also composed the first history of Rome written in Latin and a blunt, practical manual on running a farm.","Cato the Elder, or the Censor, to distinguish him from his great-grandson. Deathplace emptied: he died in 149 BC but no ancient source records where. Plutarch has news reaching him at Rome shortly before the end, and 'Rome' was an inference from that.","Britannica; Wikipedia; Plutarch, Life of Cato the Elder ch. 27 (Perseus and the Loeb text via Bill Thayer's Penelope)"
Charles Baudelaire,bio,,1821,1867,"Paris, France","Paris, France","A French poet and critic who stands at the threshold of modern poetry. A dandy and spendthrift in bohemian Paris, he distilled the beauty and squalor of the modern city into Les Fleurs du mal, a book so frank about sex, decay and despair that he and his publisher were prosecuted for offending public morals. He wrote of the artificial and the fleeting, gave the idea of 'modernity' its meaning, and championed Wagner and Delacroix as a pioneering critic. His prose poems and his translations of Edgar Allan Poe were as influential as his verse. Ill and impoverished, he died at forty-six, his true reputation still to come.",,Wikipedia; Encyclopedia.com (Baudelaire); The Art Story chronology of the 1857 prosecution and the Poe translations
Charles Bukowski,bio,,1920,1994,"Andernach, Germany","San Pedro, California, USA","A German-born American writer who became the laureate of skid row. Brought to Los Angeles as a small child, he endured a violent father and disfiguring acne, then passed decades in low-paying jobs, rented rooms and bars, publishing little until his forties. Taken up by the small press Black Sparrow, he poured out poems, stories and novels in a plain, hard-bitten voice, most of it filtered through his drinking, womanising alter ego Henry Chinaski. Books such as Post Office and Ham on Rye made him an unlikely cult hero, prized for honesty, endurance and the battered dignity of the down-and-out.","Died at San Pedro Peninsula Hospital in San Pedro, the Los Angeles port district where he lived, rather than in Los Angeles at large; he is buried at Green Hills Memorial Park, Rancho Palos Verdes. Sounes dates the family's move from Baltimore to Los Angeles to 1924, when he was three.","New York Times obituary, 11 March 1994; UPI, 10 March 1994; Howard Sounes, Charles Bukowski: Locked in the Arms of a Crazy Life (extract on the publisher's site); Wikipedia"
Charles Goodhart,bio,,1936,,"Oxford, England",,"A British economist and central bank adviser best known for the principle that bears his name. He spent seventeen years at the Bank of England, becoming a chief adviser in 1980, then held the chair of banking and finance at the London School of Economics and sat on the Bank's first Monetary Policy Committee from 1997 to 2000. In a 1975 paper he observed that once a measure of the economy is made a target of policy, people adjust their behaviour and it stops being a reliable measure, an insight now known as Goodhart's law and applied far beyond economics, wherever a metric becomes a goal. He has remained an influential voice on money, regulation and the inflationary pull of ageing populations.","Born 23 October 1936 in Oxford, so the birthplace is no longer left at the country. He is living, aged 89, which the closing sentence now reflects. The pithy 'when a measure becomes a target, it ceases to be a good measure' is Marilyn Strathern's 1997 restatement; his own 1975 formulation is more technical.",Wikipedia; LSE Financial Markets Group staff profile; LSE and Bank of England conference page for his 90th-birthday conference
Charles Kettering,bio,,1876,1958,"Loudonville, Ohio, USA","Dayton, Ohio, USA","An American engineer and prolific inventor whose work reshaped the automobile and daily life. A farm boy from Ohio, he headed research at General Motors for decades and held nearly two hundred patents. His electric self-starter freed drivers from the dangerous hand crank and helped make the car practical for everyone; he also developed lighting and electrical systems, quick-drying paints and much else, and helped found a major cancer research institute. A tireless optimist about invention, he liked to say he was interested in the future because he meant to spend the rest of his life there.",,"Britannica; Wikipedia (186 patents; GM research 1920-47); Engineering and Technology History Wiki; Quote Investigator on 'spend the rest of our lives there', which cites Kettering's own speeches of 1938 and 1939"
Charles Montgomery,bio,,1968,,"North Vancouver, British Columbia, Canada",,"A Canadian journalist and author who writes about how the design of cities shapes human happiness. Based in Vancouver, he spent years reporting on urban life and travelled the world talking to planners, psychologists and ordinary residents. The result, his book Happy City, argues with evidence from social science that the way we build streets, transport and public space powerfully affects our wellbeing, our health and our sense of connection to one another. Through writing, experiments and workshops he has become an influential advocate for designing cities around human flourishing rather than the car.",Born in 1968 in North Vancouver; he grew up on a farm on Vancouver Island and lives in Vancouver.,"Wikipedia (Charles Montgomery, writer); charlesmontgomery.ca (his own site); BMW Guggenheim Lab contributor page"
Charles W. Eliot,bio,,1834,1926,"Boston, Massachusetts, USA","Northeast Harbor, Maine, USA","An American educator who, as president of Harvard for forty years, transformed it from a small college into a modern research university and reshaped American higher education. A chemist by training, he took the helm in 1869 and introduced the elective system, letting students choose their studies, raised professional standards in law and medicine, and turned the university's ambitions outward. In retirement he edited the celebrated Harvard Classics, a five-foot shelf of great books meant to give any diligent reader a liberal education. Few individuals did more to shape how Americans go to university.",,Britannica; Wikipedia; Harvard's own page on Eliot's presidency; Harvard Square Library biography
Chuck Palahniuk,bio,,1962,,"Pasco, Washington, USA",,"An American novelist and the leading voice of a bleakly comic, transgressive strain of fiction. A former mechanic and journalist from the Pacific Northwest, he broke through with Fight Club, whose disaffected narrator and anarchic alter ego Tyler Durden became emblems of male alienation, especially after David Fincher's film. His spare, punchy, deliberately disturbing novels satirise consumer culture, loneliness and the hunger for meaning, often through shocking set pieces. Prolific and cult-adored, he has written many further books exploring the underside of modern American life.",,"Britannica; Wikipedia; Encyclopedia.com (Contemporary Authors, b. 21 Feb 1962 Pasco, WA); Palahniuk's own account of his thirteen years at Freightliner on his Substack"
Confucius,bio,,c. 551 BC,479 BC,"Zou, state of Lu (near Qufu), China","Qufu, China","The most influential philosopher in Chinese history, whose teaching shaped the ethics and government of East Asia for two thousand years. Born into a poor family of fallen nobility in the state of Lu, he worked as a minor official and then as a teacher, gathering disciples and travelling from court to court in a vain search for a ruler who would put his ideas into practice. He preached virtue, ritual propriety, learning and respect for family, and a golden rule of not doing to others what you would not want done to yourself. His sayings, collected by followers after his death in the Analects, became the foundation of the Confucian tradition.",,"Britannica (b. 551 BCE Qufu, state of Lu; d. 479 BCE in Lu); Wikipedia (Zou, in modern Qufu); Analects 15.23 for the negative golden rule"
Daisetz Teitaro Suzuki,bio,,1870,1966,"Kanazawa, Japan","Tokyo, Japan","A Japanese scholar and author who did more than any other single person to introduce Zen Buddhism to the West. Deeply versed in both Buddhist tradition and Western philosophy, and married to an American, he spent years in the United States and wrote prolifically in English, making the once-obscure practice of Zen accessible to Western readers. His many books shaped how the mid-twentieth-century West understood Zen, influencing artists, psychologists and the Beat writers and feeding a broad postwar fascination with Eastern spirituality. He went on lecturing and writing into his nineties.","Also known as D. T. Suzuki. Britannica gives Kamakura, where he lived, as his place of death; the D. T. Suzuki Museum in Kanazawa and the Matsugaoka Bunko chronology both record that he died at St Luke's International Hospital in Tokyo on 12 July 1966.",Britannica; D. T. Suzuki Museum (Kanazawa) chronology; Matsugaoka Bunko chronology; Association for Asian Studies biographical summary; Wikipedia on Beatrice Erskine Lane Suzuki
Dalai Lama,bio,,1935,,"Taktser, Amdo (now Qinghai), China",,"Spiritual leader of Tibetan Buddhism and, for many, the face of Tibet itself. Recognised at the age of two as the reincarnation of his predecessor, the son of a farming family in Amdo was enthroned in Lhasa in February 1940 and assumed full temporal power only in November 1950, at fifteen, as Chinese forces advanced. After the failed Lhasa uprising of 1959 he fled across the Himalayas to India, and has led a government-in-exile and a scattered people ever since. Preaching nonviolence, compassion and dialogue between science and religion, he won the Nobel Peace Prize in 1989 and became one of the world's most recognised spiritual figures, devolving his political authority to an elected Tibetan leadership in 2011.",Personal name Tenzin Gyatso.,Official biography and chronology of events at dalailama.com; Central Tibetan Administration press note on the 1940 enthronement; Wikipedia
Dale Carnegie,bio,,1888,1955,"Maryville, Missouri, USA","Forest Hills, New York, USA","An American writer and lecturer who founded the modern self-improvement industry. Born poor on a Missouri farm, he tried salesmanship and acting before finding his calling teaching courses in public speaking and human relations. His 1936 book How to Win Friends and Influence People, full of practical advice on getting along with others, becoming genuinely interested in them and making them feel important, became one of the best-selling books of all time and remains in print. His courses in confidence and communication have been taken by millions, and his homely, upbeat philosophy still colours American business culture.",,"Britannica (d. 1 Nov 1955, Forest Hills, New York); Britannica Kids; Wikipedia"
Dale Partridge,bio,,1985,,"Upland, California, USA",,"An American entrepreneur turned pastor and author, who writes on business, leadership and Reformed Christian faith. Raised in southern California, he started businesses in his late teens and in 2011 co-founded Sevenly, a retail startup that gave a share of every sale to charity; his 2015 book People Over Profit argued for honesty, generosity and purpose in commerce and reached the Wall Street Journal bestseller list. He left the business world for ministry in 2017, and since 2023 has been lead pastor of King's Way Reformed Church in Prescott, Arizona, running the digital ministry Relearn.org and Reformation Seminary and reaching a large online following.","Born 10 April 1985 in Upland, California. The Library of Congress name authority gives 'Partridge, Dale, 1985-'.","Library of Congress name authority (Partridge, Dale, 1985-); Wikipedia; King's Way Reformed Church staff page"
Danielle LaPorte,bio,,1969,,"Windsor, Ontario, Canada",,"A Canadian author, speaker and entrepreneur in the self-help and spirituality field. Born in Windsor, Ontario, and raised in rural Essex County, she first made her name with The Fire Starter Sessions, a brisk guide to building a business and a life on one's own terms, and then with The Desire Map, which urges readers to plan their lives around how they want to feel rather than around goals and to-do lists. Through books, a popular blog, planners and 'heart-centred' training programmes she has built a large following, and her brief, punchy affirmations on desire, truth and self-worth circulate widely online.","Born 25 May 1969 in Windsor, Ontario. The Library of Congress name authority (no2008097412) records the date, taken from the author herself.","Library of Congress name authority no2008097412 (birth date 1969-05-25, source: email from the author); Wikipedia"
David Foster Wallace,bio,,1962,2008,"Ithaca, New York, USA","Claremont, California, USA","An American novelist and essayist regarded as one of the most gifted and influential writers of his generation. The son of a philosophy professor, and himself brilliant in logic and mathematics, he wrote fiction of restless intelligence, footnoted, self-aware and morally earnest, seeking sincerity in an age of irony. His huge novel Infinite Jest, a sprawling story of addiction, entertainment and loneliness in a near-future America, became a landmark, and his essays on subjects from cruise ships to tennis are widely loved. Long tormented by depression, he took his own life at forty-six.",,"Wikipedia; Illinois Center for the Book author record; Library of Congress name authority n86001949 (b. 21 Feb 1962, Ithaca, N.Y.); Wikipedia on James D. Wallace, philosophy professor at Illinois"
Deepak Chopra,bio,,1946,,"New Delhi, India",,"An Indian-American physician and author, among the best-known and most-debated figures of the mind-body and New Age wellness movements. Trained as a doctor in India, he practised endocrinology in the United States before turning, in the 1980s, to alternative and 'quantum' healing, blending Ayurveda, meditation and popularised physics into a message of self-healing and consciousness. Hugely successful as a speaker and the author of dozens of best-sellers such as Ageless Body, Timeless Mind, he is embraced by a mass following and sharply criticised by scientists who see his use of physics as metaphor stretched past meaning.",Birth year sometimes given as 1947: in the memoir Brotherhood he writes that he was born on 22 October 1946 and that his parents later moved his official birthday to 22 April 1947 so that he could start school on relocating.,"Wikipedia; Encyclopedia.com (Contemporary Authors); EBSCO research starter; Carnegie Corporation Great Immigrants profile; Deepak and Sanjiv Chopra, Brotherhood"
Deng Ming-Dao,bio,,1954,,"San Francisco, California, USA",,"A Chinese-American author and artist who writes accessibly about Taoism for Western readers. Born in San Francisco, he studied Taoist internal arts, meditation and martial arts for many years under a traditional master, and works also as a graphic designer and fine artist. His best-known book, 365 Tao, offers a short meditation for each day of the year, and in Everyday Tao, Scholar Warrior and the Chronicles of Tao he presents Taoist philosophy and practice through instruction and storytelling. Translated into many languages, his gentle, practical writing has introduced countless readers to the Way.","'Deng' is the family name, 'Ming-Dao' the given name.","Wikipedia (b. 1954, San Francisco); publisher's author note to 365 Tao (HarperSanFrancisco, 1992); Santa Cruz Sentinel interview, 31 Jan 2013"
Diogenes,bio,,c. 412 BC,323 BC,"Sinope (Sinop), Turkey","Corinth, Greece","A Greek philosopher and the most notorious of the Cynics, who turned philosophy into public performance. Exiled from his native Sinope after a scandal over defacing the coinage, he came to Athens and later Corinth, where he made a virtue of extreme poverty, reputedly living in a large ceramic jar, owning almost nothing and begging his bread. He lit a lamp in broad daylight and went about saying that he was looking for a man, and mocked wealth, rank and convention as so much vanity. Invited by Alexander the Great to name any favour, he asked only that the king step out of his sunlight. His life was one long argument that virtue means living simply and shamelessly, in accord with nature.",Dates approximate. Diogenes of Sinope. The lamp anecdote at Diogenes Laertius 6.41 has him say only 'I am looking for a man'; 'an honest man' is a modern embellishment found in no ancient source.,"Diogenes Laertius, Lives of Eminent Philosophers 6.20-6.41, Hicks translation via Perseus and LacusCurtius; Wikipedia"
Dorothy Thompson,bio,,1893,1961,"Lancaster, New York, USA","Lisbon, Portugal","An American journalist, one of the most famous of her day and a fearless early warner against fascism. Reporting from Europe between the wars, she interviewed Hitler and was, in 1934, the first American correspondent expelled from Nazi Germany. Back home she wrote a hugely popular newspaper column and broadcast to millions, campaigning against Nazism and for refugees, and was reckoned one of the most influential women in the United States. Outspoken and independent, married for a time to the novelist Sinclair Lewis, she embodied the conscience of American journalism in a dangerous age.",,"Britannica; Wikipedia; Eleanor Roosevelt Papers Project (George Washington University); US Holocaust Memorial Museum, History Unfolded, on the August 1934 expulsion; Library of Congress name authority n85185570"
Dwight Goddard,bio,,1861,1939,"Worcester, Massachusetts, USA","Randolph, Vermont, USA","An American Christian missionary turned Buddhist, and an early bridge between East and West. Trained as an engineer and then as a minister, he went to China as a missionary but grew disillusioned with the effort and was drawn instead to Buddhism, particularly Zen. He tried to found an American Buddhist monastic community, and is best remembered for editing A Buddhist Bible, a widely used anthology of Buddhist scriptures in English. That book, encountered by Jack Kerouac and other Beats, helped seed the mid-century American interest in Zen, giving Goddard a quiet but real influence.",,"New York Times obituary, 9 July 1939 (b. Worcester 5 July 1861, d. Randolph Hospital, Vermont, on his 78th birthday); Worcester Polytechnic Institute finding aid to the Dwight Goddard Papers; Tricycle profile of Goddard"
E. E. Cummings,bio,,1894,1962,"Cambridge, Massachusetts, USA","North Conway, New Hampshire, USA","An American poet, painter and playwright known for a playful, radically inventive verse. The son of a Harvard lecturer turned Unitarian minister, he volunteered as an ambulance driver in the First World War and was then interned for three and a half months in a French detention camp on a groundless suspicion of espionage, an experience that fixed his distrust of authority and became his prose account The Enormous Room. In hundreds of poems he broke words, punctuation and typography apart and reassembled them on the page, using lower-case letters and scattered syntax to lyric, satirical and tender effect. Beneath the experiment lay an old-fashioned romantic, celebrating love, spring, the individual and the natural world.",Often styled e. e. cummings.,"Britannica; Wikipedia; E. E. Cummings chronology compiled by Michael Webster, Grand Valley State University"
Eckhart Tolle,bio,,1948,,"Lünen, Germany",,"A German-born spiritual teacher, resident in Canada, whose books on living in the present moment have sold in the tens of millions. By his account, after years of anxiety and depression he underwent, at twenty-nine, a sudden inner transformation that dissolved his sense of a suffering self. He spent years reflecting on that shift, and later distilled it into The Power of Now and A New Earth, teaching that most human misery comes from identifying with the incessant thinking mind, and that peace is found by stepping into pure present awareness. Championed by Oprah Winfrey, he became one of the most popular spiritual authors alive.",,Library of Congress name authority n99054690 (birth place: Lünen (Germany); birth date 1948); Wikipedia; eckharttolle.com
Ed Greenwood,bio,,1959,,"Toronto, Ontario, Canada",,"A Canadian fantasy author, editor and game designer, best known as the creator of the Forgotten Realms. He began inventing the world as a boy in suburban Toronto, wrote it up for Dragon magazine from 1979 and sold it to TSR in 1986, after which it became the most popular setting for the Dungeons and Dragons role-playing game and the backdrop for hundreds of novels, adventures and video games. A prolific novelist and game writer who spent his working life in Ontario public libraries, and a booming, antiquarian presence at conventions, he is among the most influential figures in modern fantasy gaming and shared world-building.","Born in Toronto, 21 July 1959; worked in Greater Toronto libraries from 1974 and still in library work after retiring from Toronto Public Library, so 'former librarian' was dropped.",Wikipedia; Paizo interview 2010; edgreenwood.net; Tribality interview 2015
Edward de Bono,bio,,1933,2021,"St Julian's, Malta",Malta,"A Maltese physician, psychologist and author who made a career out of teaching people how to think. Trained in medicine and psychology, he became famous for the idea of 'lateral thinking', the deliberate search for fresh approaches by breaking away from habitual, logical steps, a phrase he coined that entered the dictionary. Through dozens of books, among them Six Thinking Hats, and courses taken up by schools and corporations, he promoted structured tools for creativity and decision-making. Enormously popular and much imitated, he was dismissed by some academics but did more than most to popularise creative thinking.","Guardian obituary gives St Julian's Bay, Malta as birthplace and his home in Malta as where he died; the Library of Congress authority record has only 'Malta'. Death date disputed: Guardian, Telegraph and the de Bono Group give 9 June 2021, Wikipedia 10 June 2021.",Guardian obituary 10 June 2021; Telegraph obituary 10 June 2021; Library of Congress name authority n79060619; University of Malta notice 2021; debonogroup.com
Edward Ericson,bio,,1939,2017,"Chicago, Illinois, USA","Siloam Springs, Arkansas, USA","An American literary scholar, for twenty-six years a professor of English at Calvin College in Grand Rapids, Michigan, and one of the leading Western interpreters of Aleksandr Solzhenitsyn. Trained on Milton and seventeenth-century English literature, he turned to the Russian dissident after reading his novels for pleasure, argued in Solzhenitsyn: The Moral Vision and Solzhenitsyn and the Modern World that the work is inseparable from its author's Orthodox Christian faith, and prepared the authorised one-volume abridgement of The Gulag Archipelago, revising it in 1983 side by side with Solzhenitsyn himself. He later co-edited The Solzhenitsyn Reader.","Identity settled: Edward E. Ericson Jr., born Chicago 19 October 1939, died Siloam Springs, Arkansas, 29 April 2017; taught at Hope, Westmont and Northwestern before Calvin College, 1977-2003. His life is well recorded, so the earlier bio's caution about that was removed; the quotation credited to him in the bank is still unsourced.",Herald-Leader (Siloam Springs) obituary 3 May 2017; Calvin University memorial notice 2 May 2017; Acton Institute Religion & Liberty; ISI edition notes to The Solzhenitsyn Reader; Harper abridged Gulag Archipelago 1985
Edward Gibbon,bio,,1737,1794,"Putney, London, England","London, England","An English historian whose The History of the Decline and Fall of the Roman Empire is one of the masterpieces of the language. A sickly, bookish boy, the only one of seven children to survive infancy, and left with independent means, he conceived the work, he said, while musing amid the ruins of Rome. Over more than a decade he traced the fall of Rome and the thousand-year sequel of Byzantium in six magisterial volumes, marked by vast learning, a stately, ironic prose and a famously sceptical eye toward the early church. Controversial in its own day and still read for its style, the book set a lasting standard for narrative history.","Not an only child: he was the eldest of seven, the rest dying in infancy. Died at his lodgings in St James's Street, London, on 16 January 1794 and was buried at Fletching, Sussex, so the London deathplace stands.",Britannica; EBSCO research starter; Lord Sheffield's note appended to Gibbon's Memoirs; Wikipedia
Edwin Chapin,bio,,1814,1880,"Union Village, New York, USA","New York City, USA","An American Universalist minister, preacher and writer, born Edwin Hubbell Chapin. From 1848 he led a Universalist congregation in New York City, later named the Church of the Divine Paternity, and was one of the best-known public speakers of his time. His sermons and lectures on social reform, temperance and moral duty were published in many volumes, and short sayings taken from them circulate as quotations.",,Written from general reference knowledge on 2026-09-29 without access to sources; to be verified.
Elbert Hubbard,bio,,1856,1915,"Bloomington, Illinois, USA","At sea off the Old Head of Kinsale, Ireland (aboard the Lusitania)","An American writer, publisher and craftsman, a leading figure of the American Arts and Crafts movement. A successful soap salesman who reinvented himself, he founded the Roycroft community of artisans in East Aurora, New York, printing finely made books and magazines. He is best remembered for A Message to Garcia, a short, hugely popular essay praising the employee who quietly gets a hard job done without excuses. A tireless self-promoter and epigrammatist, he died with his wife aboard the Lusitania when a German submarine sank it in 1915.","The Lusitania was torpedoed about 11 miles off the Old Head of Kinsale in the Celtic Sea, not in the Atlantic; both Hubbards were lost there on 7 May 1915.",Wikipedia; Library of Congress name authority n81090312; The Lusitania Resource; University of Northern Iowa article on the Hubbards of Roycroft
Eleanor Roosevelt,bio,,1884,1962,"New York City, USA","New York City, USA","An American writer, diplomat and activist, the longest-serving First Lady of the United States and one of the most admired women of the twentieth century. A shy orphan who married her cousin Franklin, she transformed the role of presidential wife, holding press conferences, writing a daily newspaper column and travelling as his eyes and ears through his long presidency. A tireless champion of the poor, of workers, women and civil rights, she went on after his death to chair the United Nations commission that drafted the Universal Declaration of Human Rights.",,Britannica; FDR Presidential Library and Museum biography; Wikipedia
Elie Wiesel,bio,,1928,2016,"Sighet, Romania","New York City, USA","A Romanian-born American writer and human-rights activist who became the world's foremost witness to the Holocaust. Deported as a teenager to Auschwitz and Buchenwald, where his father, mother and a sister died, he survived and, after years of silence, distilled the horror into the slender, shattering memoir Night. He went on to write dozens more books and spent his life speaking out against genocide, hatred and indifference, insisting that the world must remember. He won the Nobel Peace Prize in 1986 and helped bring into being the United States Holocaust Memorial Museum.",,USHMM Holocaust Encyclopedia; NobelPrize.org biographical; Britannica; Buchenwald Memorial biography
Elisabeth Kübler-Ross,bio,,1926,2004,"Zurich, Switzerland","Scottsdale, Arizona, USA","A Swiss-American psychiatrist who changed the way the modern world thinks about death. Working with dying patients in American hospitals at a time when their needs were often ignored, she listened to them and wrote the landmark book On Death and Dying, which set out five stages of grief, denial, anger, bargaining, depression and acceptance. A pioneer of the hospice and palliative-care movement, she argued that the terminally ill have much to teach the living, and spent her career urging doctors and families to face death with honesty and compassion.",,"Britannica; US National Library of Medicine, Changing the Face of Medicine; Elisabeth Kübler-Ross Foundation; Wikipedia"
Emil Boc,bio,,1966,,"Rachitele, Romania",,"A Romanian politician and academic who has served as prime minister of Romania and, for many years, as mayor of the city of Cluj-Napoca. Trained in law and political science, he became a university lecturer before entering politics on the centre-right. As prime minister during the financial crisis he oversaw harsh austerity measures, but as long-serving mayor of Cluj he won wide praise for turning the city into one of Romania's most dynamic, a hub of technology, culture and student life. He is seen as one of the country's most durable and consequential local leaders.",,Wikipedia; Boc's CV at the Babeș-Bolyai University faculty of political science; European Commission speaker page
Enrique Peñalosa,bio,,1954,,"Washington, D.C., USA",,"A Colombian politician and urban thinker, twice mayor of Bogota, known around the world for rebuilding a city around its people rather than its cars. During his terms he created a pioneering bus rapid-transit network, hundreds of kilometres of protected bicycle lanes, parks, libraries and wide pedestrian promenades, arguing that a good city is one where a child on a bicycle is safe and that public space is where democratic equality is lived out. A tireless advocate and lecturer, he has become an influential global voice for fair, sustainable and human-scaled urban design.","Colombian politician, born in Washington, D.C., where his father was posted.",Wikipedia; Habitat III speaker page; Penn IUR profile; Project for Public Spaces 2004 (tricycle-or-bicycle line); Noticias Caracol profile 2015
Epictetus,bio,,c. AD 50,c. AD 135,"Hierapolis, Phrygia (Turkey)","Nicopolis, Greece","A Greek Stoic philosopher who taught that freedom lies not in our circumstances but in the mind. Born a slave in Phrygia and left lame, he studied Stoicism while still enslaved, was freed after the death of Nero, and later founded an influential school at Nicopolis. He wrote nothing himself; his pupil Arrian preserved the Discourses and the pocket handbook, the Enchiridion. Their heart is a sharp line between what is 'up to us', our judgements and choices, and what is not, over which we should waste no grief. His thought guided Marcus Aurelius and, much later, helped inspire modern cognitive therapy.",,Stanford Encyclopedia of Philosophy; Internet Encyclopedia of Philosophy; Dickinson College Commentaries on the Encheiridion
Epicurus,bio,,341 BC,270 BC,"Samos, Greece","Athens, Greece","A Greek philosopher who founded one of the most influential schools of antiquity. Born on the island of Samos, he settled in Athens and taught in a private house and garden, welcoming women and slaves among his followers, who called themselves the friends of the Garden. He held that the aim of life is pleasure, but understood as tranquillity: the absence of bodily pain and mental disturbance, reached through simple living, friendship and the study of nature. He taught that the world is made only of atoms and void, that the gods do not meddle in human affairs, and that death is nothing to fear.",,"Britannica; Stanford Encyclopedia of Philosophy; Diogenes Laertius, Lives 10 (LacusCurtius)"
Erasmus von Rotterdam,bio,,c. 1466,1536,"Rotterdam, Netherlands","Basel, Switzerland","A Dutch humanist, priest and scholar, the leading intellectual of the northern Renaissance. The illegitimate son of a priest, he became the most celebrated man of letters in Europe, writing in an elegant Latin and travelling from city to city. He produced the first published Greek edition of the New Testament, urging a return to the sources of Christianity, and in the witty satire In Praise of Folly he mocked the corruption and superstition of the church. Though his criticism helped prepare the Reformation, he broke with Luther and pleaded throughout for tolerance and moderation.",Desiderius Erasmus of Rotterdam.,Britannica; Stanford Encyclopedia of Philosophy; Encyclopedia.com (New Catholic Encyclopedia); Wikipedia
Eric Hoffer,bio,,c. 1898,1983,"New York City, USA","San Francisco, California, USA","An American social philosopher known as 'the longshoreman philosopher'. Largely self-taught, he lost his sight as a child and regained it as a teenager, then lived for decades as an itinerant labourer and, later, a dockworker in San Francisco, reading voraciously and thinking in his spare hours. His first and most famous book, The True Believer, is a penetrating study of mass movements and the psychology of fanaticism, admired across the political spectrum. He wrote a series of aphoristic books, and late in life received the Presidential Medal of Freedom.","Birth year uncertain; he gave 1902, but 1898 is often cited.","Britannica; New York Times obituary 22 May 1983; Hoover Institution, The Longshoreman Philosopher"
Erich Fromm,bio,,1900,1980,"Frankfurt, Germany","Muralto, Switzerland","A German-American social psychologist, psychoanalyst and humanist philosopher. Trained in sociology and psychoanalysis and shaped by both Freud and Marx, he fled Nazi Germany for the United States, where he became a widely read public intellectual. He explored how societies mould character, and in Escape from Freedom argued that the burden of modern freedom can drive people into the arms of authoritarianism. His best-known book, The Art of Loving, treats love not as a lucky feeling but as a skill and a discipline to be learned. He preached a sane, life-affirming humanism.",,"Wikipedia; Encyclopedia.com; Rainer Funk, Life and Work of Erich Fromm (Logos)"
Erich Kästner,bio,,1899,1974,"Dresden, Germany","Munich, Germany","A German writer, poet and satirist, and one of the most beloved of the twentieth century. Trained as a teacher in his native Dresden, he made his name in Weimar-era Berlin with sharp, funny, socially critical light verse and with the children's classic Emil and the Detectives, still among the most popular books ever written in German. An outspoken pacifist, he watched the Nazis burn his books in 1933 yet chose to remain in Germany, writing on under bans and pseudonyms. After the war he returned to children's stories, poetry and journalism, defending reason, decency and a gentle, clear-eyed humanism.",,German and English Wikipedia; Erich Kästner Museum Dresden chronology (kaestnerhaus-literatur.de); Stadt Dresden Kästner timeline
Forrest Church,bio,,1948,2009,"Palo Alto, California, USA","New York City, USA","An American theologian and minister, for many years the leader of a prominent Unitarian Universalist congregation in New York. The son of a United States senator, he combined a scholar's training in the history of religion with a pastor's gift for plain speech, and wrote some two dozen books on faith, freedom and mortality. He is remembered for a simple, much-quoted definition of religion as our human response to the dual reality of being alive and having to die, and for the grace with which he faced his own terminal cancer, writing on how the knowledge of death can deepen life.","Born in Palo Alto while his father was a student at Stanford Law School; the family moved to Boise in 1950, and the New York Times and Washington Post obituaries give Boise as the birthplace.",Wikipedia; Stanford Magazine profile; New York Times obituary 26 September 2009; Washington Post obituary 28 September 2009; UUA and UUMA memorial notices
Francis Bacon,bio,,1561,1626,"London, England","Highgate, London, England","An English philosopher, statesman and essayist, a principal architect of the scientific method. Rising to become Lord Chancellor under James I before falling from office over bribery charges, he pursued in parallel a revolution in knowledge. Against reliance on ancient authority and pure logic, he argued that truth about nature must be built up patiently from observation and experiment, a programme set out in his Novum Organum. His pithy, worldly Essays remain widely read. Often called the father of empiricism, he helped lay the groundwork for modern experimental science.","The philosopher and statesman, not the twentieth-century painter. He died at Arundel House in Highgate, then in Middlesex, outside the city of London.",Stanford Encyclopedia of Philosophy; Wikipedia; EBSCO research starter; Online Library of Liberty
Francis of Assisi,bio,,c. 1181,1226,"Assisi, Italy","Assisi, Italy","An Italian friar and mystic, one of the most beloved saints in Christian history and the founder of the Franciscan order. The son of a rich cloth merchant, he abandoned his wealth after a series of spiritual awakenings to embrace radical poverty, begging, preaching and tending lepers and the poor. He gathered followers into a new kind of religious order, sworn to own nothing, and is said to have received the stigmata, the wounds of Christ. Famous for his tenderness toward animals and all creation, celebrated in his Canticle of the Sun, he is the patron saint of ecology.",,Britannica; Catholic Encyclopedia (New Advent); New Catholic Encyclopedia via Encyclopedia.com; Wikipedia
Francis Paul Wilson,bio,,1946,,"Jersey City, New Jersey, USA",,"An American author of horror, science fiction and thrillers, and a physician by training. A prolific storyteller, he is best known for the Repairman Jack novels, featuring an urban mercenary who fixes problems outside the law, and for the classic horror novel The Keep, set in a haunted castle during the Second World War. He has written across many genres and built a large interconnected 'Secret History' linking much of his fiction. Popular with genre readers and a fixture of the field for decades, he practised medicine for years alongside his writing.",,"Wikipedia; Contemporary Authors entry at Encyclopedia.com; the author's own site, repairmanjack.com"
Frank Zappa,bio,,1940,1993,"Baltimore, Maryland, USA","Los Angeles, California, USA","An American composer, guitarist and bandleader of ferocious originality and output. Self-taught and omnivorous, he led the Mothers of Invention and a long line of virtuoso bands through rock, jazz, doo-wop and orchestral music, all laced with absurdist satire of American life and hypocrisy. Fiercely independent, he controlled his own recordings and released dozens of albums; a rare abstainer from drugs, he testified memorably before the United States Senate against the labelling and censorship of music. Prolific to the end, he died of cancer at fifty-two, admired as both a clown and a serious composer.",,"Britannica; Wikipedia; transcript of his statement to the Senate Commerce Committee, 19 September 1985 (American Rhetoric)"
Franz Kafka,bio,,1883,1924,"Prague, Czechia","Kierling, Austria","A German-language writer from Prague whose name has become an adjective for the nightmarish and absurd. A Jewish insurance official who wrote at night, he published little in his lifetime and asked that his manuscripts be burned; his friend Max Brod disobeyed, saving the novels The Trial and The Castle and stories such as The Metamorphosis. In them ordinary people are trapped in vast, opaque systems of law, bureaucracy and guilt whose logic they can never grasp, all rendered in cool, precise, dreamlike prose. Dead of tuberculosis at forty, he is now seen as one of the central writers of his century.",Prague was in Austria-Hungary at his birth.,Wikipedia; Franz Kafka Museum Prague timeline; YIVO Encyclopedia
Fred Kent,bio,,c. 1942,,,,"An American urbanist and placemaking advocate, the founder of the nonprofit Project for Public Spaces. A student of the sociologist William H. Whyte, whose patient filming of how people use city plazas shaped his outlook, he devoted his career to helping communities create lively, welcoming public squares, parks and streets. He championed the idea that great places are made not by grand design but by attending to how ordinary people actually gather, sit and linger, and that the place should come before the project. His ideas have shaped how cities around the world treat their shared spaces.","Project for Public Spaces marked his seventy-fifth birthday on 2 November 2017, which puts his birth in 1942; a profile of March 2002 gives his age as 58, which would make it 1943. Birthplace not on record; he grew up in Andover, Massachusetts, and moved to West Hartford, Connecticut, as a teenager.","Project for Public Spaces, 'Celebrating 75 Years of Fred Kent' (2 November 2017) and his PPS staff page; Landscape Architecture Magazine profile, March 2002; PlacemakingX profile; Wikipedia"
Friedrich Nietzsche,bio,,1844,1900,"Röcken, Germany","Weimar, Germany","A German philosopher whose radical, aphoristic writing has shaken Western thought ever since. A brilliant young classical scholar made a professor at twenty-four, he left academia for a wandering life of ill health and ferocious productivity. He proclaimed that 'God is dead', meaning that the old religious foundations of morality had crumbled, and challenged humanity to create its own values rather than sink into nihilism. His ideas, the will to power, the eternal recurrence, the overman and the critique of herd morality, pour out of books such as Thus Spoke Zarathustra. He collapsed into madness at forty-four.","Röcken, now part of Lützen, was in the Prussian Province of Saxony at his birth.","Stanford Encyclopedia of Philosophy, 'Nietzsche's Life and Works'; Wikipedia"
Future Islands,bio,,2006,,"Greenville, North Carolina, USA",,"An American synth-pop band, not a person, formed in 2006 in North Carolina and later based in Baltimore. Built around driving synthesizers and bass, the group is defined above all by its singer Samuel T. Herring, whose raw, theatrical baritone and intensely physical performances set it apart. After years of touring the underground, they broke through in 2014 with the song 'Seasons (Waiting on You)' and a spellbinding television debut that went viral. Their music pairs propulsive, danceable arrangements with lyrics of longing, memory and emotional honesty, winning a devoted following.","A band, credited for a song lyric; fronted by Samuel T. Herring.","Wikipedia; AllMusic; Baltimore Banner interview with the band; Daily Beast profile, March 2014"
G. Kingsley Ward,bio,,1932,2014,"Tetagouche, New Brunswick, Canada",,"A Canadian chartered accountant turned entrepreneur, remembered for a bestselling book of fatherly counsel. Raised in Bathurst, New Brunswick, he qualified at Price Waterhouse, bought two pharmaceutical companies and went on to chair a string of private and public firms through the Vimy Ridge Group he founded in 1982. Letters he had written to his son about work, integrity and ambition were published in 1985 as Letters of a Businessman to His Son, became an international bestseller and were followed by further volumes, among them Letters of a Businessman to His Daughter. He also co-edited Courage Remembered, an account of the Commonwealth war cemeteries, and served as honorary colonel of a New Brunswick regiment.","Born 29 August 1932, died 17 August 2014; the obituary does not name where he died, and the funeral was held in Aurora, Ontario.","Obituary in the National Post and Globe and Mail, August 2014; VRG Capital company page; Manitoba Library Association review of the 1985 Collins edition of Letters of a Businessman to His Son; Doull Books catalogue"
Gaston Bachelard,bio,,1884,1962,"Bar-sur-Aube, France","Paris, France","A French philosopher who wrote, unusually, on both science and poetry. Largely self-taught and a late starter, he became a leading philosopher of science, arguing that knowledge advances not smoothly but by 'epistemological breaks' that overturn earlier intuitions. In a second career he turned to the imagination, exploring in books such as The Psychoanalysis of Fire and The Poetics of Space how the mind dreams through the four elements and through houses, corners and shells. His subtle, lyrical writing on reverie and daydream shaped later literary theory and how we think about creativity and place.",,Wikipedia; Encyclopedia.com (Dictionary of Scientific Biography and Encyclopedia of Philosophy entries); EBSCO research starter
George Bernard Shaw,bio,,1856,1950,"Dublin, Ireland","Ayot St Lawrence, England","An Irish playwright, critic and polemicist, the most important English-language dramatist since Shakespeare and a tireless public provocateur. Largely self-educated, he moved to London, championed Ibsen and Wagner as a critic, and in 1884 joined the newly formed socialist Fabian Society, wrote its first manifesto and became its leading pamphleteer. In more than sixty witty, argumentative plays, among them Pygmalion, Man and Superman and Saint Joan, he used comedy to attack hypocrisy, poverty, war and conventional morality. A lifelong campaigner and vegetarian famous for his paradoxes, he won the Nobel Prize in Literature in 1925.",,"Wikipedia; Edward R. Pease, The History of the Fabian Society (Project Gutenberg); Fabian Tract No. 2 (1884) at the Online Library of Liberty"
George E. Miller,bio,,1919,1998,,,"An American physician who left clinical medicine for the study of how doctors are taught. After running a project in medical education at the University at Buffalo, he founded the Office of Research in Medical Education at the University of Illinois College of Medicine in 1959, among the first of its kind and a model copied by medical schools around the world, and went on to direct its successor, the Center for Educational Development. A paper of 1990 on the assessment of clinical skills set out the four ascending levels, 'knows', 'knows how', 'shows how' and 'does', still taught everywhere as Miller's pyramid, though his name is far less widely known than the diagram.","Born 19 June 1919, died 7 November 1998. Birthplace not given in the published memorial notices. More than one public figure bears this name, so a quotation credited simply to 'George E. Miller' needs care.","Wikipedia; Miller, 'The assessment of clinical skills/competence/performance', Academic Medicine 65 (1990); Cruess et al., 'Amending Miller's Pyramid', Academic Medicine 2016; 'Nonphysician Medical Educators', Academic Medicine 2009; citation records for the 1999 memorial notices by Christine McGuire"
George Lois,bio,,1931,2022,"New York City, USA","New York City, USA","An American advertising art director and designer, a leading figure of the 'creative revolution' that transformed Madison Avenue in the 1960s. The son of Greek immigrants, he was famous for bold, witty, idea-driven campaigns, and above all for a run of provocative covers he designed for Esquire magazine, images that captured the turmoil of the era and are now studied as landmarks of graphic design. Combative and self-promoting, he claimed credit for slogans and campaigns that entered the culture, and preached that great advertising is an art form.",,New York Times obituary 19 November 2022; Washington Post obituary 21 November 2022; Associated Press obituary; City College of New York memorial notice; Wikipedia
George Sheehan,bio,,1918,1993,"Brooklyn, New York, USA","Ocean Grove, New Jersey, USA","An American cardiologist and writer who became the philosopher of the running boom. A busy doctor and father of twelve, he took up running again in middle age and found in it a path to self-discovery, then wrote about it in newspaper columns and best-selling books such as Running and Being. Blending sports advice with reflections drawn from the classics and his own experience, he treated the daily run as a spiritual and philosophical practice, a way to become the person one was meant to be. He kept writing about mortality and meaning as he faced his own final illness.",,"New York Times obituary, 2 November 1993; georgesheehan.com biography; English Wikipedia"
Gloria Steinem,bio,,1934,,"Toledo, Ohio, USA",,"An American journalist and activist, one of the most recognisable leaders of the twentieth-century women's movement. After an unsettled childhood in Ohio, she became a magazine writer, drawing attention with an undercover expose of a Playboy Club, then emerged as a spokeswoman for feminism, co-founding Ms. magazine and a string of women's organisations. A gifted speaker and organiser, she campaigned for reproductive rights, equal pay and an end to discrimination, and remained an activist into her later decades, doing much to carry feminist ideas into the American mainstream.",,"Britannica; National Women's History Museum biography; gloriasteinem.com; NYU Undercover Reporting archive of 'A Bunny's Tale' (Show, 1963)"
Gottfried von Jacquin,bio,,1767,1792,"Schemnitz, Hungary (now Banska Stiavnica, Slovakia)","Vienna, Austria","An Austrian civil servant with a fine bass voice, an amateur composer, and one of the closest friends of Mozart's Vienna years. The son of the botanist Nikolaus Joseph von Jacquin, whose house in the botanical garden was a gathering place for the city's scientific and musical society, he held a post at the Bohemian court chancellery and received some of the warmest and funniest letters Mozart ever wrote, sent from Prague in 1787. Mozart composed the bass aria 'Mentre ti lascio, o figlia' for him, and let him publish two songs of Mozart's own, among them 'Das Traumbild', under his name, so that several pieces long passed as his work. He died in Vienna in January 1792, seven weeks after Mozart, and is recalled for the light he throws on Mozart's private world rather than for anything of his own.","Born at Schemnitz in Hungary, where his father held the chair of mining sciences until 1768, not at Vienna. No day or month of birth is recorded, so his age at death is given variously as 24 and 25, and the bio names neither.","Kalliope union catalogue / GND authority record 130187801 (Banska Stiavnica - 24.01.1792 Vienna); Oesterreichisches Musiklexikon, Jacquin family; Cambridge Mozart Encyclopedia (Eisen and Keefe); Mozarteum digital edition of Mozart's letters to Jacquin, 1787; Grove, A Dictionary of Music and Musicians"
Harriet Woods,bio,,1927,2007,"Cleveland, Ohio, USA","University City, Missouri, USA","An American politician and advocate from Missouri, a trailblazer for women in public life. She came to politics through local activism in University City, where a complaint about a rattling manhole cover led to a seat on the city council, and went on to the state senate in 1976 and then, in 1984, to election as lieutenant governor, the first woman to win statewide office in Missouri. She ran twice for the United States Senate and lost both races narrowly, to John Danforth in 1982 by some 27,000 votes of 1.5 million, and to Christopher Bond in 1986; the first defeat, when she ran out of money for television advertising in the closing weeks, prompted the founding of EMILY's List. She later served as president of the National Women's Political Caucus, working to bring more women into elected office.","Her name is spelled Harriett in her own records and in the obituaries. She died at her home in University City, a municipality in St Louis County, not in St Louis itself. Only the 1982 Senate defeat preceded her election as lieutenant governor; the second came in 1986, two years after it. The saying about standing tall without standing on someone cannot be traced to her beyond quote anthologies, so the bio no longer credits it to her.","New York Times obituary, 10 February 2007; Washington Post obituary, 10 February 2007; Los Angeles Times, 12 February 2007; State Historical Society of Missouri, Historic Missourians; Missouri State Archives finding aid RG4.42; English Wikipedia"
Heath Ledger,bio,,1979,2008,"Perth, Australia","New York City, USA","An Australian actor of rare intensity who achieved great fame before his early death. Growing up in Perth, he moved to the United States and broke through as a heartthrob before deliberately turning to darker, more demanding roles. His tender, tormented cowboy in Brokeback Mountain won wide acclaim, and his terrifying, anarchic Joker in The Dark Knight became one of the most celebrated screen villains ever. He died of an accidental prescription-drug overdose at twenty-eight, while The Dark Knight was in post-production, and was awarded a posthumous Academy Award for the role.",,"New York Times, 22 January 2008 and 23 February 2009; ABC News, 23 February 2009; English Wikipedia"
Hecato of Rhodes,bio,,c. 2nd c. BC,c. 1st c. BC,"Rhodes, Greece",,"A Greek Stoic philosopher of the island of Rhodes and a pupil of Panaetius, the head of the Stoic school. He wrote extensively on ethics, on duties, virtues, goods and the paradoxes of moral progress, and was clearly a figure of standing in his day. None of his writing survives; he is known only through references and quotations in later authors, above all Cicero's On Duties and Seneca's essays, where several of his pointed sayings on friendship, gratitude and self-sufficiency are preserved, including lines that Seneca reworks in his Letters.",Flourished around 100 BC; dates approximate.,"Cicero, De Officiis 3.15 and 3.63 (Perseus); Diogenes Laertius, Lives 7 (the list of treatises); Seneca, Epistulae morales 9 and De Beneficiis; Smith, Dictionary of Greek and Roman Biography; 1911 Encyclopaedia Britannica (Wikisource)"
Heinz Stucke,bio,,1940,2026,"Hovelhof, Germany","Hovelhof, Germany","A German long-distance cyclist who spent more than half a century pedalling around the world. In 1962, at twenty-two, he quit his job as a toolmaker in his hometown of Hovelhof and rode away on a three-speed bicycle, and simply kept going, covering some 600,000 kilometres across more than a hundred countries over five decades, financing the journey by selling booklets and photographs of his travels. Robbed, jailed and injured many times, he became a legend among world travellers before finally settling back in the town he had left, where he died at eighty-six.",Died 22 July 2026.,"English Wikipedia; Gemeinde Hoevelhof obituary notice; Adventure Cycling Association obituary, 3 August 2026; Bicycle Network, 28 July 2026; Bikepacking.com tribute, July 2026"
Helen Keller,bio,,1880,1968,"Tuscumbia, Alabama, USA","Easton, Connecticut, USA","An American author, lecturer and activist who became a worldwide symbol of the triumph of will over disability. Left deaf and blind by an illness before she was two, she lived cut off from language until the teacher Anne Sullivan broke through to her at the water pump, spelling words into her hand, a scene made famous by The Miracle Worker. Keller went on to graduate from Radcliffe College, the first deaf-blind person to earn a degree, and to write books and campaign around the globe for the blind, for women's suffrage, for workers and for peace.","Arcan Ridge, the house she died in, stands in Easton; the American Foundation for the Blind and Britannica give the place of death as Westport, its postal address, which is where the discrepancy comes from.","Perkins School for the Blind timeline; American Foundation for the Blind biography and chronology; Britannica; University of Alabama, Alabama Authors record; English Wikipedia"
Helen Schucman,bio,,1909,1981,"New York City, USA","New York City, USA","An American research psychologist and the scribe of A Course in Miracles. A professor of medical psychology at Columbia University and, by her own account, a sceptical non-believer, she began in 1965 to experience an inner voice dictating text, which she wrote down over several years with the help of a colleague. The result, published as A Course in Miracles, became an influential work of modern spirituality, teaching forgiveness and the healing of the mind through love. Uneasy about her strange role, she kept her authorship quiet in her lifetime, and it became widely known only later.",,Library of Congress name authority record n91013548; Wikidata Q273262; Encyclopedia.com; English Wikipedia
Henri Poincaré,bio,,1854,1912,"Nancy, France","Paris, France","A French mathematician, physicist and philosopher, the last man said to have commanded the whole of mathematics in his time. He made foundational contributions across the field, founded the discipline of topology, and in studying the three-body problem of celestial mechanics glimpsed the sensitive dependence on starting conditions later called chaos. He came remarkably close to special relativity before Einstein, and wrote widely read books on science and method reflecting on the role of intuition and convention in discovery. His cousin Raymond served as president of France during the First World War.",,Britannica; MacTutor History of Mathematics biography (St Andrews); English Wikipedia
Henri-Dominique Lacordaire,bio,,1802,1861,"Recey-sur-Ource, France","Soreze, France","A French Dominican friar and preacher who revived his order in France after the Revolution. Trained as a lawyer and once a religious sceptic, he underwent a dramatic conversion, took holy orders, and became the most celebrated preacher of his age, filling the cathedral of Notre-Dame in Paris. A champion of liberal Catholicism who tried to reconcile the church with modern freedoms, he re-established the Dominican order on French soil. He is often quoted for the paradox that between the strong and the weak it is liberty that oppresses and the law that sets free.","The saying about the strong and the weak is genuine and primary: 'entre le fort et le faible, entre le riche et le pauvre, entre le maitre et le serviteur, c'est la liberte qui opprime, et la loi qui affranchit', from the 52nd Conference de Notre-Dame, 'Du double travail de l'homme', preached 16 April 1848 and printed in Oeuvres, tome IV, pp. 490-494; the ledger's note calling it absent from the Conferences is mistaken.","Britannica; Catholic Encyclopedia; Encyclopedia.com; Oeuvres du R. P. Henri-Dominique Lacordaire, Conferences de Notre-Dame de Paris, tome IV (Gallica, BnF); Louis Garriguet, Le contrat de travail (1904), p. 76, via Internet Archive full-text search; English Wikipedia"
Henry 'Red' Sanders,bio,,1905,1958,"Asheville, North Carolina, USA","Los Angeles, California, USA","An American college football coach, best remembered for a single famous saying. Born in Asheville, North Carolina, and raised in Nashville, he played quarterback at Vanderbilt, came back to coach there in two spells either side of wartime service in the Navy, and then took over at UCLA, where his single-wing team went unbeaten in 1954 and was named national champion by the coaches' poll. He was known for a hard-driving manner, a sharp tongue and an unusually light practice week. He is credited as the true source of the line that winning isn't everything, it's the only thing, first recorded from him in 1948 and later made famous by, and often attributed to, the professional coach Vince Lombardi. He died of a heart attack at fifty-three, his name preserved chiefly by that much-repeated maxim.","Born at Asheville, North Carolina; he was raised in Nashville from boyhood and buried there, which is where the birthplace error comes from. He was fifty-three at his death, not fifty-two.","College Football Hall of Fame inductee record (born Asheville, 7 May 1905); English Wikipedia; Los Angeles Times, 13 August 2018; UPI notice of 19 August 1958; Quote Investigator, 'Winning Isn't Everything; It's the Only Thing' (earliest instance the Birmingham News, 9 November 1948)"
Henry Cloud,bio,,1956,,"Vicksburg, Mississippi, USA",,"An American clinical psychologist, leadership consultant and author, best known for the hugely popular book Boundaries, written with John Townsend. He grew up in Vicksburg, Mississippi, and was recruited to Southern Methodist University to play golf; a hand injury ended that ambition and turned him toward faith and psychology, and he took a doctorate in clinical psychology at Biola University in 1987. Drawing on psychology and Christian teaching, Boundaries and its many follow-ups argue that healthy relationships depend on knowing where one person ends and another begins, and on the courage to say no. He has since written widely on leadership, character and personal growth, hosted a radio show for fifteen years, and works as an executive coach; his books have sold many millions of copies.","Born at Vicksburg, Mississippi, on the evidence of the Christian Broadcasting Network's guest biography and the German Wikipedia article; English Wikipedia records the year alone. His childhood illness, his golf career at Southern Methodist and his doctorate at Biola are all on record, so the bio no longer says little of his life is known.","Christian Broadcasting Network guest biography ('born and raised in Vicksburg, Mississippi'); boundariesbooks.com and drcloud.com official biographies; German Wikipedia; English Wikipedia; Internet Archive full-text search"
Henry David Thoreau,bio,,1817,1862,"Concord, Massachusetts, USA","Concord, Massachusetts, USA","An American essayist, poet and naturalist, a leading light of Transcendentalism and a founder of modern nature writing. He spent most of his short life in his native Concord, Massachusetts, working odd jobs and observing the natural world with great care. For two years he lived alone in a cabin he built beside Walden Pond, an experiment in simple, deliberate living that became his masterpiece, Walden. Jailed briefly for refusing a tax that funded slavery and the Mexican War, he defended the individual conscience against the state in the essay Civil Disobedience, which later inspired Gandhi and Martin Luther King.",,"Britannica; The Thoreau Society, Thoreau's Life; Walden Woods Project chronology; English Wikipedia"
Henry Miller,bio,,1891,1980,"New York City, USA","Los Angeles, California, USA","An American writer whose frank, exuberant, autobiographical novels helped break the modern taboo on sexual candour. Born in New York and long adrift in odd jobs, he moved to Paris in his late thirties and there found his voice in Tropic of Cancer, a raw, freewheeling account of a hungry writer's bohemian life. Banned as obscene for decades in Britain and the United States, his books finally cleared the courts in the 1960s, a landmark for literary freedom. Beyond the notoriety he was a joyous, philosophical writer, celebrating art, appetite and the liberated self.",,Britannica; Encyclopedia.com; English Wikipedia
Heraclitus,bio,,c. 540 BC,c. 480 BC,Ephesus (Turkey),Ephesus (Turkey),"A Greek philosopher of Ephesus, one of the most original of the thinkers who came before Socrates. Aristocratic, solitary and scornful of his fellow citizens, he wrote a single book, now lost, whose deliberately riddling fragments earned him the nickname 'the Obscure'. He taught that everything is in ceaseless flux, that one cannot step into the same river twice, and that the world is an ever-living fire, ordered by a hidden logos or reason. Reality, for him, is a tension of opposites, strife and harmony being one; the way up and the way down, he wrote, are one and the same.",,"Britannica (Heraclitus); Routledge Encyclopedia of Philosophy A055; Encyclopaedia of the Hellenic World, Asia Minor (lemma 8380); Wikipedia"
Herbert Swope,bio,,1882,1958,"St. Louis, Missouri, USA","New York City, New York, USA","An American journalist and editor, the first winner of the Pulitzer Prize for reporting. A star reporter for the New York World, he covered the First World War from Germany, and the dispatches gathered as 'Inside the German Empire' took that first prize in 1917; as the paper's executive editor from 1920 he directed its campaigns against the Ku Klux Klan and New York's crime rackets and built the first modern op-ed page. The phrase 'cold war' was his, written into the speech Bernard Baruch delivered in April 1947, though it was Baruch and Walter Lippmann who carried it into common use. He is often quoted for his rueful formula for failure: that while he could not give a sure recipe for success, the surest recipe for failure is trying to please everybody.","Died at Doctors Hospital in Manhattan of pneumonia after abdominal surgery (UPI dispatch, 20 June 1958); the private funeral was held from his Sands Point home, which is why Britannica and other reference works give Sands Point as the place of death. On 'cold war': Baruch's own autobiography and Respectfully Quoted credit the coinage to Swope, but the words are older - Orwell used them in October 1945 - so the earlier bio had it backwards in calling him the populariser who perhaps coined it.","Britannica; Wikipedia; Encyclopaedia Judaica via Encyclopedia.com; UPI obituary in the Atlanta Daily World, 21 June 1958; Respectfully Quoted (1989) no. 233; American Heritage, 'Naming the New War' (1997); AlliiertenMuseum, 'Cold War - the (pre)history of a term'"
Hermann Hesse,bio,,1877,1962,"Calw, Germany","Montagnola, Switzerland","A German-Swiss novelist and poet whose books trace the pull between spirit and the senses and the lonely search for one's true self. Raised in a strict Swabian missionary family against which he rebelled, he drew on that conflict throughout his work. Novels such as Demian, Siddhartha, set in the India of the Buddha, Steppenwolf and The Glass Bead Game follow seekers torn between discipline and desire, East and West. A pacifist who moved to Switzerland and opposed both world wars, he won the Nobel Prize in Literature in 1946 and was rediscovered, decades on, as a hero of the 1960s counterculture.",,Britannica; Nobel Foundation biographical note (Literature 1946); Wikipedia
Honoré de Balzac,bio,,1799,1850,"Tours, France","Paris, France","A French novelist and playwright, one of the founders of literary realism. Born at Tours and pushed toward the law, he chose letters instead, and after early failures and ruinous ventures in printing wrote at a furious pace, sustained by black coffee and mounting debt. His great work is La Comedie humaine, an interlinked cycle of ninety-odd novels and stories peopled by some two thousand characters, several hundred of whom return from book to book, which set out to record every class and corner of post-Napoleonic France. Minutely observed and driven by money and ambition, books such as Old Goriot and Lost Illusions became a model for the novelists who followed.","The cycle holds 91 finished works and roughly two thousand invented characters, of which counts put 460 to 573 in more than one book; the earlier bio described all two thousand as recurring.","Britannica; Wikipedia (Honore de Balzac; La Comedie humaine); Encyclopaedia Universalis, 'L'univers de La Comedie humaine'; Cerfberr and Christophe, Repertory of the Comedie Humaine, prefatory note (Wikisource)"
Hunter S. Thompson,bio,,1937,2005,"Louisville, Kentucky, USA","Woody Creek, Colorado, USA","An American journalist and author, the inventor of 'Gonzo' journalism, in which the reporter drops all pretence of detachment and becomes the story's wild center. After a first book that saw him beaten by the Hells Angels he had ridden with for a year, he found his voice in the drug-soaked, hallucinatory Fear and Loathing in Las Vegas and in savage political reporting for Rolling Stone. Profane, paranoid and often brilliant, his writing fused fact, invention and fury at American hypocrisy. He lived for decades on a fortified ranch in Colorado, guns close at hand, and took his own life in 2005.",,Britannica; Wikipedia (Hunter S. Thompson; Hell's Angels); Random House publication record for Hell's Angels
Hélder Câmara,bio,,1909,1999,"Fortaleza, Brazil","Recife, Brazil","A Brazilian Catholic archbishop who became one of the great voices for the poor of Latin America. As archbishop of Olinda and Recife in the impoverished northeast, he denounced hunger, inequality and the abuses of Brazil's military dictatorship, preaching nonviolence and the social mission of the church, and helped inspire what became liberation theology. Small, ascetic and fearless, he was silenced at home and honoured abroad, and was several times proposed for the Nobel Peace Prize. He is famous for asking why, when he gave the poor food he was called a saint, but when he asked why they were poor he was called a communist.","He died at the three-room house behind the church in Recife where he lived after refusing the episcopal residence (Independent obituary, 1999; Irish Times, 11 September 1999); Britannica and the Reuters death notice give Olinda, which is where he was buried.",Britannica; Wikipedia; The Independent obituary (1999); Irish Times (11 September 1999); Washington Post/Reuters death notice (29 August 1999); New Catholic Encyclopedia via Encyclopedia.com
Isaac Lidsky,bio,,1979,,"Miami, Florida, USA",,"An American entrepreneur, lawyer and author with an unusually varied life. A child television actor, he went on to graduate from Harvard, clerk for two justices of the United States Supreme Court, and build and sell companies, all while gradually going blind from a genetic disease. Rather than a tragedy, he came to treat his blindness as a lesson in how much of what we 'see' is really assumption and fear. In his book Eyes Wide Open and a popular TED talk, he urges readers to take responsibility for the reality they construct and to live with clear-eyed courage.",,"Wikipedia; Harvard Law Today, 'Supreme Foresight: Isaac Lidsky 04'; TED speaker page for the TEDSummit 2016 talk; publisher record for Eyes Wide Open (Penguin Random House, 2017)"
Ivan Nuru,bio,,unknown,,"Mississippi, USA",,"A young American poet, born Ivan Logan, who began writing as a teenager in Mississippi and later studied literature in New York. Drawing on his own heartbreak and the work of emotional healing, he shares spare, tender poems and prose about love, loss and self-worth, first with a large online following and then in the Amazon best-seller Offering My Heart. His brief, comforting lines, offering hope to anyone wounded in love, circulate widely on social media and quotation sites. Still early in his career, he is one of a generation of poets who found their first readers on the internet.","No birth year is on record; the only indication is his own undated Goodreads author profile, which calls him a 21-year-old poet from Mississippi. Sources place him in Mississippi without naming a town, so the state is as precise as the birthplace gets. Pen name of Ivan Logan; Offering My Heart was self-published in October 2017 while he was studying literature at The New School.","Her Campus interview, 'Interview with Ivan Nuru, New School Student and Published Poet'; Offering My Heart (CreateSpace, 1 October 2017) listing; his Goodreads author page"
J. A. K. Thomson,bio,,1879,1959,"Stonehaven, Scotland",,"A Scottish classical scholar, born at Stonehaven on the Kincardineshire coast, who held the chair of classical literature at King's College London from 1923 to 1945. A protege and then a close friend of Gilbert Murray, he wrote on Homer in Studies in the Odyssey, traced the history of irony from Socrates onward, and examined the classical inheritance of English poetry and prose. He is remembered today chiefly for his clear, graceful rendering of Aristotle's Nicomachean Ethics, published in 1953 and carried by Penguin Classics from 1955, which introduced generations of general readers to that foundational work of moral philosophy.","Identity and dates now settled: James Alexander Kerr Thomson, 1879-1959, per the National Archives name authority and the Library of Congress heading. Born at Stonehaven, Kincardineshire, per the biographical sketch in British Classics outside England (2009), p. 250. Where he died is still not recorded in anything traced, so deathplace stays empty. His life is better documented than the earlier bio allowed: that sketch, and his 1908-57 correspondence with Gilbert Murray in the Bodleian.","National Archives (Discovery) name authority F51340; Library of Congress / Online Books Page authority heading; British Classics outside England (2009), p. 250, via Internet Archive full-text search; Vroma, life of Grace Macurdy; Routledge author note to Irony: An Historical Introduction; Allen & Unwin 1953 and Penguin Classics 1955 editions of the Ethics"
Jack Kerouac,bio,,1922,1969,"Lowell, Massachusetts, USA","St. Petersburg, Florida, USA","An American novelist and poet, the restless heart of the Beat Generation. The son of French-Canadian immigrants in a Massachusetts mill town, he crisscrossed America and dreamed of a new, spontaneous kind of writing. His novel On the Road, said to have been typed in a feverish burst onto a long roll of paper, captured a postwar hunger for freedom, movement and experience and became the movement's defining book. He wrote many others, among them The Dharma Bums, exploring Buddhism, jazz and the road. Fame sat badly on him, and he drank himself to death at forty-seven.",,"Wikipedia; National Park Service, Lowell National Historical Park; UPI obituary in the Los Angeles Times, 22 October 1969"
Jack Kornfield,bio,,1945,,"Camp Lejeune, North Carolina, USA",,"An American writer and meditation teacher who helped move Buddhist practice into the mainstream of Western life. Trained as a Buddhist monk in the forest monasteries of Thailand, Burma and India, he returned to the United States, took a doctorate in clinical psychology, and became a founder of the Insight Meditation Society in Massachusetts and Spirit Rock in California. In warm, story-filled books such as A Path with Heart he presents the path of mindfulness and lovingkindness in plain, secular language, weaving it together with Western psychology and stressing compassion, forgiveness and acceptance of a difficult heart.","Born on the Marine base at Camp Lejeune, where his father was training for the invasion of Japan, not in Pennsylvania; the family moved to Philadelphia within the year, which is the likely source of the error. His own account in Lion's Roar and his twin brother Irving's self-written 2017 obituary agree on date and place.","Lion's Roar, 'Meet a Teacher: Jack Kornfield' (his own account); Irving Kornfield obituary, Bangor Daily News, April 2017; Wikipedia; jackkornfield.com biography; Dartmouth Alumni Magazine (Jan/Feb 2008)"
Jan Gehl,bio,,1936,,"Copenhagen, Denmark",,"A Danish architect and urban designer who has spent his career studying how public space shapes human life. Reacting against the car-centred planning of the 1960s, he began patiently observing, and counting, how people actually walk, sit and linger in streets and squares. His books, among them Life Between Buildings and Cities for People, argue that cities should be built at eye level and at a human pace, for walking, cycling and lingering rather than driving. Through his Copenhagen practice he has helped remake that city and advised New York, London, Melbourne and many others toward a more liveable design.",,"Wikipedia; gehlpeople.com biography; Key Thinkers on Cities (Sage), chapter on Jan Gehl; Danish Architecture Center profile"
Jane Jacobs,bio,,1916,2006,"Scranton, Pennsylvania, USA","Toronto, Canada","An American-Canadian writer and activist who overturned the way we think about cities. With no formal training in planning, she looked hard at how real neighbourhoods work and, in her landmark 1961 book The Death and Life of Great American Cities, attacked the postwar fashion for highways, tower blocks and slum clearance. She argued that dense, mixed, walkable streets with 'eyes on the street' are what make cities safe and alive. A fierce local organiser, she helped stop expressways that would have gutted New York and Toronto, and her ideas now shape urban thinking worldwide.",,"The Canadian Encyclopedia; Wikipedia; Los Angeles Times obituary, 26 April 2006; Project for Public Spaces profile"
Janis Joplin,bio,,1943,1970,"Port Arthur, Texas, USA","Los Angeles, California, USA","An American singer whose raw, wrenching voice made her one of the defining performers of the 1960s. A misfit from a conservative Texas oil town, she found her place in the San Francisco counterculture, fronting the band Big Brother and the Holding Company and then going solo. Drawing on the blues singers she idolised, she sang with a fierce, aching intensity that seemed to hold nothing back, electrifying audiences at Monterey and Woodstock. Her hard-living, hard-drinking persona masked deep insecurity, and she died of a heroin overdose at twenty-seven.",,"Handbook of Texas (Texas State Historical Association), 'Joplin, Janis Lyn'; Wikipedia; Los Angeles Times, Room 105 retrospective (2020)"
Jason Fried,bio,,1974,,,,"An American entrepreneur and author, co-founder and chief executive of 37signals, the software company behind Basecamp. With David Heinemeier Hansson he wrote Rework (2010), Remote (2013) and It Doesn't Have to Be Crazy at Work (2018), books that argue for small teams, calm working hours and fewer meetings.",,Written from general reference knowledge on 2026-09-29 without access to sources; to be verified.
Jean de la Bruyère,bio,,1645,1696,"Paris, France","Versailles, France","A French essayist and moralist, author of one of the classics of French prose. A quiet bachelor scholar attached as a tutor to a great aristocratic household, he watched the court and city of Louis XIV's France with a sharp, disenchanted eye. His single book, The Characters, expands an ancient model into a gallery of crisp portraits and maxims that skewer the vanity, snobbery and hypocrisy of every social type, from courtiers to the newly rich. Admired for its polished, epigrammatic style, it made him famous and won him, against opposition, a seat in the Academie francaise.",,"Britannica; Academie francaise, notice for fauteuil 36; New Catholic Encyclopedia and Encyclopedia of World Biography via Encyclopedia.com; Wikipedia"
Jean-Paul Sartre,bio,,1905,1980,"Paris, France","Paris, France","A French philosopher, novelist and playwright, the most famous face of existentialism. From a small, book-lined childhood he became the dominant intellectual of postwar France, holding that human beings are 'condemned to be free', thrown into a world without given meaning and wholly responsible for what they make of themselves. He set this out in the dense treatise Being and Nothingness and dramatised it in novels such as Nausea and plays like No Exit. A tireless political activist of the radical left and lifelong companion of Simone de Beauvoir, he declined the Nobel Prize in Literature in 1964.",,Nobel Prize in Literature 1964 facts and biographical pages (NobelPrize.org); Wikipedia; Nobel Foundation record of the declined prize
Johann Wolfgang von Goethe,bio,,1749,1832,"Frankfurt, Germany","Weimar, Germany","The towering figure of German literature and one of the last true universal men. Born in Frankfurt, he won sudden European fame at twenty-five with the novel The Sorrows of Young Werther, then settled at the small court of Weimar, where he served as a minister of state, directed the theatre and pursued science, writing on plants, colour and anatomy. Across sixty years he produced lyric poetry, novels and above all the drama Faust, his life's work, whose restless hero bargains with the devil for boundless experience. Friend and rival of Schiller, he shaped both Romanticism and Weimar Classicism and remains Germany's national poet.",,Internet Encyclopedia of Philosophy (Goethe); Wikipedia; Goethe Yearbook article on the 1784 intermaxillary-bone discovery
John Archibald Wheeler,bio,,1911,2008,"Jacksonville, Florida, USA","Hightstown, New Jersey, USA","An American theoretical physicist who bridged the founders of modern physics and its later generations. A collaborator of Niels Bohr, he worked on nuclear fission and the atomic and hydrogen bomb projects, then did pioneering work on gravitation and Einstein's general relativity, reviving the field. A gifted phrase-maker, he popularised the term 'black hole' and coined 'wormhole', and taught a long line of eminent physicists. In his later years he pondered deep questions linking information, observation and the very existence of the universe.","Died at his home in Hightstown, New Jersey, not at Princeton, where he had taught; the deathplace had drifted to the university town. He popularised rather than coined 'black hole', and coined 'wormhole'.","New York Times obituary 14 April 2008; Princeton University news release 14 April 2008; Physics World obituary (Kenneth Ford, 2008); Wikipedia"
John Cleese,bio,,1939,,"Weston-super-Mare, England",,"A British comedian, actor and writer, one of the founders of Monty Python. Tall, precise and gifted at portraying rage and pomposity, he helped create the surreal television comedy Monty Python's Flying Circus and its films, then co-wrote and starred in Fawlty Towers, one of the most cherished of all British sitcoms, playing the manic seaside hotelier Basil Fawlty. Beyond comedy he has written and lectured on creativity, arguing that play and an unhurried, open mode of mind are essential to it. He remains a sharp, contrarian public voice into his eighties.",,"Wikipedia; Encyclopedia.com (Contemporary Theatre, Film and Television); transcript of the 'Creativity in Management' lecture, London, 23 January 1991 (Speakola)"
John De Paola,bio,,unknown,,,,"A name attached to a handful of short motivational sayings that circulate widely online, among them the counsel to slow down so that whatever you are chasing can come around and catch you. Beyond these quotations, no reliable biography can be found: who he was, when and where he lived, and even the source of the lines are not on record, so an attribution under his name should be treated with caution.",No reliable record; known only from a few circulating quotations.,"Internet Archive full-text search: 20 printings, all self-help, detox and gift anthologies from the 1990s on, two of them printing the line as 'attributed to'; web search returns only unrelated namesakes (the illustrator Tomie dePaola, a Florida trumpeter); no library authority record or obituary exists"
John Dewey,bio,,1859,1952,"Burlington, Vermont, USA","New York City, USA","An American philosopher, psychologist and educational reformer, one of the most influential thinkers his country has produced. A leading figure of pragmatism, he held that ideas are tools for solving real problems and that truth is what works in practice. He is best known for transforming education, arguing that children learn by doing and by experience rather than by rote, and that schools are nurseries of democracy. Through his laboratory school and a stream of books he shaped 'progressive education' around the world, and wrote widely on democracy, art and logic.",,Britannica; Stanford Encyclopedia of Philosophy entry on Dewey; Wikipedia; EBSCO biographical record
John Dryden,bio,,1631,1700,"Aldwincle, England","London, England","An English poet, playwright and critic who dominated the literary life of Restoration England, so much so that the age is sometimes called the Age of Dryden. Named the first official Poet Laureate, he wrote satirical verse such as Absalom and Achitophel, odes, plays and influential translations of Virgil and other classics. His clear, vigorous, balanced style helped set the course of English poetry and prose for the century that followed, and his essays effectively founded modern English literary criticism.",,"Britannica; Academy of American Poets biography (letters patent of 1668, first official laureate); Wikipedia. Dates are New Style; Old Style gives 9 August 1631 and 1 May 1700"
John Lubbock,bio,,1834,1913,"London, England","Kingsgate, Kent, England","An English banker, politician and scientist, a striking example of the Victorian polymath. A neighbour and friend of Charles Darwin, he was an early champion of evolution and a pioneering student of insects and of prehistory, coining the terms Palaeolithic and Neolithic. In Parliament he secured the first bank holidays and laws to protect ancient monuments, and he wrote popular books on nature and on living well. Ennobled as Lord Avebury, he embodied an age that saw no barrier between science, business and public service.",,"Britannica (John Lubbock, 1st Baron Avebury); NatWest Group heritage biography; Royal Society Notes and Records (2014) on Pre-historic Times and the coining of Palaeolithic and Neolithic"
John Muir,bio,,1838,1914,"Dunbar, Scotland","Los Angeles, California, USA","A Scottish-American naturalist, writer and wilderness advocate, often called the father of the national parks. Emigrating as a boy to Wisconsin, he became a tireless walker and observer of the wild, above all of California's Sierra Nevada and the Yosemite Valley, which he described with rapturous devotion. Through vivid books and articles he taught Americans to see mountains and forests as sacred rather than mere resources, and he helped persuade the government to protect Yosemite and other wild lands. He co-founded and led the Sierra Club.",,"Britannica; Sierra Club biography and 'A Brief Biography'; Wikipedia (death at California Hospital, Los Angeles)"
Jon Kabat-Zinn,bio,,1944,,"New York City, USA",,"An American scientist who brought Buddhist meditation into mainstream medicine. Trained as a molecular biologist, and a longtime student of Zen and yoga, he founded a stress-reduction clinic at the University of Massachusetts in 1979 and there developed Mindfulness-Based Stress Reduction, an eight-week programme that strips mindfulness of religious trappings and teaches it as a practical skill for coping with pain, illness and stress. Backed by a growing body of research, his approach has spread into hospitals, schools and workplaces around the world.",,jonkabat-zinn.com biography; Wikipedia; MBSR Collaborative history of MBSR; TIME interview 'Mind Reading'
Jonathan Franzen,bio,,1959,,"Western Springs, Illinois, USA",,"An American novelist and essayist, one of the most prominent literary chroniclers of contemporary family and social life. Raised in suburban Missouri, he came to wide fame with The Corrections, a sprawling tragicomedy of a Midwestern family gathering for one last Christmas, published just days before the September 11 attacks. Freedom and Crossroads carried on his study of marriage, generation and moral striving in an anxious America. Known too for combative essays on fiction, technology and the natural world, and for a public tangle with Oprah's Book Club, he writes deliberately against the distractions of the digital age.",,Wikipedia; Illinois Center for the Book author record; EBSCO research starter; contemporary accounts of the September 2001 Oprah's Book Club selection
Jonathan Raban,bio,,1942,2023,"Hempton, Norfolk, England","Seattle, Washington, USA","A British writer who became one of the most admired travel writers and essayists of his time. Trained as an academic, he left teaching to write, and made his name with literate, reflective books built around journeys: the length of the Mississippi in a borrowed sixteen-foot motorboat in Old Glory, and alone under sail around the coast of Britain in Coasting. Blending travel, memoir, history and sharp social observation, he emigrated to the United States in 1990 and settled in Seattle, writing with an outsider's clear eye about his adopted country, not least in Bad Land, on the abandoned homesteads of eastern Montana. He also wrote novels and criticism over a long and honoured career.","Born at Hempton, the village adjoining Fakenham: Wikipedia and the Telegraph obituary both give Hempton, while the Guardian, New York Times and Seattle Times say only Norfolk. The Mississippi voyage of Old Glory was made in a borrowed sixteen-foot aluminium motorboat with an outboard engine, not under sail; the sailing books are Coasting and Passage to Juneau.","Telegraph, Guardian, New York Times and Seattle Times obituaries, January 2023; Wikipedia; contemporary reviews and reports on Old Glory (New York Times 6 September 1981, Christian Science Monitor 9 November 1981, UPI 1 November 1981)"
Joseph Joubert,bio,,1754,1824,"Montignac, France","Paris, France","A French moralist and essayist who published not a single line in his lifetime. Secretary for a time to Diderot as a young man in Paris, and later the close friend and candid mentor of Chateaubriand, he spent his days reading, thinking and refining short reflections in the notebooks he kept from 1786 on, forever polishing thoughts on morals, art, religion and language toward a perfect concision. At his death his widow gave the papers to Chateaubriand, who in 1838, fourteen years later, printed a small private selection as 'Recueil des pensées de M. Joubert'; fuller editions of the Pensées followed through the century. He is now valued as one of the finest of French aphorists, a writer who made of hesitation and endless revision an art of its own.","The bio said 'only decades after his death': Chateaubriand's selection appeared in 1838, fourteen years after Joubert died, in a small printing not put on sale. Joubert was Diderot's secretary for a few months rather than his friend on equal terms. Birth given as 6 May (Britannica, English Wikipedia) or 7 May 1754; death as 3 May (Britannica) or 4 May 1824 (French Wikipedia, booksellers' records).","Britannica; English and French Wikipedia; antiquarian descriptions of the 1838 Le Normant first edition (Camille Sourget, Hatchuel) citing Escoffier and the BnF Joubert exhibition catalogue of 1954; Sainte-Beuve, Portraits littéraires"
Joseph Roux,bio,,1834,1905,"Tulle, France","Tulle, France","A French Catholic priest, poet and philologist of the Limousin, in south-central France. Twelve years as curate of the mountain village of Saint-Sylvain, and afterwards of Saint-Hilaire-Peyroux, gave him a solitary life of reading and reflection, and made him a scholar and champion of his regional Occitan tongue: a majoral of the Félibrige, author of a Limousin grammar and of the epic Chansou lemouzina, and founder of the review Lemouzi. His book of aphorisms Pensées, published in Paris at the urging of the félibre Paul Mariéton, won praise from Renan and the Parisian critics, the Académie française's Prix Montyon in 1886 and a canonry at Tulle the same year; in Isabel Hapgood's English version, 'Meditations of a Parish Priest', his brief thoughts on faith, nature, solitude and character reached a wider readership still.","Born at Tulle on 19 April 1834 and died in the same city in February 1905; the recorded places replace 'Limousin' and 'France', which were his region and his country. Sources differ on the day of death, 4 February (Annales du Midi notice of 1905, Occitanica) or 6 February (French and German Wikipedia); 1886, sometimes given as the death year, is the year of Hapgood's English translation. The bio's claim that he was little known in his own day is wrong: the Pensées made him famous in France and abroad, and sources date their first Lemerre edition to 1883 or 1885.","René Lavaud, 'Chanoine Joseph Roux (1834-1905)', Annales du Midi 17/67 (1905), via Persée; Vidas/Occitanica biography; French and German Wikipedia; Robert Joudoux in Bulletin de l'Association Guillaume Budé (1969), via Persée; Hapgood's 1886 translation (Internet Archive, Online Books Page)"
Joyce Brothers,bio,,1927,2013,"Brooklyn, New York City, USA","Fort Lee, New Jersey, USA","An American psychologist who became one of the first celebrity purveyors of popular psychology. She came to fame in an unlikely way, winning a television quiz show as an expert on boxing, then parlayed that into a long career dispensing advice on love, marriage and everyday problems through television, radio and a widely syndicated newspaper column. Warm, unflappable and ever-present in American media for decades, she helped make the insights of psychology familiar to ordinary people and became a genuine household name.","Died at her home in Fort Lee, New Jersey, where she had lived for much of her adult life; the Associated Press first reported New York City and corrected it. Born in Brooklyn as Joyce Diane Bauer.","New York Times obituary 13 May 2013; Washington Post obituary 13 May 2013; Fort Lee Patch report carrying the AP correction; American Psychologist obituary (Farley, 2014) via Psychology's Feminist Voices; Wikipedia"
Jón Kalman Stefánsson,bio,,1963,,"Reykjavik, Iceland",,"An Icelandic novelist and poet, one of the most acclaimed writers of his generation in Iceland. He worked in fish factories, as a mason and as a librarian before devoting himself to literature, and his lyrical, melancholy fiction is steeped in the harsh beauty of the Icelandic landscape and the lives of fishermen and villagers. A trilogy beginning with Heaven and Hell, following a boy in a remote fishing community around 1900, won him international readers, and his novels have been widely translated, longlisted for the International Booker Prize and nominated several times for the Nordic Council Literature Prize. His prose is prized for its poetry and its feeling for solitude and loss.",,Wikipedia (Jon Kalman Stefansson); Icelandic Literature Center (islit.is) author page; The Booker Prizes author page; Nordic Council (norden.org) nominee page
Kamand Kojouri,bio,,unknown,,"Tehran, Iran",,"A contemporary Iranian poet who writes in English on love, unity and the spiritual longing of the human heart. Born in Tehran and raised in Toronto and Dubai, she settled in Britain, took an MA in creative writing in London and a doctorate at Swansea University, and later taught English and creative writing in the Gulf. Her first collection, The Eternal Dance: Love Poetry and Prose, appeared in 2018 and was followed by God, Does Humanity Exist?, which turns from romantic love to resistance and hope. Warm and idealistic, her verse circulates very widely on social media, in a tradition of devotional love poetry that reaches back to the Persian mystics.",Birth year not firmly on record; the specific line quoted in the bank is unverified.,"Publisher-supplied author biographies (Audible, Amazon author page); author interview, Boots, Shoes & Fashion, 2020 (Tehran birth, Toronto and Dubai upbringing); Medium author profile (Swansea PhD)"
Karolyn James,bio,,unknown,,,,"A prolific writer of popular romance and romantic suspense, published almost entirely as e-books in the United States, also under the pen names London Casey and, for westerns, Claire Charlins. Her rock-star series Brothers of Rock, which follows the fictional band Chasing Cross, sold in large numbers, and its first book, All Access, reached the New York Times and USA Today lists as part of a multi-author boxed set; as London Casey she wrote the long-running Back Down Devil MC biker romances. Lines from her novels, on desire, passion and love's spark catching fire, circulate on quotation sites, though almost nothing of her life is publicly recorded.","Birthplace and nationality nowhere documented, so the earlier 'USA' is removed; she is on record only as an author publishing e-books in the United States. Also publishes as London Casey and Claire Charlins, her own promotional copy naming each as a pen name of the others. The best-seller billing comes from All Access appearing in a multi-author boxed set. The exact source of the quoted line is unverified.","FantasticFiction (London Casey / Karolyn James); her own guest post at Books for Company, November 2013, on the boxed-set listing and the Claire Charlins and London Casey pen names; her Goodreads author-account note that she writes under both names; author features at Because Reading and Mae Clair; Book Notification and Book Series in Order series listings"
Katherine Mansfield,bio,,1888,1923,"Wellington, New Zealand","Fontainebleau, France","A New Zealand-born writer who became one of the great modernist masters of the short story. She left colonial Wellington as a young woman for London, where she led an unconventional, bohemian life among writers, including a close and competitive friendship with Virginia Woolf. In spare, delicate, psychologically acute stories such as those in Bliss and The Garden Party, she caught fleeting moods and moments of revelation with a poet's precision, helping to reshape what the short story could do. Dogged by illness, she died of tuberculosis at only thirty-four.","She died at Gurdjieff's Institute for the Harmonious Development of Man at Avon, immediately outside Fontainebleau, and is buried in the cemetery at Avon; sources give the death place as either Fontainebleau or Avon.","Britannica (Katherine Mansfield); Te Ara Encyclopedia of New Zealand; NZHistory (Manatu Taonga, Ministry for Culture and Heritage); Wikipedia"
Kathryn Lasky,bio,,1944,,"Indianapolis, Indiana, USA",,"An American author of books for children and young people, prolific across fiction and nonfiction. Born in Indianapolis, she has written more than a hundred books over a long career, ranging from picture books and biographies to historical novels and fantasy. She is best known for the fantasy series Guardians of Ga'Hoole, about a civilization of owls, which was adapted into an animated film, and for acclaimed historical fiction that brings the past alive for young readers. Her work has earned a Newbery Honor among other awards.",,Wikipedia (Kathryn Lasky); her own site kathrynlasky.com biography; ALSC Newbery Medal and Honor list (Sugaring Time)
Keshavan Nair,bio,,1932,2002,"Patiala, India",,"An Indian-born writer and management consultant who spent his career in the United States, best known for a study of the example of Mahatma Gandhi. Trained in engineering and in decision and risk analysis, and a lifelong reader of Gandhi, he taught at Ohio State University and at the Indian Institute of Technology Kanpur before a long career in consulting, rising to executive vice-president and director of Woodward-Clyde Consultants and then, from 1983, running his own practice advising senior executives on leadership. In A Higher Standard of Leadership he drew lessons from Gandhi's life for the modern workplace, arguing that leaders should be guided by absolute values, service and moral courage rather than expediency. He had earlier published Beyond Winning, a handbook on values-based leadership.","Born 1932 and died 2002 on library authority records and his publisher's author note; the earlier 'dates and origin not on record' was wrong. Berrett-Koehler's jacket copy spells the birthplace 'Patalia', taken here as Patiala in Punjab. Place of death not recorded.","Berrett-Koehler author note for A Higher Standard of Leadership, as carried by AbeBooks and ZVAB (birthplace, Ohio State and IIT Kanpur, death in 2002); National Library of Korea authority record KAC201756352 (1932-2002); catalogue heading 'Nair, Keshavan, 1932-' (Strathmore University Library); Penguin Random House book page; getAbstract author note; World Class Speakers profile (Woodward-Clyde and consulting career); Internet Archive full-text search (Beyond Winning 1988 and 1990, A Higher Standard of Leadership 1994, The Soul of Business 1997)"
Kevin Lynch,bio,,1918,1984,"Chicago, Illinois, USA","Martha's Vineyard, Massachusetts, USA","An American urban planner and scholar who transformed how we understand the experience of cities. A professor at MIT, he asked ordinary people to draw their cities from memory, and from these studies wrote his classic The Image of the City, which argued that we navigate by mental images built from five elements: paths, edges, districts, nodes and landmarks. A city that is 'legible', easy to read and remember, he held, is more usable and more humane. His ideas about how people perceive and find their way through the built environment remain foundational.",,"Wikipedia (Kevin A. Lynch); New York Times obituary, 3 May 1984; MIT ArchivesSpace finding aid for the Kevin Lynch papers; The Cultural Landscape Foundation pioneer profile; MIT Press author page"
Kinky Friedman,bio,,1944,2024,"Chicago, Illinois, USA","Medina, Texas, USA","An American singer-songwriter, novelist, humorist and sometime politician, a proudly outrageous Texan original. He first won notice fronting the satirical country band Kinky Friedman and the Texas Jewboys, whose provocative songs mixed comedy and social commentary. He then turned to writing a popular series of comic detective novels featuring a version of himself, and to cigars, journalism and a self-mocking run for governor of Texas. Sardonic, quotable and unclassifiable, he cultivated the persona of a wisecracking cowboy philosopher.",Born Richard Friedman.,"Wikipedia (Kinky Friedman); Associated Press obituary, 27 June 2024; Texas Tribune obituary, 27 June 2024; Washington Post obituary, 27 June 2024; Rolling Stone, 27 June 2024"
Kurt Tucholsky,bio,,1890,1935,"Berlin, Germany","Gothenburg, Sweden","A German journalist, satirist and writer of the Weimar Republic. He wrote for Die Weltbühne under his own name and as Peter Panter, Theobald Tiger, Ignaz Wrobel and Kaspar Hauser, attacking militarism, nationalism and the courts. His books include Rheinsberg (1912) and Schloss Gripsholm (1931). His works were burned by the Nazis in 1933; he lived in exile in Sweden and died in Gothenburg in 1935.",,Written from general reference knowledge on 2026-09-29 without access to sources; to be verified.
Kurt Vonnegut,bio,,1922,2007,"Indianapolis, Indiana, USA","New York City, USA","An American novelist who fused science fiction, black comedy and humane despair into some of the most beloved American books of the twentieth century. As a young soldier he survived the Allied firebombing of Dresden as a prisoner of war, an experience at the heart of his masterpiece Slaughterhouse-Five, an anti-war novel narrated with the weary shrug 'so it goes'. Across books such as Cat's Cradle and Breakfast of Champions he wrote plainly and jokingly about war, technology, free will and human folly, hiding deep pessimism and deeper kindness behind a deadpan wit.",,"Wikipedia (Kurt Vonnegut); New York Times obituary, 11 April 2007; Kurt Vonnegut Museum and Library biography; Kurt Vonnegut Society life summary; National WWII Museum article on Vonnegut and Slaughterhouse-Five"
L. Frank Baum,bio,,1856,1919,"Chittenango, New York, USA","Hollywood, California, USA","An American author who created one of his country's great modern fairy tales. Born in upstate New York, he tried chicken breeding, acting, shopkeeping and journalism before finding his calling writing for children. The Wonderful Wizard of Oz, published in 1900, gave America a homegrown wonderland of a Kansas girl, a scarecrow, a tin man and a cowardly lion, and its huge success drew him on to write thirteen further Oz books. He set out to modernise the fairy tale, keeping the wonder while dropping the old moralising and terror, and his Oz has never since been out of print or out of the culture.",,"Britannica (L. Frank Baum); Wikipedia (L. Frank Baum, and the list of Oz books for the count of fourteen); Encyclopedia.com American literature biographies; Literary Hub on The Book of the Hamburgs"
Lady Bird Johnson,bio,,1912,2007,"Karnack, Texas, USA","Austin, Texas, USA","An American First Lady, businesswoman and conservationist, born Claudia Alta Taylor and nicknamed 'Lady Bird' as a child. A shrewd manager who built a broadcasting fortune that funded her husband Lyndon Johnson's political rise, she brought quiet strength to the White House. As First Lady she made the 'beautification' of the country her cause, campaigning to plant wildflowers and trees and to curb the billboards and junkyards blighting America's roadsides, work that helped seed the modern environmental movement. In later life she founded a wildflower research centre in Texas.",,"Wikipedia (Lady Bird Johnson); Handbook of Texas, Texas State Historical Association; LBJ Presidential Library tribute page (KTBC purchase in 1943, wildflower centre founded 1982); National First Ladies' Library biography (archived)"
Lao Tzu,bio,,c. 6th c. BC,,"state of Chu, China",,"The semi-legendary founder of Taoism and reputed author of the Tao Te Ching, the terse and paradoxical classic of the Way. Chinese tradition makes him an older contemporary of Confucius, a keeper of archives at the Zhou court who, wearied by its decline, rode west and, at a mountain pass, set down five thousand characters of wisdom before vanishing from history. Modern scholars doubt he was a single person and read the book as a compilation. Whoever shaped it, the Tao Te Ching praises yielding over force and simplicity over striving, and teaches wu wei, action so aligned with nature that it seems like doing nothing at all.",Semi-legendary; some traditions place him in the 4th c. BC. Death unrecorded.,"Stanford Encyclopedia of Philosophy (Laozi); Internet Encyclopedia of Philosophy (Laozi); Encyclopedia.com (Laozi); Wikipedia (Laozi) - all on Sima Qian's Shiji 63 account: native of Chu, keeper of the Zhou archives, senior contemporary of Confucius, five thousand characters given to Yin Xi at the pass, and the alternative fourth-century dating"
Lee Mildon,bio,,unknown,,,,"A name that survives as a newspaper byline. Short comic epigrams credited to 'Lee Mildon, Salinas (Calif.) Monterey County News' were picked up as filler by American papers in the mid-1960s, among them the line about old clothes and a big smile that later spread through quotation anthologies and greeting cards. Nothing else is recorded: no book, obituary or biographical entry has been traced, and whether the credit names a staff writer, a columnist or a reader who sent the lines in is unknown, as are dates, birthplace and everything else of the life.","Not wholly unrecorded, as the row previously said: quips credited to Lee Mildon of the Monterey County News, Salinas, California, appear in The Boone-Blowing Rock Journal (N.C.), 5 March 1965, and The State Port Pilot (Southport, N.C.), 31 March 1965, the latter carrying the 'old clothes' line itself and predating every anthology printing found. Dates, places and identity still not on record.","DigitalNC newspaper archive full-text search (The State Port Pilot, 31 March 1965; The Boone-Blowing Rock Journal, 5 March 1965); Chronicling America at loc.gov, one unrelated 1920 hit; Internet Archive full-text search, twenty-seven hits all in quotation anthologies from the 1990s onward; Quote Investigator, nothing"
Lena Horne,bio,,1917,2010,"Brooklyn, New York, USA","New York City, USA","An American singer, actress and civil-rights activist. She began as a teenage dancer at Harlem's Cotton Club and rose to become one of the first African-American performers signed to a major Hollywood studio, though the films of the era largely confined her to standalone musical numbers that could be cut for Southern audiences. Refusing to play stereotyped roles, and blacklisted for a time for her politics, she found her fullest voice on the stage and on record, and became an outspoken figure in the struggle for civil rights.",,"Wikipedia (Lena Horne); New York Times obituary, 10 May 2010; Washington Post obituary, 11 May 2010; Los Angeles Times obituary, 10 May 2010; Time, 10 May 2010"
Leonardo da Vinci,bio,,1452,1519,"Vinci, Italy","Amboise, France","An Italian polymath of the High Renaissance, the very archetype of the universal genius. The illegitimate son of a notary near Florence, he trained as a painter and produced some of the most famous images ever made, the Mona Lisa and The Last Supper, though he finished few works. But painting was only part of his restless curiosity: his thousands of notebook pages, written in mirror script, teem with studies of anatomy, water, birds, machines and the play of light, anticipating discoveries and inventions by centuries. He spent his final years in France.","Birthplace uncertain: local tradition, followed by Britannica, gives the hamlet of Anchiano near Vinci, while the baptismal note his grandfather Antonio entered in a notarial register points to Vinci itself; Tuscany was then the Republic of Florence. He died at the manor of Clos Luce at Amboise.","Britannica (Leonardo da Vinci); Wikipedia (Leonardo da Vinci); Museo Leonardiano di Vinci biography; Istituto e Museo di Storia della Scienza, Florence (brunelleschi.imss.fi.it) on the 1452 baptismal record"
Les Brown,bio,,1945,,"Miami, Florida, USA",,"An American motivational speaker, author and broadcaster who rose from hard beginnings to become one of the best-known figures in his field. Born in poverty in Miami, one of twins given up for adoption, and once labelled 'educable mentally retarded' at school, he worked as a disc jockey and served in the Ohio legislature before turning to full-time speaking. Preaching, in a booming, preacherly style, that it is possible to overcome any obstacle and to pursue one's dreams, he built a large following through seminars, books and television.",,English Wikipedia 'Les Brown (politician)'; The HistoryMakers biography; Ohio Statehouse legislator page for Leslie C. Brown; Contemporary Black Biography via Encyclopedia.com
Lewis Mumford,bio,,1895,1990,"Flushing, New York, USA","Amenia, New York, USA","An American historian, sociologist and critic who wrote sweepingly about cities, technology and civilization. Largely self-educated and astonishingly wide-ranging, he was for decades a leading critic of architecture and a public intellectual, warning against the dehumanising drift of the modern city and the machine. In major works such as Technics and Civilization and The City in History he traced how tools and urban forms have shaped human life, praising human-scaled community and condemning sprawl, the automobile and what he called the 'megamachine' of centralised power.",,"Britannica; English Wikipedia; Encyclopedia.com (Encyclopedia of Science, Technology and Ethics); Encyclopedia of American Studies (Johns Hopkins)"
Lil Wayne,bio,,1982,,"New Orleans, Louisiana, USA",,"An American rapper, one of the most prolific and influential hip-hop artists of his generation. Born Dwayne Carter in New Orleans, he was signed to Cash Money Records as a child and released his first album at seventeen. Through a torrent of mixtapes and the multi-platinum Tha Carter series he honed a dense, punning, endlessly inventive style built on wordplay and a raspy drawl, and became a defining voice of Southern rap. As head of his own Young Money label he launched the careers of Drake and Nicki Minaj, and is widely counted among the most gifted rappers ever to record.",,"English Wikipedia; 64 Parishes (Louisiana Endowment for the Humanities); AllMusic artist biography; Wikipedia on Tha Block Is Hot, released 2 November 1999"
Lily Tomlin,bio,,1939,,"Detroit, Michigan, USA",,"An American comedian and actress, celebrated for a gallery of vivid comic characters and a long, versatile career. She rose to fame on the television show Laugh-In at the end of the 1960s with characters such as the sardonic telephone operator Ernestine, then moved between stand-up, hit films and the stage. The one-woman show The Search for Signs of Intelligent Life in the Universe, written for her by Jane Wagner, her partner of four decades and later her wife, won her a Tony Award. Sharp, warm and socially conscious, she has kept working into her eighties, one of the great comic performers of her generation.",The Search for Signs of Intelligent Life in the Universe was written by Jane Wagner alone and performed by Tomlin; the two co-wrote the earlier Appearing Nitely. They met in 1971 and married in 2013.,Britannica; Kennedy Center artist page; Television Academy biography; English Wikipedia
Lin Yutang,bio,,1895,1976,"Banzai, Fujian, China",Hong Kong,"A Chinese writer, linguist and translator who interpreted China and the art of living to Western readers with grace and wit. The son of a Christian minister, and educated in Shanghai, at Harvard and at Leipzig, he wrote in both Chinese and English and became, for a mid-century American audience, one of the most beloved explainers of Chinese culture. His best-selling The Importance of Living made a gentle philosophy out of leisure, tea, friendship and the enjoyment of everyday things, and My Country and My People introduced Chinese life and thought to the world. He also designed the MingKwai Chinese typewriter, patented in 1952 but never manufactured, which turned typing Chinese into a matter of search and retrieval.","Born in the village of Banzai, in Pinghe county; Zhangzhou is the prefecture that county belongs to rather than the recorded birthplace. Also written Lin Yu-tang and Lin-yutang.","English Wikipedia; MIT Press Reader, 'The Uncanny Keyboard' (Thomas Mullaney) on the MingKwai; Made in China Journal, 'Lost and Found: The Unexpected Journey of the MingKwai Typewriter' (2025)"
Lincoln Steffens,bio,,1866,1936,"San Francisco, California, USA","Carmel, California, USA","An American journalist, one of the crusading reporters of the Progressive era whom Theodore Roosevelt dubbed 'muckrakers'. As a magazine editor and writer he exposed the machine politics and graft that ran America's cities, gathering his investigations into the influential book The Shame of the Cities. Restless and idealistic, he later grew disillusioned with piecemeal reform, and after travelling to Soviet Russia in 1919 with an American mission he reported that he had been over into the future, and it worked, a judgement that time would sour.","His Autobiography (1931) gives the sentence as 'I have been over into the future, and it works', answering Bernard Baruch; 'I have seen the future and it works' is the popular corruption, which the bio had carried as fact.","English Wikipedia; SNAC authority record for Steffens, Lincoln, 1866-1936; EBSCO Research Starters; Respectfully Quoted (1989), citing the Autobiography vol. 2, ch. 18, p. 799"
Linn da Quebrada,bio,,1990,,"Sao Paulo, Brazil",,"A Brazilian singer, songwriter, actress and television presenter, and a fierce artistic voice for transgender and Black Brazilians. Born on the poor eastern edge of Sao Paulo and raised a Jehovah's Witness in the interior of the state, a faith she left as she came out, she returned to the city and took the stage name da Quebrada, 'from the hood'. Her funk and pop, confrontational and sensual by turns, put questions of gender, race, religion and desire at the centre, as on the albums Pajuba and Trava Linguas. She calls herself travesti rather than a trans woman, and has become a prominent figure in Brazilian debates over sexuality, identity and the body.","Raised a Jehovah's Witness rather than in an evangelical church, and brought up in Votuporanga and Sao Jose do Rio Preto before returning to the capital. She asks for feminine pronouns and describes herself as travesti, not as a trans woman. The Dicionario Cravo Albin gives 18 July 1990 as her birth date; Wikipedia records only the year.","English Wikipedia; Dicionario Cravo Albin da Musica Popular Brasileira; Rolling Stone Brasil profile, 21 February 2022; UOL Universa, 24 January 2022, on her gender identity; Remezcla interview about Pajuba"
Lois McMaster Bujold,bio,,1949,,"Columbus, Ohio, USA",,"An American writer of science fiction and fantasy, one of the most honoured in the field. Born in Ohio, the daughter of an engineering professor, she is best known for the long-running Vorkosigan Saga, whose hero Miles Vorkosigan is a brilliant, physically disabled nobleman scheming his way across a far-future galaxy, and for the fantasy world of the Five Gods. Her warm, character-driven storytelling, sharp wit and moral seriousness have won her a devoted readership and a record-tying number of Hugo Awards for best novel.",,"English Wikipedia; Encyclopedia.com (Contemporary Authors); Kirkus Reviews profile; Wikipedia list of Hugo Award for Best Novel winners (four wins, matching Heinlein)"
Lucius Annaeus Seneca,alias,Seneca,,,,,,Full Roman name of the same philosopher.,
Ludwig Wittgenstein,bio,,1889,1951,"Vienna, Austria","Cambridge, England","An Austrian-British philosopher, among the most influential of the twentieth century. Born into one of the richest families of imperial Vienna, he gave away his inherited fortune and led a restless, self-punishing life, working as a schoolteacher, gardener and hospital porter between spells at Cambridge. He remade the philosophy of language twice over. The early Tractatus held that the limits of one's language are the limits of one's world, and that much of philosophy is nonsense, the result of trying to say what can only be shown; the later Philosophical Investigations, published after his death, undid that picture, treating meaning as a matter of use in the 'language games' of ordinary life.","The proposition the bank quotes is Tractatus 5.6, 'The limits of my language mean the limits of my world' in Ogden's translation. The bio gave it as the limits of thought, where the preface draws a limit not to thinking but to the expression of thoughts.","Routledge Encyclopedia of Philosophy, life of Wittgenstein; English Wikipedia; the Ogden translation of the Tractatus, proposition 5.6 and the preface"
Luiz Inacio Lula da Silva,bio,,1945,,"Caetes, Pernambuco, Brazil",,"A Brazilian metalworker and union leader who became one of his country's most consequential politicians. Born into deep poverty in the drought-stricken northeast and with little schooling, he lost a finger in a factory press and rose through the labour movement, leading historic strikes against the military dictatorship and helping found the left-wing Workers' Party. Elected president in 2002, he governed for two terms marked by rapid growth and vast anti-poverty programmes that lifted millions. Jailed on corruption charges later annulled by the courts, he staged a remarkable comeback, returning to the presidency in 2023.","'Lula', originally a nickname, was made part of his legal name.","English Wikipedia; Planalto (Presidency of Brazil) official biography; O Globo, 27 October 2025, on the birth certificate dated 6 October against the 27 October he was born and celebrates"
Mahatma Gandhi,bio,,1869,1948,"Porbandar, India","New Delhi, India","The leader of India's struggle for independence and the modern world's foremost apostle of nonviolence. Trained as a lawyer in London, he first forged his method of satyagraha, or truth-force, fighting discrimination against Indians in South Africa. Returning home, he turned the independence movement into a mass campaign of civil disobedience, spinning his own cloth, marching to the sea to make salt in defiance of British law, and fasting to still communal violence. Revered as Mahatma, 'great soul', he lived in deliberate simplicity. Months after independence and partition, he was shot dead by a Hindu extremist.",,"Britannica; chronology of Gandhi's life, Gandhi Smriti and Darshan Samiti (Government of India); English Wikipedia on Gandhi and on his assassination"
Majd al-Din Baghdadi,bio,,c. 1149,1219,"Baghdadak, Khwarazm (Central Asia)",Amu Darya (Oxus) river,"A Persian Sufi master and physician of Khwarazm, in Central Asia, at the turn of the thirteenth century. Born into a wealthy family with close ties to the ruling house, he followed his father into medicine and royal service before submitting to the great mystic Najm al-Din Kubra, who set him to cleaning the latrines of his lodge to cure him of the pride of high birth. He became one of Kubra's foremost deputies and the teacher of Najm al-Din Razi, and left an Arabic treatise answering ten questions of the mystical path, along with Persian letters, poems and a treatise on spiritual travel. The Khwarazm-shah had him put to death, by tradition drowned in the Oxus, and contemporaries read the Mongol destruction of Khwarazm that followed as retribution for it.","Dates approximate and disputed: Encyclopaedia Iranica has him born in 1149 in the village of Baghdadak near Khwarazm, while the Encyclopaedia of Islam and the English reference works following it give 1170; the death is placed at 606/1209-10 or at 616/1219. The drowning in the Oxus is the account Sufi tradition favours, fulfilling a curse of Kubra's, while some chronicles have him cut down in his prayer room.","Encyclopaedia Iranica, 'Kobrawiya' (Hamid Algar), for the birth year and the village of Baghdadak; English Wikipedia citing Encyclopaedia of Islam 3rd ed. (Abuali, 2019); French Wikipedia on his training in medicine; scholarly review of Algar's translation of Razi's Mersad al-ebad on the conflicting death dates"
Manfred Hinrich,bio,,1926,2015,"Berlin, Germany","Zepernick, Germany","A German philosopher, teacher, journalist and writer, and above all a prolific aphorist. Trained in philosophy and musicology, he taught in Brandenburg, worked for years as a freelance journalist and wrote children's songs, but is best known for the thousands of short sayings he called his 'Scherben', or shards. Terse, playful and often paradoxical, these aphorisms circulate very widely in German, frequently cut loose from any source, and their sheer number has made his one of the most quoted names in the genre, even where the origin of a single line is hard to trace.",,"German Wikipedia; GND authority record 107451964 via Kalliope and Archivportal-D (b. 9 November 1926 Berlin, d. 13 January 2015 Zepernick); aphorismen.de author page with his own autobiographical note"
Manuel Puig,bio,,1932,1990,"General Villegas, Argentina","Cuernavaca, Mexico","An Argentine novelist who brought the textures of popular culture into serious literature. Enthralled from childhood by the Hollywood films that lit up his dusty provincial town, he built novels out of movie fantasies, boleros, gossip and the voices of ordinary people, often dispensing with a narrator entirely. His best-known book, Kiss of the Spider Woman, in which two cellmates, a gay window-dresser and a Marxist revolutionary, pass the time retelling films, became a celebrated play and film. Openly gay and often at odds with authority, he spent much of his life in exile.",,"Britannica; English Wikipedia; New York Times obituary, July 1990; Paris Review, The Art of Fiction No. 114"
Marcel Proust,bio,,1871,1922,"Auteuil, Paris, France","Paris, France","A French novelist whose vast single work reshaped the modern novel. The sickly, sociable son of a prominent doctor, he moved for years through fashionable Parisian salons before withdrawing, asthmatic and nocturnal, into a cork-lined bedroom to write. There he produced In Search of Lost Time, a seven-volume novel of some three thousand pages in which the taste of a madeleine dipped in tea unlocks a flood of involuntary memory. Across it he anatomises love, jealousy, art, class and the workings of time and recollection with unmatched psychological subtlety. He was still revising it when he died.",,"Britannica; English Wikipedia; Kolb-Proust Archive, Rare Book and Manuscript Library, University of Illinois"
Marcelo Falcão,bio,,1973,,"Engenho Novo, Rio de Janeiro, Brazil",,"A Brazilian singer, songwriter and guitarist, best known as the frontman of the rock band O Rappa. Born and raised in Engenho Novo, a working-class district in the northern suburbs of Rio de Janeiro, he answered a newspaper advertisement for a singer in 1992 and fronted the band from 1993 until its end, announced in 2017 and played out on a farewell tour the following year. Their songs fuse rock, reggae, hip-hop and Afro-Brazilian rhythms, and confront police violence, poverty and life in the favelas with a mix of anger and hope. He has since built a solo career, and remains a resonant and respected voice in Brazilian popular music.",,"pt.wikipedia and en.wikipedia Marcelo Falcão (born 31 May 1973, Engenho Novo, Rio de Janeiro; O Rappa 1993-2018); Revista Quem (Globo) profile; marcelofalcaooficial.com.br official biography"
Marcus Aurelius,bio,,AD 121,AD 180,"Rome, Italy","Vindobona (Vienna), Austria","Roman emperor from 161 to 180 and the last of the so-called five good emperors, remembered as the philosopher on the throne. Adopted into the imperial family and schooled in Stoicism, he ruled through plague, floods and near-constant war on the northern frontier. In camp at night he wrote, in Greek and for no eyes but his own, the private notebook now called the Meditations: terse reminders to do his duty, master his temper, accept what he could not change, and remember that all things pass. Never meant for publication, it endures as one of the great works of Stoic philosophy.","Place of death uncertain: Vindobona (Vienna) or Sirmium (Sremska Mitrovica, Serbia) are both reported.","en.wikipedia Marcus Aurelius, infobox and article (26 April 121, Rome; 17 March 180, Vindobona in Pannonia Superior or Sirmium in Pannonia Inferior, both reported); Stanford Encyclopedia of Philosophy, 'Marcus Aurelius' (succeeded Antoninus Pius in 161, reigned to his death in 180)"
Margaret Mead,bio,,1901,1978,"Philadelphia, Pennsylvania, USA","New York City, USA","An American cultural anthropologist who became one of the most famous scientists of her century. As a young woman she did fieldwork in Samoa and New Guinea, and her book Coming of Age in Samoa, arguing that adolescence and gender roles are shaped far more by culture than by biology, became a best-seller. For decades she wrote, lectured and spoke out on child-rearing, women's roles, the environment and social change, bringing anthropology to a broad public. Though some of her early conclusions were later disputed, she remained a powerful liberal voice.",,"en.wikipedia Margaret Mead, infobox and article (16 December 1901, Philadelphia; 15 November 1978, New York City), with its Library of Congress exhibition and American Anthropologist (Metraux, 1980) citations"
Mark Renton,bio,,n/a (fictional),,"Edinburgh, Scotland (fictional)",,"A fictional character, the narrator and antihero of the 1996 film Trainspotting and of Irvine Welsh's novel behind it. A witty, self-aware young heroin addict adrift in 1980s Edinburgh, Renton drifts between his habit, his volatile friends and doomed attempts to go straight. He is best known for the film's opening 'Choose life' monologue, a sardonic rejection of conventional consumer existence that became one of the most quoted speeches in modern British cinema. The words are the invention of the novelist Irvine Welsh and the screenwriter John Hodge, not of a real person.","A fictional character, not a real author.","en.wikipedia Trainspotting (film) (released 23 February 1996, directed by Danny Boyle, screenplay by John Hodge) and Trainspotting (novel) (Irvine Welsh, 1993, set in late-1980s Leith, Edinburgh)"
Mark Twain,bio,,1835,1910,"Florida, Missouri, USA","Redding, Connecticut, USA","The pen name of Samuel Clemens, the writer often called the father of American literature. A restless young man who worked as a printer and a Mississippi riverboat pilot before prospecting and turning to journalism, he took his pen name from a riverman's cry for safe water. His humour, tall tales and travel writing made him famous, but his lasting glory is a pair of boyhood novels set on the great river, The Adventures of Tom Sawyer and Adventures of Huckleberry Finn, the latter a landmark for its vernacular voice and its moral reckoning with slavery.",,"en.wikipedia Mark Twain, infobox and article (Samuel Langhorne Clemens, 30 November 1835, Florida, Missouri; 21 April 1910, Redding, Connecticut), with Faulkner's 'father of American literature' sourced there to Faulkner at Nagano (1956)"
Martial,bio,,c. AD 38,c. AD 103,"Bilbilis (near Calatayud), Spain","Bilbilis, Spain","The Roman master of the epigram, the short, sharp, often obscene poem with a sting in its tail. Born at Bilbilis in Roman Spain, he spent much of his life in Rome as a client of the rich, and turned that dependent, sharply observant existence into twelve books of epigrams that photograph the city: its poseurs, misers, doctors, dinner parties, bores and hypocrites. Witty, indecent and humane by turns, he perfected the form, and the epigram has meant what he made of it ever since. Weary of Rome at last, he returned to Spain, where a patron's gift let him live out his days in the countryside he had missed.","Both dates are ranges in the sources: born in March of some year between AD 38 and 41, inferred from the fifty-seventh birthday he mentions in Book X, and died between AD 102 and 104.","en.wikipedia Martial (born March, between AD 38 and 41, at Augusta Bilbilis in Hispania Tarraconensis; died between AD 102 and 104 at Bilbilis), with its Shackleton Bailey Loeb note on the birthday inference and Oxford Bibliographies citation on his standing as epigrammatist"
Martin Fischer,bio,,1879,1962,"Kiel, Germany","Cincinnati, Ohio, USA","A German-American physician, physiologist and author, remembered as much for his aphorisms as for his science. Born in Germany and brought to the United States as a child, he became a professor of physiology at the University of Cincinnati, where he taught for decades and researched the physical chemistry of living tissue. A cultivated, quotable man, he wrote and lectured widely, and collections of his sharp, witty sayings about medicine, knowledge and life, gathered by his students under titles like Fischerisms, kept his name alive long after his death.",Martin H. Fischer.,"de.wikipedia Martin Henry Fischer (10 November 1879, Kiel; 19 January 1962, Cincinnati; family emigrated in 1885; forty years professor of physiology at Cincinnati); Wikidata Q15078911; University of Cincinnati Libraries finding aid for the Martin H. Fischer Papers and the UC LiBlog account of Fischerisms, compiled by Howard Fabing with Albert Flagge, 1930"
Martin Heidegger,bio,,1889,1976,"Messkirch, Germany","Freiburg, Germany","A German philosopher whose difficult, revolutionary work reoriented much of twentieth-century thought. In Being and Time he reopened the ancient question of the meaning of being, analysing human existence as 'being-there', thrown into the world, caring, anxious and running always toward death. His later thought turned to language, technology and poetry as the places where being discloses itself. Deeply influential on existentialism, hermeneutics and later philosophy, his legacy is inseparable from the Nazi party: he joined in May 1933, took the rectorship of Freiburg as an enthusiastic supporter of the new regime, and remained a member until it fell in 1945, a stain that still troubles his readers.",,"en.wikipedia Martin Heidegger, infobox and article (26 September 1889, Messkirch; 26 May 1976, Freiburg; Nazi party membership 1933-1945), with its Stanford Encyclopedia of Philosophy and Freiburg University Library citations"
Mary Parrish,bio,,1905,1996,"Munday, Texas, USA","San Antonio, Texas, USA","The pen name under which the American editor and short-story writer Margaret Cousins published much of her magazine fiction. Raised in Texas and trained in journalism at Austin, she went to New York in 1937, rose to managing editor of Good Housekeeping and later of McCall's, and became a senior editor at Doubleday, where she worked on the memoirs of Lyndon and Lady Bird Johnson. She wrote well over two hundred romantic stories for the women's magazines, a number of them under this name, among them 'All the Love in the World' of June 1961, the story that wedding and marriage anthologies name as the home of the widely reprinted sentence about love and time.","The name is a pen name of Sue Margaret Cousins (1905-1996), so the dates and places here are hers: the Catalog of Copyright Entries registers 'Something old, something new. By Mary Parrish, pseud. of Margaret Cousins', and lists 'All the love in the world' among Cousins's magazine contributions of 1961, a story title her papers at the Harry Ransom Center also hold; printed anthologies from 1971 onwards cite the quotation as 'Mary Parrish, All the Love in the World'. The story text itself has not been read, so the wording remains unconfirmed against it.","Handbook of Texas Online, 'Cousins, Sue Margaret' (TSHA: born Munday 26 January 1905, died San Antonio 30 July 1996); en.wikipedia Margaret Cousins (editor); Harry Ransom Center finding aid, Margaret Cousins Papers MS-00946; Catalog of Copyright Entries records for Cousins via copyrightencyclopedia.com; Internet Archive full-text search (The Book of Love, 1994; The One I Love, 1999; To Love and to Marry, 1971)"
Matt Haig,bio,,1975,,"Sheffield, England",,"A British novelist and non-fiction writer who writes with warmth and candour about mental health and the value of being alive. After a breakdown and suicidal depression in his twenties, described in his best-selling memoir Reasons to Stay Alive, he built a career across fiction, children's books and reflective self-help. His novel The Midnight Library, in which a woman between life and death samples the other lives she might have led, became a worldwide best-seller. Direct, humane and quietly philosophical, he has become one of the most popular voices writing about hope, anxiety and modern life.",,"en.wikipedia Matt Haig (born 3 July 1975, Sheffield); Library of Congress name authority n2004021970 (b. Sheffield, 1975); Penguin Random House author page for Reasons to Stay Alive"
Matt Zotti,bio,,unknown,,,,"A name attached to a short saying about feeling as the language of the soul, which circulates on quotation aggregators. Nothing published stands behind it: the line appears with no book, article or interview named, and the only bearer of the name who can be identified is a present-day American electronic-music producer with no published writing and no connection to the words. The sentiment echoes popular spiritual writing of the late twentieth century, but who first set it down is unknown, so an attribution under the name should be treated with caution.","Known only from a circulating quotation. The one identifiable namesake, Matt Zotti, an American electronic-music producer releasing since 2016 and teaching production in Nashville, is almost certainly not its author.",Web searches for the name and for the phrase; Southern Word workshop biography and LinkedIn profile of the music producer of the same name; no library authority record and no publication found behind the line
Max De Pree,bio,,1924,2017,"Zeeland, Michigan, USA","Holland, Michigan, USA","An American businessman and writer who became an influential voice on humane, servant leadership. He joined Herman Miller in 1947, the Michigan furniture company his father had bought and renamed in 1923 after his own father-in-law, and was its chief executive from 1980 to 1987, helping make a firm already celebrated for modern design a model of employee participation and profit-sharing. In his brief, much-admired book Leadership Is an Art, he argued that the first responsibility of a leader is to define reality and the last to say thank you, and that leadership is more a matter of stewardship, relationships and gratitude than of power. His writing remains a touchstone in management thinking.",,"MillerKnoll press release 'Remembering Max De Pree 1924-2017' (born Zeeland 1924; company bought and renamed by his father in 1923; CEO from 1980); MLive obituary report, 9 August 2017 (died 8 August 2017 at his Holland home); Hope College notice, 8 August 2017 (with Herman Miller from 1947 until December 1987); WOOD-TV report"
Melody Beattie,bio,,1948,2025,"Ramsey, Minnesota, USA","Los Angeles, California, USA","An American self-help author whose work brought the idea of codependency to a wide public. Out of a childhood of abuse and years of alcohol and drug addiction she came to work as a chemical-dependency counsellor in Minneapolis, where the wives of the men she treated gave her the subject of Codependent No More (1986), a book about people who lose themselves in caring for, and trying to control, troubled others, and about learning to let go. It sold millions of copies and became a cornerstone of the recovery movement. In further books and daily meditation guides such as The Language of Letting Go, she wrote with hard-won compassion about surrender, gratitude and healing.","Born at Ramsey, Minnesota, and raised in St Paul; her publishers' biographies give St Paul as the birthplace. She died at her daughter's home in Los Angeles.","en.wikipedia Melody Beattie (Melody Lynn Vaillancourt, 26 May 1948, Ramsey, Minnesota; 27 February 2025, Los Angeles); Star Tribune obituary, 'Minnesota native and bestselling author Melody Beattie dies at 76'; The Phoenix Spirit memorial notice, 2025; Audible author page, the source of the St Paul birthplace"
MIKE,bio,,n/a (fictional),,,,"A fictional character in David Lynch and Mark Frost's television series Twin Peaks: an inhabiting spirit who once killed alongside the malevolent BOB, repented, and cut off the arm that carried their shared tattoo, and who speaks through a one-armed shoe salesman named Phillip Gerard. In the dream at the heart of the investigation into Laura Palmer's death, MIKE recites the eerie incantation that begins 'Through the darkness of future past' and ends 'Fire, walk with me', words woven deep into the show's mystery. Written by Frost and Lynch, the verse belongs to the character and the fiction, and should not be confused with any real person or with the musician of the same name.","A fictional character in Twin Peaks, not a real author; not the rapper of the same name. Played by Al Strobel. The verse is spoken in Cooper's dream at the end of the episode 'Zen, or the Skill to Catch a Killer', broadcast 19 April 1990 and written by Mark Frost and David Lynch; the shooting script reads 'one chance out between two worlds' where transcripts commonly give 'chants'.","en.wikipedia Mike (Twin Peaks) and Episode 2 (Twin Peaks) (broadcast 19 April 1990, written by Lynch and Frost, Al Strobel as the One-Armed Man); episode annotations at twinpeaks.popapostle.com quoting the shooting script; PopOptiq episode review quoting the monologue in full"
Morris West,bio,,1916,1999,"St Kilda, Melbourne, Australia","Clareville, New South Wales, Australia","An Australian novelist who won a huge international readership with intelligent thrillers about faith, power and moral conscience. He entered the Christian Brothers at fourteen and taught for years in New South Wales and Tasmania before leaving the order in 1939 without taking final vows, and the Catholic learning he kept fed best-sellers such as The Shoes of the Fisherman, which imagined a pope out of the Soviet Union fifteen years before a Pole was elected, and The Devil's Advocate. His books grappled with weighty questions of belief, politics and ethics through the machinery of the popular novel, selling more than sixty million copies in twenty-seven languages.","He died at Mona Vale Hospital, near his home at Clareville on Sydney's northern beaches; obituaries and encyclopedias often give the place simply as Sydney.","Australian Dictionary of Biography, 'West, Morris Langlo' (born 26 April 1916 at St Kilda, Melbourne; died 9 October 1999 at Mona Vale Hospital); en.wikipedia Morris West (died at Clareville, New South Wales; 27 languages, 60 million copies); Los Angeles Times obituary, 11 October 1999"
Mother Teresa,bio,,1910,1997,"Skopje, North Macedonia","Kolkata, India","An Albanian-Indian Catholic nun who became the world's most famous symbol of charity toward the poor. Born to an Albanian family in Skopje, she joined a teaching order and went to India, then left the convent to work in the slums of Calcutta, founding the Missionaries of Charity to care for the destitute, the sick and the dying whom no one else would touch. The order grew into a worldwide movement, and she became a global icon of compassion, winning the Nobel Peace Prize in 1979 and canonisation as a saint after her death.",Born Anjeze Gonxhe Bojaxhiu; Skopje was in the Ottoman Empire at her birth.,"en.wikipedia Mother Teresa, infobox and article (born Anjeze Gonxhe Bojaxhiu on 26 August 1910 at Uskup, Kosovo vilayet, Ottoman Empire; died 5 September 1997 at Calcutta; Sisters of Loreto 1928-1948, Missionaries of Charity from 1950; canonised 4 September 2016), with its Catholic News Agency and Associated Press citations, which also carry the 1979 Nobel Peace Prize"
Musonius Rufus,bio,,c. AD 20,c. AD 101,"Volsinii (Bolsena), Italy",,"A Roman Stoic philosopher of the first century, sometimes called 'the Roman Socrates' and the teacher of Epictetus. An Etruscan of equestrian rank, he taught at Rome so pointedly that he was banished more than once by emperors wary of philosophers, on one occasion to a barren Aegean island. He left no writings; his lectures survive as notes taken down by students. Practical and humane, he argued that philosophy belongs not in the study but in daily conduct, that women as well as men should be trained in it, that marriage is a partnership of equals, and that plain food, simple dress and hard work are the ground of a good life.","Dates approximate: born at Volsinii about AD 20-30, and dead by AD 101, when Pliny writes of his son-in-law Artemidorus. Deathplace emptied: where he died is not recorded anywhere, and Rome is only the city he taught in. Full name Gaius Musonius Rufus, son of an eques named Capito. Banished by Nero to Gyaros in AD 65 after the Pisonian conspiracy and again by Vespasian, returning under Titus.","Internet Encyclopedia of Philosophy, 'Musonius Rufus' (born before AD 30 at Volsinii, a Roman eques; exiled to Gyaros in 65; died before 101-2, place unknown); Oxford Classical Dictionary, 'Musonius Rufus, Gaius, of Volsinii'; en.wikipedia Gaius Musonius Rufus (dead by AD 101, on Pliny's mention of Artemidorus); 1911 Encyclopaedia Britannica article via Wikisource ('as to his death, we know only that he was not living in the reign of Trajan')"
Napoleon Hill,bio,,1883,1970,"Pound, Virginia, USA","Greenville, South Carolina, USA","An American author who helped invent the modern success and self-help industry. Born into poverty in rural Virginia, he worked as a journalist and, by his own account, was set by the steel magnate Andrew Carnegie to interview hundreds of wealthy and accomplished men and distil the secrets of their success. The result, after decades, was Think and Grow Rich, one of the best-selling books of its kind, which preached that desire, faith, persistence and a 'definite chief aim' can turn thought into wealth. A colourful and much-doubted figure, he shaped the vocabulary of positive thinking for generations to come.","Several of his biographical claims, including the Carnegie commission, are disputed.","en.wikipedia Napoleon Hill, infobox and article (Oliver Napoleon Hill, born 26 October 1883 at Pound, Virginia; died 8 November 1970 at Greenville, South Carolina; The Law of Success 1928, Think and Grow Rich 1937), with the EBSCO research-starter biography cited there on the lumber-company fraud and the doubts over the Carnegie commission"
Nicole Reed,bio,,unknown,,,,"An American writer of new-adult and contemporary romance who came up through self-publishing. She brought out Ruining Me herself in 2012 and followed it with Ruining You, which entered the New York Times young-adult bestseller list in 2013, then Cake, Wasted Heart and the Forever Inked novels. Hers are angst-driven stories of damage, secrecy and repair, and the line most often quoted from her belongs to Ruining You, where a character tells the narrator that the bad things that happen can put us on the path to the most wonderful ones. A Southern writer, she lives in Georgia with her husband and three children, and is represented by Curtis Brown.","Birthplace emptied: nothing records where she was born, and her birth year is not on record either. Her own biography says only that she is a Southern writer living in Georgia with her husband and three children. The 'New York Times bestselling' description she uses rests on Ruining You, which debuted at number nine on the paper's young-adult list in 2013 and then dropped off.","The author's own biography, in the identical text she supplies to Amazon's author page, Goodreads and blog publicity (Georgia; husband and three children; self-published Ruining Me in 2012; represented by Ginger Clark at Curtis Brown); Stacked Books survey of the New York Times young-adult list for 2013 ('Ruining You by Nicole Reed: Debuted at #9, then disappeared'); publication dates for the six novels from Goodreads and catalogue listings; the bank's own finding on Q0277 for the wording in Ruining You"
Nikola Tesla,bio,,1856,1943,"Smiljan, Croatia","New York City, USA","A Serbian-American inventor and electrical engineer whose ideas helped build the modern electrified world. Born in what is now Croatia, he emigrated to the United States, worked briefly for Edison, then became his rival in the 'war of the currents', championing the alternating-current system that, licensed to Westinghouse, became the basis of power grids everywhere. A visionary and showman, he pioneered work on electric motors, radio, wireless power and remote control, and dreamed of transmitting energy freely through the air. Brilliant but unworldly, he died poor and largely forgotten.",Smiljan was then in the Austrian Empire.,"en.wikipedia Nikola Tesla (good article), infobox and article (born 10 July 1856 at Smiljan, Austrian Empire, now in Croatia; died 7 January 1943 in New York City; briefly at the Edison Machine Works, then the alternating-current system licensed to Westinghouse), with the Serbian citizenship and Austrian-to-American naturalisation of 1891 recorded there"
Oliver Goldsmith,bio,,1728,1774,Ireland,"London, England","An Anglo-Irish writer of remarkable versatility, a central figure of eighteenth-century London letters and a friend of Samuel Johnson. After a wandering, improvident youth, he made his living by his pen, turning out histories, hackwork and the Chinese-letter essays of The Citizen of the World, but he is remembered for a handful of enduring works: the gentle, sentimental novel The Vicar of Wakefield, the comic play She Stoops to Conquer, and the pastoral poem The Deserted Village, lamenting a vanishing rural England. Genial and feckless, he wrote with a warmth and ease that have kept his best work alive.","The birthplace is disputed between Pallas, near Ballymahon in County Longford, where his father was curate of Forgney, and his maternal grandparents' house at Smith Hill near Elphin in County Roscommon, where his mother is said to have gone to give birth; since neither is settled, only the country is given. The birth date rests on what he himself told a biographer, 10 November 1728, which the Library of Congress authority record follows; Johnson's epitaph in Westminster Abbey gives 1731.","en.wikipedia Oliver Goldsmith, infobox and article (birth date from the Library of Congress authority file; birthplace either Pallas, County Longford, or Smith Hill House near Elphin, County Roscommon; died London 4 April 1774, buried at Temple Church); Dictionary of National Biography 1885-1900, 'Goldsmith, Oliver', via Wikisource (born at Pallas 10 Nov. 1728, Prior i. 14); Roscommon County Council local-studies booklet on Goldsmith (the two rival claims); Victorian Web biography (Westminster Abbey epitaph and its wrong date)"
Oliver Wendell Holmes,bio,,1809,1894,"Cambridge, Massachusetts, USA","Boston, Massachusetts, USA","An American physician, poet and essayist, one of the most celebrated men of letters in nineteenth-century New England. A professor of anatomy at Harvard and for six years dean of its medical school, he made a real contribution to medicine by arguing early that doctors themselves carried deadly childbed fever from patient to patient, and it was he who proposed the word 'anaesthesia' for the state ether produced. But he is best remembered as a witty writer, whose genial table-talk essays, collected as The Autocrat of the Breakfast-Table, and light verse made him hugely popular. A leading member of the New England literary set, he named its hereditary elite the 'Brahmin caste', the phrase from which 'Boston Brahmin' comes.","The elder Oliver Wendell Holmes, father of the Supreme Court justice (1841-1935) of the same name. What he coined, in the Atlantic Monthly of January 1860 in the article that became the first chapter of Elsie Venner, was 'the Brahmin caste of New England'; 'Boston Brahmin' is the shorthand that grew out of it, so the bio no longer credits him with the nickname itself. He proposed 'anaesthesia' and 'anaesthetic' to W. T. G. Morton in a letter of 21 November 1846, and Morton took the words up in place of 'Letheon'.","en.wikipedia Oliver Wendell Holmes Sr. (featured article), infobox and article (born 29 August 1809 at Cambridge, Massachusetts; died 7 October 1894 at Boston; Harvard professor of anatomy, retired 1882; the puerperal-fever argument); en.wikipedia 'Boston Brahmin' and Slate's explainer of the term, both tracing it to the Atlantic Monthly article of January 1860 and naming him dean of Harvard Medical School; Countway Library of Medicine (Harvard) exhibit 'Holmes Coins the Term Anaesthesia', printing his letter to Morton of 21 November 1846; Wood Library-Museum of Anesthesiology history of anesthesia"
Oswaldo Montenegro,bio,,1956,,"Rio de Janeiro, Brazil",,"A Brazilian singer-songwriter, poet and playwright admired for literate, romantic and socially aware popular music. Born in Rio de Janeiro, he emerged in the 1970s and built a large and devoted following well outside the commercial mainstream, writing for theatre, film and dance as well as the concert stage. His songs, often narrative and poetic, deal with love, freedom, marginal lives and the search for meaning, and pieces such as 'Bandolins' and 'Metade' have become standards. Independent-minded and prolific, he has recorded dozens of albums across a career of half a century.",,"pt.wikipedia Oswaldo Montenegro, infobox and article (Oswaldo Viveiros Montenegro, born 15 March 1956 in Grajau, Rio de Janeiro; active from 1972; writes for theatre, ballet, film and television alongside his records); Dicionario Cravo Albin da Musica Popular Brasileira entry, same date and place, with his national breakthrough at the TV Tupi festival of 1979, where 'Bandolins' came third, and the MPB 80 festival he won the year after; Novabrasil FM feature on 'Bandolins' and 'A Lista'"
Ovid,bio,,43 BC,c. AD 17,"Sulmo (Sulmona), Italy","Tomis (Constanta), Romania","One of the great poets of Rome's golden age, a witty and inexhaustible master of love and myth. Born to a wealthy family at Sulmo, he gave up a public career for poetry and won fame in Augustan Rome with playful, sophisticated verse: the Amores, the mock-instructional Art of Love, and above all the Metamorphoses, a dazzling epic that threads together the transformations of gods and mortals from the creation of the world down to his own day. At the height of his success Augustus abruptly banished him to Tomis on the bleak Black Sea coast, where he wrote poems of exile and longing until his death.","Born 20 March 43 BC at Sulmo. The year of his death is unsettled between AD 17 and AD 18, so the field is approximate. Augustus relegated him to Tomis in AD 8; the poet never states plainly what the offence was, and it has never been established.","en.wikipedia Ovid, infobox and article (Publius Ovidius Naso, 20 March 43 BC at Sulmo in Roman Italy; died AD 17 or 18 at Tomis in Scythia Minor, now Constanta; exiled there by Augustus), citing E. J. Kenney's Britannica article and Quintilian on his standing among the elegists"
Pabllo Vittar,bio,,1993,,"Sao Luis, Maranhao, Brazil",,"A Brazilian drag queen, singer and songwriter, one of the most successful drag performers in the world. Born Phabullo Rodrigues da Silva in the northeastern city of Sao Luis and raised in the interior of Maranhao and Para, she broke through with catchy Brazilian pop, tecnobrega, funk and forro and a fearless, joyful stage presence, gathering an enormous online following and topping the national charts. Openly gay and a proud emblem of the country's LGBTQ+ community, she has collaborated with international pop stars and used that fame to speak out against prejudice in a nation with high rates of anti-queer violence.","Vittar identifies as a gay man and a drag queen rather than as trans, and uses masculine and feminine pronouns interchangeably - 'when I am in drag I identify as she, but I don't mind either way' - so the feminine is used here, as the Brazilian press uses it. Reference works including the Dicionario Cravo Albin give the birth as 1994 at Santa Ines, Maranhao; the 1993 date came out in an advertising complaint before Conar, over an age-restricted endorsement, and is the one Wikipedia and Wikidata now carry.","en.wikipedia and pt.wikipedia Pabllo Vittar, infoboxes and articles (born 1 November 1993 at Sao Luis, Maranhao; childhood in Santa Ines and Santa Izabel do Para; pt.wikipedia's note on the Cravo Albin 1994 date and the Conar case); Wikidata Q23893181; Revista Quem (Globo) profile ('e um homem gay e drag queen'); Remezcla interview, 2017, for the pronouns in her own words; PAPER magazine interview"
Pablo Picasso,bio,,1881,1973,"Malaga, Spain","Mougins, France","A Spanish painter and sculptor who did more than any other artist to shape twentieth-century art. A prodigy from Malaga who spent his adult life mostly in France, he reinvented himself again and again across an enormous body of work. With Georges Braque he created Cubism, shattering the single viewpoint of Western painting into faceted planes. He moved through blue and rose periods, classicism and surrealism, and in Guernica produced the century's most powerful painting of war. Endlessly inventive in paint, sculpture, ceramics and print, he became the very archetype of the modern artist.",,"en.wikipedia Pablo Picasso, infobox and article (Pablo Ruiz Picasso, born 25 October 1881 at Malaga; died 8 April 1973 at Mougins, buried at the Chateau of Vauvenargues; Cubism with Braque, the blue and rose periods, Guernica of 1937)"
Pat Riley,bio,,1945,,"Rome, New York, USA",,"An American basketball coach and executive, one of the most successful and glamorous figures in the sport. As coach of the 'Showtime' Los Angeles Lakers he won four championships in the 1980s, and after three seasons with the New York Knicks he took the Miami Heat to a title in 2006 and won two more as the club's president. Impeccably dressed and famously driven, he became known for intense motivation and for the trademark he took out on 'three-peat', a word one of his own players had coined. In books and speeches drawn from sport he preaches teamwork, sacrifice and the relentless pursuit of excellence.","Champion as Lakers coach in 1982, 1985, 1987 and 1988, as Heat coach in 2006, and as Heat president in 2012 and 2013. 'Three-peat' was coined by his Lakers guard Byron Scott around the 1988-89 season, not by Riley: Riley registered it as a trademark through his company Riles and Co. in 1988-89 and has licensed it to apparel makers ever since, so what he did with the word was own and profit by it.","en.wikipedia Pat Riley, infobox and article (born 20 March 1945 at Rome, New York; Lakers head coach 1981-1990, Knicks 1991-1994, Heat from 1995; five titles as head coach and two as executive); en.wikipedia 'Three-peat' and the Snopes fact check on the trademark (application 7 November 1988, registration 1552980, Byron Scott credited with the phrase); Los Angeles Times, 5 June 2002, and Sportico, 2025, on the same point"
Pema Chodron,alias,Pema Chödrön,,,,,,Spelling used in a source note.,
Pema Chödrön,bio,,1936,,"New York City, USA",,"An American Buddhist nun and one of the best-loved Western teachers of Tibetan Buddhism. Born Deirdre Blomfield-Brown in New York and raised partly on a New Jersey farm, she was a schoolteacher and twice-married mother when the collapse of her second marriage set her on a spiritual path. She studied first with Lama Chime Rinpoche, then took Chogyam Trungpa as her root teacher, becoming a novice nun in 1974 and receiving full ordination in 1981. She has led Gampo Abbey in Nova Scotia since 1984, as its director and principal teacher and, from 2025, as its abbess. In warm, plainspoken best-sellers such as When Things Fall Apart she teaches a practice of leaning into fear, groundlessness and pain rather than fleeing them, drawing on the lojong tradition of training the mind and heart.","Living, and ninety in July 2026. She resigned as an acharya of Shambhala in 2020 over the organisation's handling of sexual-misconduct allegations against its leader, and was appointed abbess of Gampo Abbey in 2025, after the death of its first abbot, Thrangu Rinpoche. Ordained a novice in 1974 at the request of the sixteenth Karmapa and fully as a bhikshuni in Hong Kong in 1981.","en.wikipedia Pema Chodron, infobox and article (Deirdre Blomfield-Brown, born 14 July 1936 in New York City; New Jersey farm childhood; Sarah Lawrence and Berkeley; resigned as acharya in 2020), with its Washington Post citation of 17 January 2020; Shambhala Publications 'Ask Pema' and its This Very Moment episode note (Lama Chime, novice 1974, bhikshuni 1981 in Hong Kong, director of Gampo Abbey from 1984, abbess from 2025); Shambhala Times announcement of her appointment as abbess, 13 May 2025; Pema Chodron Foundation review of 2025 (in good health; ninetieth birthday 14 July 2026)"
Philip Roth,bio,,1933,2018,"Newark, New Jersey, USA","New York City, USA","An American novelist who across half a century mapped Jewish-American life, male desire, the ageing body and the myths of his country. Born in Newark, the New Jersey city that fills his fiction, he made both his name and a scandal with the comic, confessional Portnoy's Complaint. His recurring alter ego Nathan Zuckerman let him blur life and invention, and in a late, great run, American Pastoral, I Married a Communist and The Human Stain, he set private ruin against the American century. Prolific, mordant and forever revising, he took nearly every major prize except the Nobel, then laid down his pen before he died.",,"en.wikipedia Philip Roth, infobox and article (Philip Milton Roth, born 19 March 1933 at Newark, New Jersey; died 22 May 2018 in New York City; Goodbye, Columbus 1959, Portnoy's Complaint 1969, the Zuckerman books, Pulitzer Prize for American Pastoral, retired from writing in 2012), with its New York Times obituary (McGrath, 23 May 2018) and Guardian obituary citations"
Plato,bio,,c. 428 BC,c. 348 BC,"Athens, Greece","Athens, Greece","A Greek philosopher whose thought is a cornerstone of Western civilization. An Athenian of aristocratic birth, he became the devoted pupil of Socrates, whose trial and execution turned him against the city's democracy and toward philosophy. He founded the Academy, often called the first university, where Aristotle would study, and cast his own philosophy as vivid dialogues, most of them starring Socrates. In them he set out the theory of Forms, the divided soul, the ideal state of the Republic and much more, framing questions about justice, knowledge, love and reality that philosophers have argued over ever since.","Both dates are a range in the ancient tradition, born 428/427 BC and dead 348/347 BC, and rest on Eratosthenes' calculation; Diogenes Laertius reports figures that would put the birth as early as 430. Athens is what the reference works give, and his deme, Collytus, supports it, but Diogenes (Lives III.3), citing Favorinus, records a tradition that he was born on Aegina, where his father had been sent as a settler. He was buried in his garden at the Academy.","Britannica 'Plato' (born 428/427 BCE at Athens, died 348/347 BCE at Athens, founder of the Academy, teacher of Aristotle); en.wikipedia Plato, infobox and article (c. 428-7 BC to c. 348-7 BC, buried in his garden in the Academy, succeeded by Speusippus); Internet Encyclopedia of Philosophy 'Plato' on the competing ancient chronologies; Diogenes Laertius, Lives of the Eminent Philosophers III.2-4, Loeb text at LacusCurtius, for the Aegina tradition and the deme of Collytus"
Prasad Mahes,bio,,unknown,,,,"A name that circulates online as the author of one sentence, which compares the mind to water, clear when calm and blind when turbulent. The line appears on social posts, blogs and quotation sites from about 2019 onward and in no book, and the image behind it is much older: the settling mud of chapter fifteen of the Tao Te Ching, the same figure in Christian and Hindu devotional writing, and a line spoken by Master Oogway in the film Kung Fu Panda that it repeats almost word for word. An entrepreneur and writer of the name publishes from Toronto but nowhere claims the sentence, and no published author of the name can be traced, so the attribution stands unproven.","The name is attached to the line only by quote aggregators and social posts, the earliest traced being July 2019. A blog at prasadmahes.com belongs to an entrepreneur, marketer and writer of that name in Toronto; neither it nor his LinkedIn claims the sentence, so no identification is made here. The simile itself is stock: the Internet Archive corpus has it of Bernardine of Siena in George Pell's Be Not Afraid (2004) and of Golwalkar in Shri Guruji (1999), and Kung Fu Panda (2008), written by Jonathan Aibel and Glenn Berger, has Oogway say that the mind is like water, difficult to see when agitated and clear when it is allowed to settle.","Internet Archive full-text search through tools/research.py: 'Prasad Mahes' returns nothing in the book corpus, while 'The mind is like water. When it' returns the same figure credited to other people; prasadmahes.com, the personal site of an entrepreneur and writer of that name in Toronto, and his linked LinkedIn and Twitter accounts; the earliest datable attributions, LinkedIn posts of July 2019, and later blog, podcast and counselling-site reposts; the Kung Fu Panda scene and Tao Te Ching chapter 15 for the older forms of the image"
Rachel Carson,bio,,1907,1964,"Springdale, Pennsylvania, USA","Silver Spring, Maryland, USA","An American marine biologist and writer whose work launched the modern environmental movement. Trained as a scientist and for years a writer and editor for the federal fisheries service, she first won a wide readership with lyrical books about the sea, such as The Sea Around Us. Then, alarmed by the unchecked spraying of synthetic pesticides, she wrote Silent Spring, which documented the damage that DDT and similar chemicals were doing to birds, wildlife and ultimately people. Attacked fiercely by the chemical industry, the book nonetheless helped bring about a ban on DDT and the birth of environmental regulation. She had been treated for breast cancer while writing it, and died at her home in Silver Spring less than two years after it appeared.","Silent Spring was published on 27 September 1962 and she died on 14 April 1964, so the interval was a year and a half; the mastectomy came in 1960 and the cancer was known to have spread by December of that year, while the book was still unfinished. She kept the illness from the public. The United States ban on agricultural DDT came in 1972, eight years after her death.","en.wikipedia Rachel Carson and Silent Spring, infoboxes and articles (born 27 May 1907 at Springdale, Pennsylvania; died 14 April 1964 at her home in Silver Spring, Maryland; the book published by Houghton Mifflin on 27 September 1962; the 1960 mastectomy and metastasis); New York Times obituary, 15 April 1964, 'Rachel Carson Dies of Cancer'; National Park Service biography of Carson (birth and death places, the diagnosis during the writing, the secrecy about it)"
Rainer Maria Rilke,bio,,1875,1926,"Prague, Czechia","Montreux, Switzerland","An Austrian poet, widely regarded as one of the greatest lyric poets in the German language. Born in Prague and restlessly rootless all his life, he travelled Europe seeking the conditions for his art, worked for a time as secretary to the sculptor Rodin, and depended on aristocratic patrons. After years of near silence he completed, in a sudden storm of inspiration, his two supreme works, the Duino Elegies and the Sonnets to Orpheus. His prose Letters to a Young Poet, full of counsel on solitude and the inner life, remain among the best-loved of their kind.",Prague was in Austria-Hungary at his birth; he died at a sanatorium near Montreux.,"en.wikipedia Rainer Maria Rilke, infobox and article (born 4 December 1875 at Prague in Austria-Hungary; died 29 December 1926 at the Valmont sanatorium above Montreux, buried at Raron on 2 January 1927; secretary to Rodin from 1905; the Elegies and Sonnets completed in February 1922); Britannica 'Rainer Maria Rilke' (born Prague, died Valmont, Switzerland); Academy of American Poets biography; the Raron parish page on his death at the Sanatorium Valmont sur Territet near Montreux and on his grave"
Ralph Emerson,alias,Ralph Waldo Emerson,,,,,,Spelling used in a source note.,
Ralph Marston,bio,,unknown,,,,"An American writer whose Daily Motivator is one of the longest-running sources of daily inspirational messages on the internet. Since November 1995 he has published a short, encouraging reflection six days a week, on attitude, gratitude, effort and possibility, gathering a large and faithful readership and collecting the pieces into books, audio programmes and, latterly, a newsletter. A graduate of Southern Methodist University who lives in Austin, Texas, he came to the work through the motivational speakers he had listened to himself, and writes in a plain, warm, practical way that counsels readers to take responsibility for their own outlook and to make the most of the day in front of them.","Living, and still publishing daily in August 2026. Birthplace emptied: no source records where he was born, and the country was standing in for a place. The birth year is not on record either; his own site put him in his early fifties on one version of its About page and in his mid-sixties on a later one, which places the birth in the mid-1950s, while the date of 20 May 1953 carried by content-farm profiles has nothing behind it. He publishes as Ralph S. Marston, Jr., his father having the same name.","greatday.com, The Daily Motivator itself, current message dated Friday 7 August 2026 and copyright Ralph S. Marston, Jr.; his own About pages there, in both the earlier and the later version (Austin, Texas; Southern Methodist University; the messages begun in 1995; the two statements of his age); his Substack, Great Day Good Life, About page (more than 27 years of daily messages, published Monday to Saturday); his LinkedIn profile (publisher of The Daily Motivator since November 1995). None of them gives a birth date or a birthplace"
Ralph Waldo Emerson,bio,,1803,1882,"Boston, Massachusetts, USA","Concord, Massachusetts, USA","An American essayist, lecturer and poet, the central figure of New England Transcendentalism. A Unitarian minister who resigned his pulpit over doctrine, he became a hugely popular public lecturer and the sage of Concord, Massachusetts. In the manifesto Nature and essays such as Self-Reliance and The American Scholar, he urged Americans to trust their own intuition, to find the divine in nature and the individual soul, and to shake off European deference and dead tradition. Mentor to Thoreau and an influence on Whitman and Nietzsche, he did as much as anyone to shape a distinctively American cast of mind.",,"en.wikipedia Ralph Waldo Emerson, infobox and article (born 25 May 1803 at Boston; died 27 April 1882 at Concord, Massachusetts; ordained at Boston's Second Church in 1829 and laicised in 1832); Britannica 'Ralph Waldo Emerson' (the same dates and places, leading exponent of New England Transcendentalism); Stanford Encyclopedia of Philosophy chronology (Nature 1836, the Divinity School Address 1838, Essays with 'Self-Reliance' 1841); Online Library of Liberty biography (death of pneumonia, buried at Sleepy Hollow, Concord)"
Ram Dass,bio,,1931,2019,"Boston, Massachusetts, USA","Maui, Hawaii, USA","An American spiritual teacher who helped carry Eastern spirituality into Western popular culture. Born Richard Alpert, he was an assistant professor of psychology at Harvard who, with Timothy Leary, ran early experiments with psychedelics until both were dismissed in 1963. Travelling to India, he met the guru Neem Karoli Baba, took the name Ram Dass, 'servant of God', and returned transformed. His 1971 book Be Here Now, a hand-lettered call to live in the present, became a countercultural bible and sold millions. A stroke in 1997 left him paralysed and struggling for words; he went on teaching from a wheelchair, and from 2004 from Maui, on devotion, service, ageing and death.","Where he was born is not settled. The Boston Globe obituary of 23 December 2019 and the author note in his own Journey of Awakening (1978) say Boston; the obituary issued by his foundation says Boston in its heading and Newton, Massachusetts in its text, and the San Francisco Chronicle obituary, the Jewish press and the 1940 census record of the family at 56 Prentice Road all say Newton. Boston is kept, as the form the reference works carry. He held a tenure-track assistant professorship at Harvard, not a chair.","en.wikipedia Ram Dass, infobox and article (born Richard Alpert 6 April 1931; died 22 December 2019 on Maui, aged 88; dismissed from Harvard in 1963; the 1997 stroke; the move to Maui in 2004); the obituary at ramdass.org published by his own Love Serve Remember Foundation; Boston Globe obituary, 23 December 2019; San Francisco Chronicle obituary, December 2019; New York Times obituary by Douglas Martin, 23 December 2019; the author note in Journey of Awakening (1978) found by Internet Archive full-text search"
Randall Munroe,bio,,1984,,"Easton, Pennsylvania, USA",,"An American cartoonist, author and former NASA roboticist, the creator of the webcomic xkcd. Trained in physics, he worked on robotics at NASA before turning to full-time cartooning, and his stick-figure comic, mixing romance, mathematics, science and dry wit, became one of the most popular on the internet. He has since written best-selling books that apply real science, often absurdly, to strange questions, among them What If? and Thing Explainer, which describes complicated things using only the thousand most common English words. His work makes science funny and human.",,"Library of Congress name authority no2009192047 (birth date 1984-10-17, birth place Easton, Pa., cartoonist with a degree in physics who worked at a NASA research centre); en.wikipedia Randall Munroe, infobox and article (born 17 October 1984 at Easton, Pennsylvania; contract programmer and roboticist for NASA at Langley Research Center; full-time on xkcd from late 2006; What If?, Thing Explainer, How To); his own about page as quoted at explainxkcd; xkcd.com, still publishing three times a week in 2026"
Ray Oldenburg,bio,,1932,2022,"Henderson, Minnesota, USA","Pensacola, Florida, USA","An American urban sociologist, for decades a professor at the University of West Florida in Pensacola, best known for the idea of the 'third place'. In his 1989 book The Great Good Place he argued that beyond the 'first place' of home and the 'second place' of work, a healthy community needs informal public gathering spots, cafes, pubs, barbershops and bookstores, where people meet as equals, talk freely and build the loose ties that hold a society together. He warned that car-centred suburban life was starving Americans of such places. His concept has been widely taken up by planners, businesses and writers on community and belonging.","Born at Henderson, Minnesota, on 7 April 1932; died at Pensacola on 21 November 2022, aged ninety. Both places are now on record, so the country no longer stands in for the birthplace and the deathplace is no longer blank. He joined the University of West Florida in 1967 and chaired its sociology department several times. The term 'third place' is his own, first set out in The Great Good Place.","en.wikipedia Ray Oldenburg, infobox and article (born at Henderson, Minnesota, 7 April 1932; died 21 November 2022; Mankato State and Minnesota degrees; professor emeritus at the University of West Florida), resting on the Harper-Morris Memorial Chapel obituary; Project for Public Spaces profile, updated by his collaborator Karen Christensen (1932-2022, the coining of 'third place' in The Great Good Place, the Great Good Place lounge in the university library); reports of the Pensacola News Journal obituary giving his death at Pensacola on 21 November 2022"
Rem Koolhaas,bio,,1944,,"Rotterdam, Netherlands",,"A Dutch architect, theorist and urbanist, one of the most influential and provocative figures in contemporary architecture. He worked first as a journalist on the Haagse Post and tried his hand at screenwriting before turning to architecture, and he brought that restless intellectual energy to design, co-founding the Office for Metropolitan Architecture (OMA) in 1975. His early book Delirious New York was a witty 'retroactive manifesto' for the modern metropolis, and later writings grappled with sprawl, shopping and the generic global city. His buildings, from libraries to headquarters, are bold and unconventional. He won the Pritzker Prize, architecture's highest honour, in 2000.","OMA was founded in 1975 with Elia and Zoe Zenghelis and Madelon Vriesendorp, as the office's own account says, so it is not his alone and the bio no longer says he founded it. He was a journalist from 1963 and co-wrote a film script, but his training was in architecture, at the Architectural Association in London from 1968; the bio no longer calls the earlier work a training. Living, and lecturing for OMA at the Salone del Mobile in April 2026.","oma.com, the office's own partner page for Koolhaas (Rotterdam 1944; OMA founded in 1975 together with Elia and Zoe Zenghelis and Madelon Vriesendorp; Delirious New York 1978); en.wikipedia Rem Koolhaas, infobox and article (born 17 November 1944 at Rotterdam; Haagse Post from 1963; Architectural Association from 1968; Pritzker Prize 2000); Britannica 'Rem Koolhaas'; the Pritzker Prize laureate biography of 2000; Salone del Mobile coverage of his lecture of April 2026, which gives his age as 81"
René Descartes,bio,,1596,1650,"La Haye en Touraine (now Descartes), France","Stockholm, Sweden","A French philosopher, mathematician and scientist, widely regarded as the father of modern philosophy. Seeking certainty, he resolved to doubt everything he could until he reached one thing he could not doubt: that he was doubting, and so thinking, and so existing, 'I think, therefore I am.' On that foundation he tried to rebuild knowledge by reason alone, and argued for a sharp split between mind and body that has shaped debate ever since. In mathematics he founded analytic geometry, joining algebra to geometry and giving us the coordinate system that still carries his name.",,"Britannica 'Rene Descartes' (born 31 March 1596 at La Haye, Touraine; died 11 February 1650 at Stockholm, of pneumonia, after early-morning lessons for Queen Christina); en.wikipedia Rene Descartes, infobox and article (the same dates and places, La Flèche and Poitiers, the years in the Dutch Republic); en.wikipedia 'Descartes, Indre-et-Loire' (La Haye-en-Touraine renamed La Haye-Descartes in 1802 and Descartes in 1967)"
Richard Bach,bio,,1936,,"Oak Park, Illinois, USA",,"An American writer and aviator best known for a slender fable about a seagull. A former Air Force pilot and barnstormer with a lifelong love of flight, he poured that passion into Jonathan Livingston Seagull, the story of a gull who refuses to live only for food and learns instead to fly for the sheer perfection and freedom of it. Published in 1970, its message of self-transcendence and following one's dreams made it an enormous best-seller of the era. He returned to similar themes of flight, love and the spirit in later books such as Illusions.",,"richardbach.com, his own biography page (born 23 June 1936 at Oak Park, Illinois; Jonathan Livingston Seagull published by Macmillan in 1970 after eighteen rejections; the crash in the San Juan Islands on 31 August 2012 and a year of recovery; now living at Ashland, Oregon); Library of Congress name authority n50031121 (birth date 1936-06-23, birth place Oak Park, Ill.); en.wikipedia Richard Bach, infobox and article, which has him living, aged 90, with Illusions in 1977"
Richard Needham,bio,,1912,1996,Gibraltar,"Toronto, Canada","A Canadian newspaper columnist, long a beloved and eccentric fixture of The Globe and Mail in Toronto. Born in Gibraltar to a British army officer and brought up in India, Ireland and England, he came to Canada at sixteen, worked as a farmhand and was a reporter while still a teenager; after the Calgary Herald he joined the Globe, wrote its editorials for a few years and was then given a column of his own. It was whimsical and aphoristic, full of paradox, mischief and affection for the young, the rebellious and the underdog, and set against pomposity and authority. Needham's Inferno, one of several collections drawn from it, won the Leacock Medal for Humour in 1967.","The Canadian columnist Richard John Needham, not the British politician Richard Needham, Earl of Kilmorey. Born at Gibraltar on 17 May 1912, the son of a British army officer, and not in Ireland, though the family lived there for a time in his childhood; he emigrated from England at sixteen. Chief editorial writer at The Globe and Mail from 1960 to 1964 and a columnist after that, retiring in 1977. He died at Toronto in July 1996, and the Globe honoured his long-standing request by ending the obituary of 19 July with the notice he had written for it, that his tiresome and repetitious column would not appear today because he was dead.","The Wit and Wisdom of Richard Needham (1977), its author note found by Internet Archive full-text search: 'Richard Needham was born in Gibraltar, spent his earliest years in India'; en.wikipedia Richard J. Needham (17 May 1912 at Gibraltar, died July 1996 at Toronto; the Calgary Herald; the Leacock Medal for Needham's Inferno; the Mop and Pail nicknames), resting on the Globe and Mail obituary by Donn Downey of 19 July 1996; Stephen Leacock Associates list of past medal winners, 1967; the Leacock Medal blog of Richard Bourgeois-Doyle, author of What's So Funny?, on his father's regiment, the childhood in India, Ireland and Britain, the emigration at sixteen and the retirement of 1977"
Richard Sennett,bio,,1943,,"Chicago, Illinois, USA",,"An American sociologist who has written with unusual literary grace about work, cities and public life. Based for much of his career in New York and London, he has explored how modern society shapes character and community. In The Fall of Public Man he traced the retreat of people from a shared public realm into private life; in The Craftsman he made a wide-ranging case for the dignity and intelligence of skilled making, of doing a job well for its own sake. Across many books he writes about labour, cooperation and the built environment with a humane, critical eye.",,"en.wikipedia Richard Sennett, infobox and article (born 1 January 1943 at Chicago; the Cabrini Green childhood; Harvard PhD in 1969; New York University and the London School of Economics; living, aged 83); LSE news item of 24 May 2017 on his Harvard Centennial Medal (born in Chicago in 1943, divided between NYU and LSE since the 1990s); Pembroke College, Cambridge, fellow's page (the cello, the hand injury, the books from The Fall of Public Man to The Craftsman and Building and Dwelling); Encyclopedia.com 'Sennett, Richard 1943-' (born 1 January 1943)"
Rita Mae Brown,bio,,1944,,"Hanover, Pennsylvania, USA",,"An American writer and social activist, a pioneering voice in lesbian fiction. Born in Pennsylvania, adopted as an infant and raised in York and then in Fort Lauderdale, she was active in the feminist and gay-rights movements of the 1970s and made her name with the semi-autobiographical novel Rubyfruit Jungle, a frank, funny coming-of-age story about a poor girl who is unashamedly lesbian, which became an underground classic. A versatile and prolific author, she has written poetry, screenplays, memoir and a long-running series of cosy mysteries co-credited to her cat. Witty and outspoken, she has remained a distinctive figure in American letters.","Born at Hanover, Pennsylvania, to an unmarried mother, left at a Pittsburgh orphanage and taken from it within weeks by her mother's cousins Julia and Ralph Brown, who raised her at York, Pennsylvania, and from her eleventh year at Fort Lauderdale. She is Southern by upbringing, not by birth, and the bio no longer says she was born in the South. The mysteries are co-credited to her cat, Sneaky Pie Brown. Living, and eighty-one.","en.wikipedia Rita Mae Brown, infobox and article (born 28 November 1944 at Hanover, Pennsylvania; the orphanage and the adoption by Julia and Ralph Brown; raised at York and later Fort Lauderdale; Lambda Literary Pioneer Award 2015; living, aged 81); EBSCO research-starter biography (birthplace Hanover, the move to Florida at eleven, the father's death soon after); Philadelphia Gay News, 5 February 2024, on her Hanover birth and York County upbringing"
Robert H. Schuller,bio,,1926,2015,"Alton, Iowa, USA","Artesia, California, USA","An American televangelist and preacher who brought a gospel of positive thinking to a mass audience. A minister of the Reformed Church, he began preaching from the roof of a drive-in cinema in California and built a huge congregation, housed in the gleaming glass Crystal Cathedral. His television programme Hour of Power became one of the most watched religious broadcasts in the world. Influenced by Norman Vincent Peale, he preached an upbeat 'possibility thinking', teaching that faith and a positive attitude could overcome any obstacle.",,"Wikipedia (Robert H. Schuller); New York Times obituary as carried by CNBC, 2 April 2015; NBC News obituary, 2 April 2015; Associated Press obituary, 2 April 2015; Christianity Today obituary, April 2015 (Peale's influence and the drive-in years)"
Robert Louis Stevenson,bio,,1850,1894,"Edinburgh, Scotland","Vailima, Samoa","A Scottish novelist, poet and travel writer whose adventure stories have never lost their hold on readers. Trained reluctantly for the law and dogged all his life by lung disease, he travelled in search of health and material, and turned his journeys and his gift for suspense into enduring classics: the pirate adventure Treasure Island, the historical romance Kidnapped, and the dark psychological fable Strange Case of Dr Jekyll and Mr Hyde. He also wrote tender children's verse and vivid essays. Seeking a kinder climate, he settled at last in Samoa, where he died young.",,"Britannica (Robert Louis Stevenson); Wikipedia (Robert Louis Stevenson); Academy of American Poets biography; Engineering Institute of Canada history paper 63 on the lighthouse Stevensons (engineering studies, called to the Scottish bar 1875, never practised)"
Robert Morley,bio,,1908,1992,"Semley, Wiltshire, England","Reading, England","An English actor and writer, a rotund, twinkling presence who became a favourite of stage and screen. After training for the stage he made his name playing larger-than-life figures, from a celebrated Oscar Wilde to an Academy Award-nominated Louis XVI, and went on to a long career of genial character roles in British and Hollywood films. Off screen he was known as a witty raconteur, a bon vivant and a writer of humorous pieces and plays. Rumpled, urbane and self-deprecating, he cultivated the image of a man determined to enjoy life.",,"Wikipedia (Robert Morley), full article: born Semley 26 May 1908, died of a stroke at Reading, Berkshire, 3 June 1992, RADA training, Oscar Wilde on stage from 1936 and on film in 1960, Academy Award nomination for Louis XVI in Marie Antoinette, and the memoir Responsible Gentleman; its cited New York Times obituary, 4 June 1992"
Robert Stevenson,alias,Robert Louis Stevenson,,,,,,Spelling used in a source note.,
Robertson Davies,bio,,1913,1995,"Thamesville, Ontario, Canada","Orangeville, Ontario, Canada","A Canadian novelist, playwright, critic and man of letters, one of his country's most distinguished writers. He worked as an actor, a newspaper editor and the founding master of a college at the University of Toronto before winning international fame with his fiction. Written in a rich, erudite, storytelling style shot through with wit, magic and a fascination with myth and psychology, his novels come in trilogies, of which the Deptford Trilogy, beginning with Fifth Business, is the most admired. With his white beard and courtly manner he cut the very figure of a sage.",,"The Canadian Encyclopedia (Robertson Davies); Wikipedia (Robertson Davies); New York Times obituary, 4 December 1995; Queen's Encyclopedia (Queen's University); Britannica"
Robin Chase,bio,,1958,,,,"An American transportation entrepreneur and a pioneer of the sharing economy. The daughter of a US diplomat, she spent her childhood moving around the Middle East and Africa, read French, English and philosophy at Wellesley and took an MBA at MIT, and in 2000 co-founded Zipcar with Antje Danielson, the car-sharing company that let city dwellers rent a nearby vehicle by the hour and helped show that access could matter more than ownership. Buzzcar, GoLoco, the vehicle-network company Veniam and the nonprofit alliance NUMO followed, and in Peers Inc she set out her case for platforms that pool what is otherwise idle. A prominent voice on cities, climate and technology, she argues that sharing underused assets can make economies more efficient, equitable and green.","Birthplace nowhere documented, so the earlier 'USA' is removed: as the daughter of an American diplomat she grew up in the Middle East and Africa, and no source gives a place of birth. No library authority record carries a birth date either; 1958 rests on the WBUR profile of 21 December 2012 giving her age as 54.","Wikipedia (Robin Chase); World Resources Institute profile; MIT Career Advising profile; WBUR profile, 21 December 2012 (diplomat father, age 54); Fast Company interview, 2013; MIT Sloan teaching case 14-156 (childhood in the Middle East and Swaziland, Wellesley and JSI); Wikidata Q-item, which carries no date of birth"
Robin Sharma,bio,,1964,,"Mbale, Uganda",,"A Canadian writer and speaker on leadership and personal mastery, one of the best-selling self-help authors in the world. Born to an Indian family in Uganda and brought to Canada as an infant, he grew up in Nova Scotia, read biology and then took a master's degree in law at Dalhousie, and worked as a litigation lawyer before self-publishing MegaLiving and then The Monk Who Sold His Ferrari, a fable about a burned-out lawyer who trades his wealth for wisdom from Himalayan sages; its success let him leave the law for good. In that book and many others, and as a sought-after corporate speaker, he preaches discipline, early rising, self-improvement and service. His brisk, aphoristic advice on habits and success reaches a vast global audience.","Born in Mbale, Uganda, to an Indian Ugandan family, taken to Winnipeg at the age of one and raised in Port Hawkesbury, Nova Scotia; the earlier 'Canada' was the country of his career rather than of his birth. Wikipedia gives the birth year as 1965, the Library of Congress name authority n98012954 as 16 June 1964; 1964 kept.","Wikipedia (Robin Sharma); Library of Congress name authority n98012954 (birth date 16 June 1964, Canadian); Wikidata Q2604952 (16 June 1964); his own site robinsharma.com"
Roger Mills,bio,,1943,2010,,,"An American psychologist, a co-founder of the approach known as Health Realization, later called the Three Principles or Sustainable Change. Trained at Princeton and then in community psychology at Michigan, he directed one of the first federally funded community mental-health programmes, in Eugene, Oregon, before developing with George Pransky an approach drawn from the teaching of Sydney Banks: that people's experience and behaviour flow from their thinking in the moment, and that helping them see this can transform lives and communities. His project in the Modello and Homestead Gardens housing developments in Dade County, Florida, brought the work national attention, and in 2004 he co-founded the nonprofit Center for Sustainable Change with his daughter. He wrote Realizing Mental Health and taught at several American universities.","Dates are on record and the earlier 'dates not on record' was wrong: the Center for Sustainable Change, which he co-founded, gives 1943-2010, and the Princeton Alumni Weekly memorial dates his death of cancer to 3 May 2010. Birthplace and place of death are not documented.","Princeton Alumni Weekly memorial for Roger C. Mills '65 (death 3 May 2010, career, Center for Sustainable Change); Center for Sustainable Change 'About Us' page (1943-2010, co-founded 2004 with Ami Chen Mills-Naim); Wikipedia (Health realization, on Mills and Pransky); Portland State Vanguard profile (Health Realization Institute, Princeton and Michigan degrees, teaching posts); CAREI Research/Practice article by Mills, Spring 1997"
Ron Padgett,bio,,1942,,"Tulsa, Oklahoma, USA",,"An American poet linked with the second generation of the New York School, known for plainspoken, funny and quietly moving verse. Born in Tulsa, Oklahoma, the son of a bootlegger, he moved to New York, studied at Columbia, and spent a formative year in Paris translating French poets such as Apollinaire and Reverdy, a lifelong pursuit. Over many collections his work grew clearer and more meditative, alert to the comedy and mystery of ordinary days. He reached a wide new audience when seven of his poems appeared in Jim Jarmusch's film Paterson, about a bus-driving poet, crowning a long and quietly influential career. He lives in New York City.",,"Wikipedia (Ron Padgett; Paterson (film) for four existing and three new poems); Academy of American Poets biography, listing books to 2026 and 'He lives in New York City'; Poetry Foundation biography; Padgett interview in The Believer ('Seven by me'); Bleecker Street Media interview for Paterson"
Roy Batty,bio,,n/a (fictional),,,,"A fictional character, the leader of the rebel 'replicants', bioengineered artificial humans, in Ridley Scott's 1982 film Blade Runner. Superhuman, doomed to a four-year lifespan and desperate for more life, Batty is the film's tragic antagonist. He is remembered above all for his dying 'tears in rain' speech, a haunting lament for memories about to be lost forever, which the actor Rutger Hauer cut down from the scripted version the night before shooting, adding its closing line himself. The words belong to the character and the film, whose screenplay is by Hampton Fancher and David Peoples, not to a real person.","A fictional character, not a real author. The speech is David Peoples' in the shooting script; Hauer cut it and supplied the closing line the night before filming, and told Radio Times that it was not improvised on set, as is often stated, so the earlier 'partly improvised' is corrected.","Wikipedia (Tears in rain monologue; Blade Runner) on the Fancher and Peoples screenplay credit, Peoples' scripted speech and Hauer's cut, and on the Dangerous Days documentary; Radio Times interview with Rutger Hauer, which states the speech was rewritten the night before and not improvised on set; Collider and Screen Rant accounts of the same interview"
Rumi,bio,,1207,1273,"Balkh, Afghanistan","Konya, Turkey","A Persian poet and Sufi mystic, today among the most widely read poets in the world. Born in the eastern Islamic world, at Balkh or nearby Wakhsh, he came west with his family as a boy, in the years before the Mongol armies reached Khorasan, and settled at Konya in Anatolia, becoming a respected preacher and teacher. His life was transformed by the wandering dervish Shams of Tabriz, whose companionship, and sudden mysterious loss, unlocked a torrent of ecstatic verse on longing and the love of God. The vast Masnavi and the Divan of Shams pour out that vision, and the whirling dance of the Mevlevi order he inspired still enacts it.","Birthplace disputed: traditionally Balkh, as Britannica has it, but scholarship often favours Wakhsh, in present-day Tajikistan, on the evidence of his father's Ma'arif. Full name Jalal al-Din Rumi. The family's move west is dated to about 1216-1217, before the Mongols reached Balkh, and Britannica gives either the Mongol threat or a dispute with the ruler as its cause, so the bio no longer states flight from the Mongols as fact.","Britannica (Rumi: born c. 30 September 1207 Balkh, died 17 December 1273 Konya); Wikipedia (Rumi, giving Wakhsh); historyofislam.com summary of the Encyclopaedia Iranica account (Meier, Schimmel, Lewis on Wakhsh and the 1216-1217 emigration); dar-al-masnavi.org, Ibrahim Gamard, on the Wakhsh evidence"
Rupi Kaur,bio,,1992,,"Punjab, India",,"An Indian-born Canadian poet and illustrator who became the face of a new, social-media-driven poetry. Brought to Canada as a small child, she began sharing spare, confessional poems, paired with her own simple line drawings, on Instagram. Her self-published first collection, milk and honey, went on to sell millions of copies worldwide, and the sun and her flowers followed. Writing without capital letters and in plain, direct language about love, trauma, womanhood, migration and healing, she has been both hugely popular and dismissed by some critics, while drawing a vast new audience to poetry.",,"Wikipedia (Rupi Kaur: born 4 October 1992 in Punjab, emigrated at three); Poetry Foundation biography; NZ Herald profile (arrived aged four, sales of milk and honey); Colorado State University English department feature"
Sai Baba,bio,,1926,2011,"Puttaparthi, India","Puttaparthi, India","An Indian guru who drew millions of followers around the world. Taken as the figure meant here, Sathya Sai Baba declared himself at the age of fourteen to be the reincarnation of an earlier holy man, Sai Baba of Shirdi, and built from his home village in southern India a vast spiritual movement and a charitable empire of hospitals, schools and water projects, while claiming to work miracles. Revered by devotees as a living god and dismissed by critics as a showman, he taught a simple ethic of love, service and the unity of all religions. His following and the controversy alike outlived him.",Taken as Sathya Sai Baba; not the earlier saint Shirdi Sai Baba. The quoted line is unverified.,"Wikipedia (Sathya Sai Baba), full article: born Sathyanarayana Raju at Puttaparthi 23 November 1926, the Shirdi reincarnation claim proclaimed in May 1940 and formal renunciation on 20 October 1940 at fourteen, death at Puttaparthi 24 April 2011, and the hospitals, schools and water projects; its cited BBC News obituary of 24 April 2011 on the birth date"
Saim A. Cheeda,bio,,unknown,,,,"A contemporary entertainment writer who has covered film, television, gaming, comics and books for the Valnet group of sites since 2017, with hundreds of articles for Screen Rant, Comic Book Resources, Game Rant, The Gamer and The Things. Trained and employed as an accountant, he wrote alongside the day job, self-published a romance, Here & After, in 2015, and for two years ran a lifestyle blog, 3 States Apart. Short reflective and inspirational lines circulate online under his name, among them one about letting an inner spark catch fire and light up the sky, for which no published source can be traced.","Living writer. His career is on record in the by-line notes carried with his articles at Screen Rant and Game Rant and in a 2015 author interview, so the earlier 'comparatively little biographical detail is publicly recorded' overstated it; his dates and origin genuinely are not. A journalist database (Intelligent Relations) gives 12 June 1993 and Muscat, Oman, but nothing citable corroborates it, so born and birthplace stay empty. The quoted line is unverified.","Author by-line notes carried with his articles at Screen Rant and Game Rant (Valnet since 2017, 500+ articles, the blog 3 States Apart); ShowbizJunkies author page; Literative author interview, 2015 (accountant day job, Here & After); Amazon listing for Here & After (23 August 2015); his own LinkedIn profile (Valnet, ACCA accounting technician, blogging 2018-2020)"
Salman Rushdie,bio,,1947,,"Bombay (Mumbai), India",,"A British-Indian-American novelist, one of the most celebrated and most persecuted writers of his time. Born in Bombay just before Indian independence and educated in England, he won early fame with Midnight's Children, a dazzling, magic-realist saga of India's birth as a nation that won the Booker Prize. His fourth novel, The Satanic Verses, was condemned as blasphemous by some Muslims, and in 1989 Iran's supreme leader issued a fatwa calling for his death, forcing him into years of hiding under armed guard. He kept writing throughout, and survived a near-fatal stabbing in 2022.",,"Wikipedia (Salman Rushdie), full article: born 19 June 1947 in Bombay, Indian-born British and American, The Satanic Verses his fourth novel; Associated Press report carried by PBS NewsHour, 23 July 2026 (raised in Britain, now a US citizen, Booker 1981, Khomeini's 1989 fatwa, the 2022 attack); CNN, 29 July 2026; France 24 interview, 2 July 2026, confirming him alive and blind in one eye"
Samantha Harvey,bio,,1975,,"Kent, England",,"A British novelist admired for the philosophical depth and lyrical precision of her fiction. Raised in Kent and trained partly in philosophy, she made her debut with The Wilderness, a novel written from inside a mind failing to dementia, and went on to write several acclaimed books as well as a memoir of insomnia, The Shapeless Unease. In 2024 she won the Booker Prize with Orbital, a short, luminous novel that follows six astronauts through a single day aboard the International Space Station as they watch the Earth turn, weightless and full of wonder, beneath them.",,"Wikipedia (Samantha Harvey: born 1975 in Kent, philosophy at York and Sheffield); her own site samanthaharvey.co.uk; Booker Prizes author page for the 2024 win; The Modern Novel biography (born Tonbridge, raised at Ditton near Maidstone)"
Saskia Sassen,bio,,1947,,"The Hague, Netherlands",,"A Dutch-American sociologist, one of the most influential contemporary thinkers on globalization and cities. Born in the Netherlands and raised in Argentina, and long a professor at Columbia University, she coined the idea of the 'global city', arguing that a handful of cities such as New York, London and Tokyo have become the command centres of the world economy, concentrating both great wealth and new forms of inequality. In a series of major books she has analysed migration, finance, labour and what she calls the 'expulsions' driven by the global economy.",,"Columbia sociology department page (Robert S. Lynd Professor of Sociology, Emerita; 'she identified and described the phenomenon of the global city'); her own CV at saskiasassen.com (born in the Netherlands, grew up in Argentina and Italy, studied in France, PhD Notre Dame 1974); Wikipedia and Wikidata for the Dutch-American nationality; Le Gales and Vitale, 'The Rise and Fall of the Sociology of the Global City', Annual Review of Sociology 2024, which dates the coinage of 'global city' to Sassen-Koob 1984 and distinguishes it from the earlier 'world city' of Geddes and Hall; filmed urbanNext interviews posted in June-August 2026 show she is living. Tested: the nationality, the coinage rather than popularisation of 'global city', the Columbia chair, the command-centre argument, 'expulsions', and whether she is alive."
Seneca,bio,,c. 4 BC,AD 65,"Corduba (Cordoba), Spain","Rome, Italy","A Roman Stoic philosopher, statesman and tragedian, born at Cordoba in Roman Spain. He rose at Rome as an orator and writer, was exiled to Corsica by the emperor Claudius, then recalled to tutor the young Nero and, for a time, to help govern the empire as his chief adviser. His moral essays and Letters to Lucilius made Stoic ethics practical and humane, urging calm before fortune and careful use of one's time, while his blood-soaked tragedies shaped later European drama. Accused at last of joining a plot against Nero, he was ordered to take his own life, and met death with the composure he had preached.",Canonical form of Seneca the Younger / Lucius Annaeus Seneca.,"Britannica (birth at Corduba, exile to Corsica in 41 on Messalina's charge of adultery with Julia Livilla, recall in 49 through Agrippina, tutor to Nero, virtual ruler with Burrus 54-62, denounced in 65 over Piso's conspiracy and ordered to kill himself, meeting death 'with fortitude and composure'); Stanford Encyclopedia of Philosophy entry on Seneca; World History Encyclopedia; Tacitus, Annals 15.60-64 for the death. Tested: the Spanish birth, the orator's rise at Rome, the exile and recall, the tutorship and chief-adviser years, the Letters to Lucilius, the influence of the tragedies on later European drama, and the forced suicide."
Seneca the Younger,alias,Seneca,,,,,,"Same person; ""the Younger"" distinguishes from his father the Elder, but the bank's Seneca is uniformly the philosopher.",
Sharon Salzberg,bio,,1952,,"New York City, USA",,"An American author and one of the teachers who helped bring Buddhist meditation to the West. As a young woman she travelled to India to study, then returned to co-found the Insight Meditation Society in Massachusetts, a leading centre for the practice. She is especially associated with the practice of lovingkindness, or metta, the deliberate cultivation of warmth toward oneself and others, which she has taught to a wide secular audience. Through best-selling books such as Lovingkindness and Real Happiness, she has made meditation and heartfelt compassion accessible to millions.",,"Jewish Women's Archive encyclopedia entry for Sharon Salzberg (b. 5 August 1952; one of three co-founders of the Insight Meditation Society, 1974, with Jack Kornfield and Joseph Goldstein; India from 1970, returned 1974; Lovingkindness 1995; Real Happiness a New York Times bestseller); her own site's biography ('Born in New York City in 1952'; SUNY Buffalo 1972; first intensive course at Bodh Gaya in January 1971); dharma.org IMS history, written by Salzberg and Goldstein (the property at Barre bought in 1975, centre opened 14 February 1976); Ten Percent Happier episode for the IMS fiftieth anniversary, July 2026, in which she takes part, so living"
Shodo Harada Roshi,bio,,1940,,"Nara, Japan",,"A Japanese Zen master of the Rinzai tradition, admired as a rigorous teacher and a bridge to students in the West. The abbot of the temple Sogen-ji in Okayama, he has trained monks and lay practitioners from around the world and founded affiliated centres abroad, including in the United States. Sometimes called 'the roshi's roshi' for the depth of his practice, he teaches demanding, traditional Zen, seated meditation, koan study and the disciplined monastic life, while speaking to a modern audience. His talks and books present the essence of Zen with clarity, warmth and uncompromising seriousness.","Birthplace made specific: born into a Zen temple family at Nara, Japan, on 26 August 1940, not simply 'Japan'. Rinzai master and abbot of Sogen-ji, Okayama.","One Drop Zen lineage page, onedropzen.net (born 26 August 1940 at Nara, Japan, to a temple priest and his wife; Shofukuji under Yamada Mumon Roshi from 1962, inka 1983, then sent to Sogenji); Wisdom Publications page for Moon by the Window, which is the source of the epithet 'the roshi's roshi'; Lion's Roar profile 'Shodo Harada Roshi: Nuclear Reactor of Zen'; Hidden Valley Zen Center lineage note (Tahoma Sogenji on Whidbey Island founded 1995, Enso House hospice 2001); sogenji.com osesshin calendar for 2026, which schedules his retreats month by month and so confirms him living and still abbot"
Sigmund Freud,bio,,1856,1939,"Freiberg, Moravia (Pribor, Czechia)","London, England","An Austrian neurologist who founded psychoanalysis and, more than anyone, gave the modern world its idea of the unconscious mind. Working in Vienna, he came to believe that much of mental life is hidden from us, driven by repressed desires reaching back into childhood, that surface in dreams, slips of the tongue and neurotic symptoms. Out of Josef Breuer's cathartic 'talking cure' he made the method of free association, and he mapped the mind into id, ego and superego. Fiercely controversial, he reshaped psychology, medicine and art, and left a mark on everyday language, before the Anschluss drove him from Vienna to London in 1938, a little over a year before his death.","The phrase 'talking cure' was coined by Bertha Pappenheim, the patient Breuer treated as 'Anna O.'; Freud credited her with it in his 1909 Clark lectures and adopted it for psychoanalysis, while free association was his own development. He left Vienna on 4 June 1938 and died in London on 23 September 1939, so the flight came fifteen months before his death, not in his last year.","Library of Congress 'Freud's Last Days in Vienna as Nazis Approached' and the Freud Museum London exhibition 'Leaving Today: the Freuds in Exile 1938' (Orient Express out of Vienna, 4 June 1938; death 23 September 1939); Harvard CHSI exhibition 'Freud the Analyst: London'; Wikipedia's 'Talking cure' and 'Bertha Pappenheim' articles quoting Freud's Clark lectures of 1909, where the patient is credited with christening the treatment; Encyclopedia.com on the cathartic method. Tested: the founding of psychoanalysis, the credit for the talking cure and for free association, the id-ego-superego model, and the date of the flight from Vienna against the date of death. Two claims failed: Freud did not develop the talking cure, which was Breuer's treatment and his patient's phrase, and he did not flee in his last year."
Simone Weil,bio,,1909,1943,"Paris, France","Ashford, England","A French philosopher, mystic and political activist of rare integrity. Brilliant and ascetic from youth, she taught philosophy while sharing the lot of those she wrote for, taking leave to labour in factories and, briefly, to join the fight in the Spanish Civil War. Her thought fused a rigorous concern for justice and human affliction with a late, unorthodox Christian mysticism of attention, self-emptying and grace. Refusing to eat more than her compatriots under German occupation, she died in England at thirty-four; almost all her work, including Gravity and Grace, appeared only after her death.",,"Wikipedia (agregation in philosophy 1931; teaching posts at Le Puy, Auxerre, Roanne and Bourges; a twelve-month leave of absence from 1934 for labour at Alstom and Renault; the French-speaking Sebastien Faure Century of the Durruti Column; tuberculosis and refusal to eat more than occupied France was rationed; death at the Grosvenor Hall sanatorium, Ashford, 24 August 1943, aged 34); Emilia Bea Perez, 'Simone Weil y la Guerra Civil espanola', Cuadernos Electronicos de Filosofia del Derecho 27 (2013), on the August 1936 service; The Drift, 'Whose Weil?'; the Routledge Gravity and Grace, compiled from her notebooks by Gustave Thibon and published in 1947. Tested: the teaching of philosophy, the factory leave, what the Spanish service amounted to (she enlisted in a militia column but was kept from combat and left after roughly six weeks, scalded by cooking oil), the refusal of food, the age at death, and the posthumous publication of nearly all the work. The bio claims she joined the fight, not that she fought, which the record supports; strictly, the leave from teaching covers the factory year and not the Spanish summer."
Socrates,bio,,c. 470 BC,399 BC,"Athens, Greece","Athens, Greece","A Greek philosopher of Athens, regarded as a founder of Western moral philosophy. He wrote nothing; his thought is known through the dialogues of his pupil Plato and the writings of Xenophon. He questioned fellow citizens in public about justice, virtue and knowledge, a practice later called the Socratic method. In 399 BC an Athenian court convicted him of impiety and of corrupting the young, and he was executed by drinking hemlock.",,Written from general reference knowledge on 2026-09-29 without access to sources; to be verified.
Sogyal Rinpoche,bio,,1947,2019,"Kham, Tibet","Bangkok, Thailand","A Tibetan Buddhist teacher who became widely known in the West, above all as the author of The Tibetan Book of Living and Dying. Born in eastern Tibet and recognised as the incarnation of the visionary master Tertön Sogyal, he came to Britain in 1971 as a visiting scholar at Trinity College, Cambridge, where he took no degree, and founded the international Rigpa network of Buddhist centres; through his best-selling book he introduced many Western readers to Tibetan teachings on meditation, compassion, death and the states between lives. He retired in 2017 after senior students accused him of sexual, physical and emotional abuse, and an investigation commissioned by Rigpa upheld the accusations the following year; he died in 2019 with his legacy in dispute.","Deathplace made specific: he died of a pulmonary embolism at about 1pm on 28 August 2019 in a hospital in Bangkok, where he had been treated for colon cancer, not simply 'Thailand'. Bio corrected on two claims a Wikipedia infobox would not show: he was admitted to Trinity College, Cambridge in 1971 as a visiting scholar in theology and religious studies and never graduated, so 'educated at Cambridge' overstated it; and the abuse was not left at the level of allegation, the independent investigation by Lewis Silkin commissioned by Rigpa upheld it in August 2018.","Buddhistdoor Global report of 28 August 2019 (death about 1pm in the capital Bangkok, pulmonary embolism, treated for colon cancer); Library of Congress name authority n92022695 (born Sonam Gyaltsen Lakar 1947 at Trehor, Kham; retired 11 August 2017; died 28 August 2019 in Bangkok); New York Times obituary 1 September 2019 and Telegraph obituary 29 August 2019 (the latter: arrived at Trinity College Cambridge in 1971 for a course in theological and religious studies, 'although he never graduated'); Lewis Silkin final report of 22 August 2018 upholding the abuse allegations; Tricycle report 28 August 2019"
Sophocles,bio,,c. 497 BC,406 BC,"Colonus, near Athens, Greece","Athens, Greece","One of the three great tragic playwrights of ancient Athens, and the most honoured in his own day. A respected citizen who held public office and even served as a general, he wrote some hundred and twenty plays and won the city's dramatic festival again and again across a long life. Only seven survive complete, among them the towering Theban plays Oedipus the King and Antigone, which probe fate, pride, justice and the limits of human knowledge. He is credited with adding a third actor to the stage and deepening the art of character, and his Oedipus became for Aristotle the very model of tragedy.",,"Britannica (123 dramas, seven surviving, the third speaking actor and painted scenery, the generalship with Pericles in the Samian War); Encyclopedia.com (Hellenotamias in 443/442, general 441-439, membership of the Athenian senate); Wm. Blake Tyrrell, 'The Suda's Life of Sophocles', Electronic Antiquity 9.1, which treats the treasurership of 443/442 and the eighteen victories at the City Dionysia as the two securely documented facts of his life; Wikipedia for the 30 competitions, 24 wins and never lower than second, and for Aristotle's use of Oedipus Rex in the Poetics. Tested: the count of plays, the repeated festival victories, the public office and generalship, the hedged credit for the third actor, and Aristotle's judgement of Oedipus."
Stanisław Lem,bio,,1921,2006,"Lwow (now Lviv, Ukraine)","Krakow, Poland","A Polish writer of science fiction and philosophy, the most widely read in the genre outside the English language. Trained in medicine and steeped in science, he used the form to explore the limits of human knowledge and the near-impossibility of truly grasping the alien or the future. His novel Solaris, filmed three times, imagines a living planet-ocean that defeats every human attempt to understand it. Elsewhere, in satirical fables and mock reviews of nonexistent books, he wrote with dazzling wit about robots, technology and the follies of reason, foreseeing much of the digital age.","Solaris has been filmed three times, not twice: a 1968 Soviet television film by Boris Nirenburg and Lidiya Ishimbayeva, Tarkovsky's 1972 film and Soderbergh's 2002 film. Only the last two were made for the cinema, which is what the earlier count of two reflected. Lem finished medical studies at the Jagiellonian University but deliberately sat no final examinations, taking only the absolutorium, so he was trained in medicine without holding a medical degree.","Wikipedia's Lem article (Theodore Sturgeon's 1976 judgement that he was the most widely read science fiction writer in the world; translation into more than 40 languages and 45 million copies; medical studies at Lwow and the Jagiellonian with final examinations refused to avoid service as a military doctor; the 1968, 1972 and 2002 Solaris films); Wikipedia's 'Solaris (1968 film)', which calls the Soviet television version the first adaptation of the novel; BFI feature 'Before Tarkovsky: the little-known original version of Solaris'. Tested: the reach claim, the medical training and whether a degree was implied, the number of Solaris adaptations, the planet-ocean description, and A Perfect Vacuum as the reviews of books that do not exist. One claim failed: the novel has been filmed three times."
Steve Jobs,bio,,1955,2011,"San Francisco, California, USA","Palo Alto, California, USA","The American entrepreneur who co-founded Apple and did more than anyone to shape the look and feel of modern digital life. Adopted and raised in what became Silicon Valley, he started Apple in a garage with Steve Wozniak and helped bring the personal computer to ordinary people. Forced out of his own company, he built the computer firm NeXT and turned Pixar into an animation powerhouse before returning to a near-bankrupt Apple and leading one of the great corporate revivals with the iMac, iPod, iPhone and iPad. A demanding perfectionist obsessed with design and simplicity, he died of cancer at fifty-six.",,"Britannica summary of Steve Jobs (born 24 February 1955, San Francisco; died 5 October 2011, Palo Alto, California; adopted in infancy, raised in Cupertino; co-founded Apple with Wozniak in 1976, left in 1985 for NeXT, returned 1996, CEO 1997, iMac 1998); Los Angeles Times obituary of 6 October 2011 (dead at 56; born in San Francisco to Joanne Schieble and Abdulfattah Jandali, adopted by Paul and Clara Jobs); AP-derived report (left Apple 24 August 2011 and died six weeks later at his home in Palo Alto of complications of pancreatic cancer); Apple was started in his parents' garage with Wozniak, and Pixar was bought from Lucasfilm in 1986 and built up under him"
Sylvia Plath,bio,,1932,1963,"Boston, Massachusetts, USA","London, England","An American poet and novelist whose intense, unflinching work made her one of the defining voices of confessional poetry. Brilliant and driven from childhood, she wrote poems of ferocious imagery and emotional extremity, collected above all in the posthumous Ariel, and a single autobiographical novel, The Bell Jar, about a young woman's breakdown. Her turbulent marriage to the poet Ted Hughes and her lifelong struggle with depression shadow the work. She took her own life in London at thirty, and was later awarded a posthumous Pulitzer Prize, her reputation still growing.",,"The Pulitzer Prizes official list for 1982 (Poetry: The Collected Poems, Harper & Row); Britannica on The Collected Poems, edited by Hughes, published 1981, awarded the 1982 prize; Wikipedia (The Bell Jar published a month before her death under the name Victoria Lucas, Ariel 1965, death in London 11 February 1963 aged 30). Tested: the confessional-poetry standing, Ariel as the posthumous collection, The Bell Jar as her only novel and its subject, the marriage to Hughes, the age at death, and the posthumous Pulitzer."
T.C. Boyle,bio,,1948,,"Peekskill, New York, USA",,"An American novelist and short-story writer known for exuberant language, dark comedy and a restless range of subjects. Born Thomas John Boyle in New York's Hudson Valley, he adopted the middle name Coraghessan as a young man and trained at the Iowa Writers' Workshop. Over some twenty novels and more than a hundred and fifty stories he has written about ecology and obsession, immigration, communes, and historical cranks and visionaries, in books such as The Tortilla Curtain and The Road to Wellville. Prolific and stylistically dazzling, he founded the undergraduate writing program at the University of Southern California and taught there for close to forty years.",Publishes as T. C. Boyle; full name T. Coraghessan Boyle.,"tcboyle.com author page (MFA from the Iowa Writers' Workshop 1974, PhD in nineteenth-century British literature from Iowa 1977, in the USC English department since 1978); Wikipedia (born Thomas John Boyle Jr., middle name changed to Coraghessan at seventeen, 'more than 150 short stories'); Encyclopedia.com's Contemporary Authors entry; his 2019 Kenyon Collegian interview, in which he says he founded the undergraduate writing programme at USC and has stepped down from the professorship; Westchester Magazine, April 2026 ('twenty novels'), and the Writers on Writing interview recorded 27 March 2026 for the novel No Way Home, which confirm he is living and still publishing. Tested: the birth name and the adopted middle name, the Iowa training, the subjects and titles named, the teaching post, the counts of novels and stories, and whether he is alive. One claim failed: 'hundreds of stories' overstates a body of some hundred and fifty; the novels, at twenty, were understated as 'more than a dozen', and the teaching is now specified and dated."
T.S. Eliot,bio,,1888,1965,"St. Louis, Missouri, USA","London, England","An American-born British poet, critic and playwright, one of the towering figures of literary modernism. Born in St. Louis and educated at Harvard, he settled in England, worked as a banker and then a publisher, and eventually became a British subject and a devout Anglican. His early poems, above all The Waste Land, a fragmented, allusive vision of a spiritually barren modern world, revolutionised English poetry, while his later Four Quartets turned toward faith and time. A hugely influential critic and the author of verse dramas, he won the Nobel Prize in Literature in 1948.",,"Wikipedia (born St Louis 1888, Harvard, moved to England 1914, Lloyds Bank from 1917, director of Faber and Gwyer from 1925, received into the Church of England 29 June 1927 and naturalised British in November 1927); the T. S. Eliot Foundation's own pages 'T. S. Eliot at Lloyds Bank' and '100 years since T. S. Eliot entered the world of publishing' (clerk from 19 March 1917, resignation November 1925, editor and director at Faber and Gwyer); nobelprize.org for the 1948 Literature prize. Tested: the American birth and British subjecthood, the Harvard education, the bank-then-publisher career, the Anglican conversion, The Waste Land and Four Quartets, the verse dramas, and the Nobel year."
Tenzin Gyatso,alias,Dalai Lama,,,,,,"Personal name of the 14th Dalai Lama; the bank's ""Dalai Lama"" refers to him.",
The School of Life,bio,,2008,,"London, England",,"Not a person but an organisation, an educational company opened in a disused stationery shop in Bloomsbury, London, in September 2008 by the curator Sophie Howarth and the philosopher Alain de Botton. Through books, films, online courses, classes and a range of products, it sets out to teach 'emotional intelligence', the skills of self-knowledge, relationships, calm, work and living wisely that conventional schooling tends to leave out. Drawing on philosophy, psychology and culture, and known for its calm, accessible online videos watched by many millions, it has become a widely recognised popular voice in the modern wellbeing and self-understanding movement.","An organisation founded by two people, not an individual author. Founder credit corrected: the row gave the founding to Alain de Botton with unnamed 'colleagues', but the co-founder was Sophie Howarth, and the contemporary record puts her first. NPR in September 2008 and Time in November 2008 both call Howarth the school's founder and director and describe de Botton as a faculty member; Howarth's own site says 'I was the co-founder, with Alain de Botton, of The School of Life'.","NPR 'School Gives Adult Students An Existential Kick', 27 September 2008 (Sophie Howarth, founder and director, first week of classes); Time, 'The Art of Living at The School of Life' (opened September 2008 in Bloomsbury, a small bookshop with a basement classroom; Howarth 'the school's founder', de Botton 'faculty member'); sophiehowarth.com page on The School of Life ('co-founder, with Alain de Botton'; began in a disused London stationery shop, original shop now closed); en.wikipedia The School of Life infobox, which now gives both founders"
Theodore Roosevelt,bio,,1858,1919,"New York City, USA","Oyster Bay, New York, USA","The twenty-sixth president of the United States, a whirlwind of energy who embodied the vigorous 'strenuous life' he preached. A sickly, asthmatic boy who remade himself through exercise and will, he was by turns a rancher, historian, naturalist, soldier and reformer before becoming, at forty-two, the youngest president in the nation's history. In office he broke up monopolies, protected vast tracts of wilderness as national parks and forests, and set the digging of the Panama Canal under way, winning the Nobel Peace Prize for mediating an end to the Russo-Japanese War. Out of office he hunted in Africa and mapped an unknown river in the Amazon, and he remains an enduring American icon.","The exploring came after the presidency, not before it: the Smithsonian-Roosevelt African expedition of 1909-10 and the Roosevelt-Rondon descent of the River of Doubt in 1913-14. Construction of the Panama Canal was secured and begun in his term, from 1904, but the canal opened in 1914, five years after he left office.","Britannica ('a writer, naturalist, and soldier'; the 1906 Nobel Peace Prize for mediating an end to the Russo-Japanese War; 'secured the route and began construction of the Panama Canal (1904-14)'; the two years ranching in Dakota Territory from 1884); Wikipedia (boyhood asthma and the strenuous life, The Naval War of 1812 as the making of his reputation as historian, police and Navy posts, Rough Riders, governor, then the four-month Amazon expedition after the 1912 defeat); Miller Center 'Life Before the Presidency'; Theodore Roosevelt Presidential Library on the 1913-14 Brazilian expedition. Tested: each pre-presidential role in the list, the age of forty-two and the youngest-president claim, the trust-busting, the conservation record, the canal, and the Nobel. Two claims failed: he was no explorer before 1901, that career belonging to 1909-14, and the canal he began in office was finished five years after it."
Thomas Brasch,bio,,1945,2001,"Westow, England","Berlin, Germany","A German writer, poet, playwright and filmmaker of a rebellious, restless spirit. Born in English exile to Jewish Communist émigrés, a father from Berlin and a mother from Vienna, who settled in the Soviet zone of Germany after the war to help build the socialist state, he grew up a privileged but dissident son of that state, was jailed for handing out leaflets against the crushing of the Prague Spring, and left for the West in 1976. There he won acclaim for poetry, prose, plays and films marked by anger, irony and linguistic energy. Caught between two Germanys and at home in neither, he became a distinctive voice of the divided nation.","Bio corrected: the parents were not both German. His father, Horst Brasch (1922-1989), was a Berlin Jew who reached Britain on a Kindertransport in 1939 and did return; his mother, Gerda Wenger (1921-1975), was a Viennese Jew who escaped to Britain in 1938 on a domestic-servant visa, married Horst in London in 1944 and had never lived in Germany, so 'German-Jewish parents who returned' was wrong twice over. Dates and place confirmed: born 19 February 1945 at Westow, Yorkshire, died of heart failure in Berlin on 3 November 2001, aged 56. Sources differ on the family's move, Suhrkamp giving 1946 and filmportal and de.wikipedia 1947. In 1968 he was sentenced to 27 months for leaflets against the invasion of Czechoslovakia, denounced by his own father, and released on probation the next year; the exit permit came in December 1976.","Suhrkamp author page and the publisher's printed Zeittafel for Brasch (born 19 February 1945 at Westow, Yorkshire, to Jewish emigrants; 27-month sentence in 1968 for 'staatsfeindliche Hetze'; exit permitted December 1976); filmportal.de biography (father Horst state secretary and deputy culture minister, mother Gerda a journalist, father's denunciation in 1968); de.wikipedia Horst Brasch, citing the Vienna Jewish community birth register of 1921 via JewishGen for Gerda Wenger, 'die gebürtige Wienerin', married in London in 1944; NDR feature of 19 February 2025 (died 3 November 2001 aged 56 of heart failure)"
Thomas Carlyle,bio,,1795,1881,"Ecclefechan, Scotland","London, England","A Scottish historian, essayist and social critic, one of the most powerful and combative voices of the Victorian age. From humble beginnings in rural Scotland he became a prophetic man of letters in London, writing in a dense, thunderous, idiosyncratic prose all his own. His vivid history The French Revolution made his name, and in works such as Sartor Resartus and On Heroes he attacked the materialism and mechanisation of the age and preached the importance of great men, work and moral earnestness. His authoritarian later politics have since dimmed his reputation.",,"Britannica (Scottish historian and essayist, Ecclefechan 1795 to London 1881, move to Cheyne Row in 1834, The French Revolution begun there); Encyclopedia.com and the Victorian Web biography, both of which date the making of his name to the three volumes of The French Revolution in 1837, after Sartor Resartus had appeared in Fraser's in 1833-34 and been damned by the press; Wikipedia for On Heroes (1841), Past and Present (1843) and the hardening of the later politics. Tested: the nationality and the rural origins, the London career, the attribution of his reputation to The French Revolution, the titles named, the anti-mechanist and great-man themes, and the dimming of his standing. No conflict with the ledger, which traces the line once given to Buddha to his 1829 essay 'Voltaire'."
Thomas Gray,bio,,1716,1771,"London, England","Cambridge, England","An English poet and scholar, one of the most admired poets of the eighteenth century though he wrote very little. A retiring, melancholy man who spent most of his life as a scholar at Cambridge, he perfected a small body of exquisitely crafted verse. His Elegy Written in a Country Churchyard, a grave, tender meditation on death, obscurity and the unfulfilled lives of the rural poor, is one of the best-known and best-loved poems in the English language. He declined the post of Poet Laureate, preferring his quiet, studious retirement.",,"Thomas Gray Archive biography and its record of letters 258-259, where the laureateship vacated by Cibber's death on 12 December 1757 is offered through William Mason on behalf of the Duke of Devonshire and declined, Whitehead being appointed on 19 December; Gray's own letter of 19 December 1757 ('I would rather be Serjeant-Trumpeter, or Pin-Maker to the Palace'), also printed in the University of Otago laureate exhibition; Wikipedia (fellow of Peterhouse then Pembroke, only thirteen poems published in his lifetime, the Elegy of 1751). Tested: the smallness of the output against the reputation, the Cambridge scholar's life, the description of the Elegy, and above all the refusal of the laureateship, which holds in the primary correspondence."
Thomas Robert Dewar (Lord Dewar),bio,,1864,1930,"Perth, Scotland","Homestall, near East Grinstead, Sussex, England","A Scottish whisky magnate, businessman and celebrated wit. With his brother he built the family firm John Dewar and Sons into a global whisky empire, pioneering flamboyant advertising and travelling the world to promote Scotch. Made a peer as Baron Dewar, he was a famous sportsman, racehorse owner and after-dinner speaker, and his sharp, epigrammatic sayings, sometimes called 'Dewarisms', circulated widely, among them the line long attributed to him that a mind is like a parachute, working only when it is open. He is remembered for those quips as much as for his whisky.","Deathplace corrected from London: he died at his country house Homestall, near East Grinstead in Sussex, on 11 April 1930, and was cremated at Golders Green. He was long resident at the Savoy in London, which is likely the source of the error. The 'parachute' line circulated as his but he is better described as its populariser than its coiner; it is also misattributed to Frank Zappa.","scotchwhisky.com 'Whisky Heroes: Tommy Dewar' by Gavin D Smith (born Perth 1864, son of the founder John Dewar; the maxims known as 'Dewarisms'; MP for St George's 1900-06; knighted 1902, baronet 1917, Baron Dewar of Homestall 1919; bred Challenger and Cameronian; died April 1930 aged 66, cremated Golders Green); Parks & Gardens record for Thomas Dewar ('died on 11 April 1930 at his Sussex home, The Homestall, East Grinstead'); History of Parliament peerages database, letters patent of 20 May 1919; Oxford DNB entry heading 'Dewar, Thomas Robert, Baron Dewar (1864-1930), whisky blender and politician'; on the parachute line, Barry Popik's citations and the English StackExchange survey of them, which find it unattributed in the Louisville Times of October 1927 and Dewar's name attached only from April 1928, i.e. populariser and not coiner, as the row already says"
Thích Nhất Hạnh,bio,,1926,2022,"Hue, Vietnam","Hue, Vietnam","A Vietnamese Zen master, poet and peace activist who did more than almost anyone to carry mindfulness to the West. Ordained young, he founded schools and a monastic order and led a movement of 'engaged Buddhism' serving villagers caught in the Vietnam War. His call for peace led Martin Luther King to nominate him for the Nobel and cost him his country: exiled for four decades, he settled in France and founded the Plum Village community. In simple, luminous books and talks he taught awareness of the present moment in walking, breathing and washing dishes, reaching millions before returning to Vietnam to die where he was first ordained.",,"Plum Village's own life story and extended biography (novice at Tu Hieu Temple in Hue at sixteen, the School of Youth for Social Service, the Order of Interbeing, Van Hanh University, denial of re-entry after the 1966 peace mission and an exile of 39 years, Plum Village founded in southern France, return to Tu Hieu in November 2018); the text of Martin Luther King's January 1967 nomination letter to the Nobel Committee, reproduced by Plum Village; Wikipedia (coinage of 'engaged Buddhism' in Vietnam: Lotus in a Sea of Fire, return visit permitted in 2005, death January 2022); NPR obituary, 21 January 2022. Tested: the young ordination, the schools and the order, the engaged-Buddhism movement, the King nomination, the length of exile, Plum Village, and the return to die at the temple where he was ordained."
Tom Robbins,bio,,1932,2025,"Blowing Rock, North Carolina, USA","La Conner, Washington, USA","An American novelist whose exuberant, playful, wildly digressive fiction made him a hero of the counterculture. A former newspaperman who settled in the Pacific Northwest, he wrote comic, philosophical novels stuffed with outrageous metaphors, wordplay and offbeat wisdom, celebrating freedom, imagination, sex and mischief against conformity. Books such as Even Cowgirls Get the Blues, with its hitchhiking heroine, and Jitterbug Perfume won a devoted following. Prizing delight and individual liberty above all, he cultivated a sunny, mischievous outlook across a long life.",,"New York Times, Washington Post and Seattle Times obituaries of 9-10 February 2025 (death at his home in La Conner, Washington, aged 92); Cascadia Daily News, 9 February 2025 (copy editor at the Richmond Times-Dispatch, then Seattle, 'the Hells Angel of Art Criticism'); Wikipedia (born Blowing Rock 22 July 1932, Seattle Times art critic and Post-Intelligencer copy desk, La Conner from 1970, Even Cowgirls Get the Blues 1976, Jitterbug Perfume 1984). Tested: the newspaper career, the Pacific Northwest, the counterculture standing, Sissy Hankshaw as the hitchhiking heroine, the titles, and the fact and place of his death."
Tony Robbins,bio,,1960,,"North Hollywood, California, USA",,"An American self-help author, coach and motivational speaker, one of the most successful and recognisable figures in the industry. Rising from a difficult, impoverished youth, he built a vast business empire around high-energy seminars, best-selling books such as Awaken the Giant Within, and the coaching of executives, athletes and even presidents. Physically imposing and relentlessly upbeat, he preaches that people can transform their lives by mastering their psychology, emotions and daily habits. Admired by a huge following and doubted by critics, he helped define the modern personal-development seminar.","Birthplace kept as North Hollywood but recorded as disputed: Britannica's biography, updated June 2026, gives Glendora, California, which is where he went to high school, while Wikipedia and the general run of profiles give North Hollywood; no primary record was found either way. The bio's 'coaching of executives, athletes and even presidents' holds up as far as the press does: the Washington Post of 11 January 1995 and Bob Woodward's The Choice place him at Camp David with the Clintons over the weekend of 30 December 1994, and a 1998 Independent profile lists Clinton, Gorbachev and Andre Agassi among his clients. Confirmed living and still touring in 2026.","Britannica 'Tony Robbins', updated 4 June 2026 (born 29 February 1960, Glendora, California); en.wikipedia Tony Robbins (born Anthony J. Mahavorić, 29 February 1960, North Hollywood; Glendora High School; Unlimited Power 1986, Awaken the Giant Within 1991); Washington Post, 'New Age ""Guru to the Glitterati"" Advised Clintons', 11 January 1995, and the Washington Post excerpt from Woodward's The Choice; The Independent profile, 1998; 2026 event listings for his Leadership Academy, Fiji Life & Wealth Mastery and the Business Mastery event of 12-16 August 2026"
Traditional Diné (Navajo) Blessingway,traditional,,,,,,,"Traditional oral text, no individual author.",
Traditional Irish Blessing,traditional,,,,,,,"Traditional blessing, no individual author.",
Truman Capote,bio,,1924,1984,"New Orleans, Louisiana, USA","Los Angeles, California, USA","An American writer of exceptional style whose life became as famous as his work. A precocious talent from the Deep South, he made an early mark with lyrical fiction and then with the sparkling novella Breakfast at Tiffany's. His masterpiece, In Cold Blood, a chillingly detailed account of the real murder of a Kansas family, he called a 'nonfiction novel' and helped invent a new genre. A celebrated wit and social butterfly who moved among the rich and famous, he squandered his later years in drink, drugs and feuds.",,"George Plimpton's interview with Capote, 'The Story Behind a Nonfiction Novel', New York Times, 16 January 1966, in which he sets out the form he calls the nonfiction novel; The New Yorker, 13 October 1997, on the Clutter murders at Holcomb, Kansas, and on Capote's claim to have invented the form, and Mailer's objection to it; a hit in the Internet Archive corpus (Kyle Gann, Music Downtown, 2006, p. 342) for the claim to have invented the nonfiction novel 'not with total justification'; Wikipedia for Other Voices, Other Rooms (1948), Breakfast at Tiffany's (1958) and the later years. Tested: the Southern origins, the early fiction, the novella, the Kansas murders, the 'nonfiction novel' label and the hedged credit for the genre, and the decline into drink, drugs and feuds."
Tschingis Aitmatow,bio,,1928,2008,"Sheker, Kyrgyzstan","Nuremberg, Germany","A Kyrgyz writer, by far the best-known author to come out of Soviet Central Asia. Writing in both Kyrgyz and Russian, he drew on the folklore, landscapes and hard rural life of his homeland to create humane, lyrical stories that reached readers across the Soviet Union and beyond. His tender early tale Jamila, a story of love against tradition, made his name, and later novels such as The Day Lasts More Than a Hundred Years blended realism, legend and quiet dissent. He became a symbol of his people to the wider world.",Chingiz Aitmatov (German spelling).,"Britannica, 'Chingiz Aytmatov' (born 12 December 1928 at Sheker, Kirgiziya, USSR, now Kyrgyzstan; died 10 June 2008 at Nürnberg, Germany; Jamila 1958; I dolshe veka dlitsya den, 1981, The Day Lasts More Than a Hundred Years); The Independent obituary, 2008 ('born Sheker, Soviet Union 12 December 1928 ... died Nuremberg, Germany 10 June 2008'; Soviet then Russian ambassador to Luxembourg 1990-94); New York Times obituary of 15 June 2008 (died in Nuremberg, lived in Bishkek, adviser to Gorbachev); wrote in Kyrgyz and Russian, buried at Ata-Beyit"
Tyler Durden,bio,,n/a (fictional),,,,"A fictional character, the charismatic anarchist at the heart of the 1999 film Fight Club, adapted from Chuck Palahniuk's novel. A soap salesman and underground fight-club founder who preaches liberation from consumerism and the comforts of modern life, Durden is eventually revealed to be a projection of the unnamed narrator's own splintered mind. His swaggering exhortations to stop clinging to possessions and control, and simply let go, are widely quoted. The words belong to the character and the film's screenplay, by Jim Uhls, not to any real person.","A fictional character, not a real author.","AFI Catalog entry 61148 for Fight Club (1999), giving David Fincher as director, Jim Uhls as sole credited screenwriter, and 'Based on the novel Fight Club by Chuck Palahniuk (New York, 1996)', with Brad Pitt credited as Tyler Durden and Edward Norton as 'Narrator'; 20th Century Studios' own page for the film; the character is the soap salesman with whom the unnamed narrator founds the fight club, and is revealed as the narrator's projection"
Uta Hagen,bio,,1919,2004,"Gottingen, Germany","New York City, USA","A German-American actress and one of the most influential acting teachers of the twentieth century. Born in Germany and raised in the United States, she had a distinguished career on the Broadway stage, creating roles such as Martha in the original production of Who's Afraid of Virginia Woolf? Blacklisted during the McCarthy era, she poured her energy into teaching at a New York studio, where she trained many leading actors. Her books Respect for Acting and A Challenge for the Actor remain standard texts of the profession.",,"Britannica (German-born American actor; the family moved to the US when she was seven; three Tony Awards, one of them for creating Martha in Albee's Who's Afraid of Virginia Woolf?); the New York Public Library finding aid to the Uta Hagen and Herbert Berghof Papers (blacklisted from television for most of the 1950s and subpoenaed by HUAC, second Tony in 1963, head of HB Studio after Berghof's death in 1990, died at home on 14 January 2004); Guardian obituary, 17 January 2004 (Respect for Acting, 1973, still a standard text in acting schools); Encyclopedia.com's Hagen entry (Berghof founded HB Studio in 1945, Hagen began teaching there in 1947 and taught until months before her death). Tested: the German birth and American upbringing, the origination of Martha in the 1962 Broadway premiere, the blacklisting, the studio and its pupils, and the two books. The bio rightly stops short of crediting her with founding HB Studio; her teaching began in 1947, before the blacklist, but the bio claims only that she poured her energy into it, which the record supports."
Vangisa,bio,,c. 6th c. BC,c. 5th c. BC,ancient India,,"One of the earliest named poets of the Buddhist tradition, a monk in the Buddha's own community. Remembered as a former wandering reciter drawn to the Buddha's teaching, he was praised as foremost among the disciples in spontaneous poetic inspiration. A body of verse attributed to him survives in the Pali canon, in which he celebrates his teacher, wrestles openly with pride and lust, and mourns the death of his preceptor. He is known only through these ancient scriptures, which make him at once a figure of devotion and one of the first personal voices in Indian Buddhist poetry.",Ancient figure known only through Buddhist scripture; dates nominal. Also written Vangisa/Vangisa.,"Malalasekera's Dictionary of Pali Proper Names, entry Vangisa Thera (consulted at palikanon.com and wisdomlib): brahmin family versed in the Vedas, the skull-tapping livelihood, ordination by Nigrodhakappa, and the Buddha's declaration of him as foremost among those of ready expression, patibhanavantanam, at AN i.24, with his verses at Thag 1208-79, repeated at SN i.183ff, among them the self-admonitions against conceit at his facility of speech, the verses on desire, and the long elegy for Nigrodhakappa. John D. Ireland, Vangisa: An Early Buddhist Poet, BPS Wheel 417/418, which prints the Pali and translation of Thag 1253 / SN 8.12: kaveyyamatta vicarimha pubbe gama gamam pura puram, that is, Intoxicated with skill in the poetic art, formerly we wandered from village to village, from town to town. Then we saw the Awakened One and faith arose in us. Jonathan Walters's translation of the Vangisa-thera-apadana at SuttaCentral (the Buddha places him foremost among eloquent monks). Tested: the wandering poet before the going forth, which rests on his own verse and not only on the commentary; the foremost-in-inspiration title; the verses on pride, on lust and on his preceptor's death; and the absence of any record of him outside the canon and its commentaries. Agrees with the ledger, which gives Sn 3.3 to Vangisa and not to the Buddha."
Veronica A. Shoffstall,bio,,1952,2024,"Astoria, New York, USA",,"An American writer remembered for a single, much-loved poem. She wrote 'After a While' as a nineteen-year-old college student in 1971, a tender meditation on growing up through heartbreak and learning self-reliance, planting one's own garden rather than waiting for someone to bring flowers. Widely reprinted, often anonymously or misattributed to Jorge Luis Borges, it became a staple of greeting cards and graduation speeches under titles she had never given it, 'Comes the Dawn' among them; when Ann Landers ran it unattributed in the 1980s, she proved and copyrighted her authorship. A graduate of SUNY Oswego who served for decades at the Bahá'í International Community's United Nations office in New York, she grew up on Long Island and spent the rest of her life in the city.","Dates and birthplace corrected: her 2024 obituary and Find a Grave give born 24 September 1952 at Astoria, Queens, New York, and died in early 2024 (obituary 14 February 2024), not born 1946 with no death. She wrote 'After a While' at nineteen in 1971 while at SUNY Oswego, which fits 1952 and not 1946. Deathplace left unset: the funeral was at Ozone Park, Queens, but the exact place of death is not stated. 'Comes the Dawn' is not the poem's opening but a title it acquired in the Ann Landers column; Shoffstall wrote that she never titled the poem at all and would never have chosen that one, and registered it for copyright as 'After a While'. The words themselves close a rival version of the poem claimed by Judith B. Evans, whose last line runs 'with every good-bye comes the dawn'.","Bergen Funeral Service obituary, February 2024, as carried by Legacy.com (born 24 September 1952 to Edward and Lucretia Shoffstall; McArthur High School, Levittown, 1970; a bachelor's degree from SUNY Oswego, where she wrote the poem; the Ann Landers printing in the 1980s and her proof of authorship; decades of service at the Bahá'í International Community's United Nations Office and Office of Public Information; the move into New York City after college); Shoffstall's own email, quoted at wherepoetrycrosses.blogspot.com, disowning the title ('I never titled it Comes the Dawn - that was something it picked up along the way... I call it After a While'); PolyArchive's account of the Borges misattribution, the Buenos Aires subway poster and the Ann Landers history; Bertram's Blog for the Judith Evans variant ending 'with every good-bye comes the dawn'. Tested: the age and year of composition, the degree (she did take it), the Borges misattribution, the Ann Landers episode and the copyright, the Bahá'í connection, and whether 'Comes the Dawn' is the poem's opening. One claim failed: that phrase is neither hers nor the poem's first words."
Vince Lombardi,bio,,1913,1970,"Brooklyn, New York, USA","Washington, D.C., USA","An American football coach regarded as one of the greatest and most quoted in the sport's history. Brought up in an Italian family in Brooklyn, the son of a butcher, he took over a struggling Green Bay Packers team and, through relentless discipline, drive and attention to fundamentals, turned it into a dynasty that won five championships in the 1960s, including the first two Super Bowls. The Super Bowl trophy now bears his name. His fierce sayings about winning, effort and commitment made him a byword for competitive determination, above all 'winning isn't everything, it's the only thing', a line he spread rather than coined: the college coach Red Sanders had used it in 1948.","Not his coinage: Henry 'Red' Sanders, then of Vanderbilt, told a Birmingham quarterback club on 9 November 1948 that with the fans winning isn't everything, it's the only thing, fourteen years before the saying was first fastened on Lombardi in print, and Esquire in November 1962 quotes Lombardi with the different adage that winning isn't everything but wanting to win is. The parentage is also looser than 'the son of Italian immigrants': his father Enrico was born at Salerno in 1889 but brought to Brooklyn as a child of two, while his mother Matilda Izzo was born in New York to immigrants from Vietri di Potenza.","Quote Investigator, 'Winning Isn't Everything; It's the Only Thing' (Barry Popik's citation from The Birmingham News, 9 November 1948, for Sanders; the Esquire piece of November 1962 and the LIFE profile of December 1962, the first to ascribe the pointed form to Lombardi; QI's conclusion that on current evidence Sanders crafted the expression); Wikipedia's Lombardi article (birth in Sheepshead Bay to Enrico 'Harry' Lombardi of Salerno and Brooklyn-born Matilda Izzo, the family meat business, three straight NFL championships in 1965-67 and championships in five of seven seasons, Super Bowls I and II, and the renaming of the Super Bowl trophy in 1970); Encyclopedia.com (Enrico brought from Italy in 1892 aged two; 'second-generation Italian immigrant parents'); New World Encyclopedia (Brooklyn-born mother). Tested: the parentage, the state of the Packers when he arrived, the count of championships, the trophy, and the authorship of the winning line. Two claims failed."
Virginia Woolf,bio,,1882,1941,"London, England","Rodmell, East Sussex, England","An English writer, one of the foremost modernist novelists and a central figure of the Bloomsbury Group. In novels such as Mrs Dalloway, To the Lighthouse and The Waves she pioneered a fluid 'stream of consciousness' that follows the inner life of her characters moment by moment, dissolving conventional plot. A brilliant essayist and critic, she argued in A Room of One's Own for women's creative and economic independence, a founding text of feminist criticism. Plagued throughout her life by mental illness, she drowned herself in a river in Sussex at fifty-nine.",,"Britannica's Woolf article (best known for Mrs. Dalloway, 1925, and To the Lighthouse, 1927, with The Waves, 1931; 'pioneering essays on artistic theory, literary history, women's writing, and the politics of power'; death on 28 March 1941 'when she was 59 years old'); the Wikipedia article for the Bloomsbury Group, A Room of One's Own of 1929 and the drowning in the River Ouse near Rodmell. Tested: the Bloomsbury standing, the three novels named, A Room of One's Own as the argument for women's creative and economic independence and as a founding text of feminist criticism, the lifelong illness, and the age of fifty-nine at her death, which the dates give exactly. The bio claims 'pioneered' for the technique and not for the term 'stream of consciousness', which was William James's coinage and was first turned on fiction by May Sinclair, so it does not overreach."
Virginie Ancelot,bio,,1792,1875,"Dijon, France","Paris, France","A French writer, playwright and painter, and the celebrated hostess of a Parisian literary salon. Born in Dijon and married to the dramatist Jacques Ancelot, she wrote successful comedies and dramas for the Paris stage, along with novels and memoirs. For decades her salon was a gathering place for the writers, artists and politicians of Restoration and July-Monarchy France, and her memoirs became a valued record of that world. A talented painter as well, she was a notable woman of letters in an age that gave women few such opportunities.",,"Library of Congress name authority nr90000139 (born Dijon 15 March 1792, died Paris 1875), citing La Grande Encyclopédie of 1886 and Bénézit, which calls her a French portrait and genre painter; IdRef/BnF authority 029446139, ark:/12148/cb12107172f ('Peintre et femme de lettres. Auteur de nouvelles, de romans et de nombreuses pièces de théâtre'; married to the dramatist Jacques-Arsène-François-Polycarpe Ancelot, 1794-1854); CERL Thesaurus cnp01383191 (birth Dijon, death Paris 7e, with the Archives de Paris death record no. 621 registered 21 March 1875); her salon ran on the rue de Seine from 1824 to 1866, and her Salon debut as a painter was in 1814. The authority records date the death 21 March 1875 where fr.wikipedia gives 20 March; the year, which is all the row carries, is not in doubt"
Wayne Dyer,bio,,1940,2015,"Detroit, Michigan, USA","Maui, Hawaii, USA","An American self-help author and speaker often called the father of modern motivation. Raised partly in Detroit foster homes and an orphanage, he took a doctorate in counselling, worked as a school guidance counsellor and taught at St John's University in New York, publishing counselling textbooks with John Vriend, before Your Erroneous Zones, an attack on guilt, worry and self-defeating habits, became one of the best-selling titles of its kind and launched a new career. Over thirty years and some forty books he moved from practical psychology toward spirituality, drawing on the Tao and on the power of intention, and became a fixture of public television, teaching that we shape our lives by the thoughts we choose.","Your Erroneous Zones (1976) was his first book for a general readership, not his first book: Counseling Techniques That Work, written with John Vriend for APGA Press, is dated 1974 by the Library of Michigan's author record and 1975 by Open Library. The obituaries repeat the 'first book' shorthand, but the bibliographic record does not support it. The teaching post is also stated exactly here rather than as a professorship in general: he was an assistant, later associate, professor at St John's University from 1971.","Library of Michigan Michigan Authors record for Dyer (BS 1965, MS 1966 and EdD in counselling 1970, all at Wayne State; counsellor at Pershing High School 1965-67; director of guidance at Mercy High School 1967-71; assistant professor at St John's University 1971-74; Counseling Techniques That Work with John Vriend, APGA Press, 1974; Your Erroneous Zones, Funk & Wagnalls, 1976); Open Library's author search sorted oldest first, whose earliest Dyer titles are the 1975 printings of Counseling Techniques That Work; CBS News obituary, 30 August 2015 (fans 'dubbed him the father of motivation'; the orphanage and foster homes; teaching at St John's when the book altered his course); Associated Press obituary via Legacy.com (more than 40 books; ten PBS specials that raised more than $250 million for public television; death at his Hawaii home of a heart attack). Tested: the epithet, the foster homes and orphanage, the doctorate, the teaching post and its rank, whether Your Erroneous Zones was his first book, the count of some forty books over thirty years, the turn to the Tao and to intention, and the public-television career. One claim failed."
William Blake,bio,,1757,1827,"London, England","London, England","An English poet, painter and printmaker, unrecognised in his own lifetime and now regarded as one of the great visionary artists in the language. A London engraver of fierce independence and religious imagination, he claimed to see visions from childhood and created his own private mythology. In illuminated books that he made entirely by hand, among them Songs of Innocence and of Experience, he fused radical poetry and startling images into a single art. Rebellious against reason, empire and orthodoxy alike, he celebrated imagination, energy and spiritual liberty.",,"Poetry Foundation's biography of Blake ('Poet, painter, engraver, and visionary'; 'Though in his lifetime his work was largely neglected or dismissed'; the illuminated-writing method of etching text and design together on a copper plate; Songs of Innocence with its title page dated 1789, combined with the companion Songs of Experience in 1794; the Lambeth prophecies and the private mythology of Urizen and Los; Jerusalem in a hundred illuminated plates; his account of organised religion as a perversion of ancient vision). Tested: the trade of engraver and the London life, the visions claimed from childhood, the illuminated books made by hand, the titles named, the private mythology, and the neglect in his own lifetime."
William Bruce Cameron,bio,,unknown,,USA,,"An American sociologist and educator. A university professor and author of textbooks introducing sociology to students, he wrote, in his 1963 book Informal Sociology, the now-famous sentence that not everything that can be counted counts, and not everything that counts can be counted, a caution about the limits of measurement in the social sciences. That line is very frequently misattributed to Albert Einstein, but scholarship has traced it firmly to Cameron. Beyond his academic work, little of his personal biography is on record, and even his dates are not reliably documented.","Born year set to unknown: the 1915 birth and the widely repeated 1976 death both trace only to quote aggregators and AI-written profiles. The one Library of Congress name-authority heading 'Cameron, W. Bruce, 1960-' (n2001024987) belongs to the later novelist W. Bruce Cameron, not this sociologist. Often misattributed to Albert Einstein.","Quote Investigator, 'Not Everything That Can Be Counted Counts, and Not Everything That Counts Can Be Counted', which prints the passage from Informal Sociology (Random House, 1963), page 13, checked on paper against the fifth printing, and traces one component phrase back to Cameron's article 'The Elements of Statistical Confusion Or: What Does the Mean Mean?', AAUP Bulletin 43:1, Spring 1957, verified on JSTOR; Garson O'Toole, Hemingway Didn't Say That (2017), page 406, found in the Internet Archive corpus; the Internet Archive scans of both Informal Sociology printings, whose title pages give his post as Bradley University in 1963 and the University of South Florida in the later issue; the American Sociological Association's 1955 annual meeting programme (William Bruce Cameron, Bradley University, 'Some Personal and Social Ramifications of the Jazz Aesthetic'); his Social Forces book reviews of 1967 and 1968 from the University of South Florida and a 1964 article from the University of Tampa; Modern Social Movements (Random House, 1966). Tested: the 1963 book and the wording of the sentence, the Einstein misattribution and the scholarship correcting it, and the claim that little is recorded of him. His teaching career is traceable through Bradley, Tampa and South Florida and he had worked as a professional musician, but no reference work gives his dates, so the bio and the existing note both stand."
William Carlos Williams,bio,,1883,1963,"Rutherford, New Jersey, USA","Rutherford, New Jersey, USA","An American poet and physician, a major figure of modernist poetry who found the extraordinary in ordinary American life. For more than forty years he practised as a family doctor in his home town of Rutherford, New Jersey, writing poems between patients. Rejecting the dense allusiveness of contemporaries like Eliot, he sought a fresh, plain American idiom and famously insisted on 'no ideas but in things', capturing concrete images in spare, clear lines. His long poem Paterson and his whole example deeply influenced later American poets.",,"Encyclopedia.com's Contemporary Authors entry (born Rutherford 17 September 1883, MD from the University of Pennsylvania 1906, postgraduate paediatrics at Leipzig, practice at Rutherford from 1910, died 4 March 1963); the Annals of Thoracic Surgery profile, 'William Carlos Williams (1883-1963): physician-writer', which dates the first incapacitating stroke to 1951 and says it forced him to retire 'after 40 years of practice'; Rosenthal and Wagner-Martin's life for the Modern American Poetry site (practice opened at Rutherford in 1910, first stroke March 1951); Wikipedia (both paediatrics and general medicine, chief of paediatrics at Passaic General Hospital, 'No ideas but in things' from 'A Sort of a Song' and repeated throughout Paterson, Paterson published in five volumes 1946-58). Tested: the length of the practice, which runs 1910 to March 1951 and so is more than forty years; the town; the family-doctor description; the rejection of Eliot's manner in favour of an American idiom; the phrase 'no ideas but in things' and its place in Paterson; and the influence on later poets."
William James,bio,,1842,1910,"New York City, USA","Chocorua, New Hampshire, USA","An American philosopher and psychologist, often called the father of American psychology. The brother of the novelist Henry James, he trained in medicine and then established one of the first psychology laboratories in the United States, writing the monumental Principles of Psychology. As a philosopher he was a leading champion of pragmatism, the view that the truth of an idea lies in its practical consequences, and in The Varieties of Religious Experience he examined faith with sympathy and a scientist's eye. He shaped how Americans think about mind, belief and action.",,"Stanford Encyclopedia of Philosophy, entry on William James, whose chronology gives the birth at New York City in 1842 as the first child of Henry James senior, the birth of his brother Henry in 1843, medical school and the return to it in 1866, and '1874-5. Begins teaching psychology; establishes first American psychology laboratory', together with The Principles of Psychology (1890), the Gifford Lectures of 1901-2 published as The Varieties of Religious Experience (1902), and Pragmatism (1907). Tested: the medical training, the standing as father of American psychology, the laboratory (the bio's hedged 'one of the first' is if anything more cautious than the SEP's 'first'), the Principles, the brotherhood with the novelist, and the account of pragmatism as truth in practical consequences - a term coined by Peirce and spread by James, which the bio does not claim for him - and the Varieties."
William Shakespeare,bio,,1564,1616,"Stratford-upon-Avon, England","Stratford-upon-Avon, England","The most celebrated writer in the English language, a poet and playwright of unmatched range and influence. Born in the market town of Stratford-upon-Avon, he made his career in London as an actor, playwright and shareholder in a leading theatre company. In some thirty-eight plays, comedies, histories and the great tragedies Hamlet, King Lear, Macbeth and Othello, and in his sonnets, he explored the whole span of human nature with a poetic power and psychological depth that have never been equalled. His words and characters permeate the culture, and his plays are performed the world over.",,"The Shakespeare Birthplace Trust biography (born 1564 at Stratford-upon-Avon, died 1616; a founding member of the Lord Chamberlain's Men, its regular dramatist at about two plays a year for almost twenty years, remaining as the company became the King's Men; 'Shakespeare's works include 38 plays, 2 narrative poems, 154 sonnets'; the First Folio gathered by fellow actors after his death). Tested: the count of some thirty-eight plays, the London career as actor, playwright and sharer in a leading company, the market-town birth, and the four tragedies and the sonnets named."
Winston Churchill,bio,,1874,1965,"Woodstock, England","London, England","A British statesman, soldier and writer, best remembered as the prime minister who led the United Kingdom through the Second World War. A descendant of dukes with a restless, pugnacious energy, he had a long and turbulent political career, and a reputation for poor judgement, before 1940, when, as war leader, his defiance and stirring oratory rallied Britain in its darkest hour against Nazi Germany. A prolific historian and journalist, he won the Nobel Prize in Literature, and his wartime speeches and quips are among the most quoted in the language.",,"The Nobel Prize's own facts page for the Literature prize of 1953 (born 30 November 1874 at Woodstock, died 24 January 1965 in London; educated at Harrow and Sandhurst; a brief army career, then Conservative MP from 1900 and high office in Liberal and Conservative governments; First Lord of the Admiralty at the outbreak of the war, Prime Minister and Minister of Defence from May 1940 to 1945 and again 1951-55; the prize 'for his mastery of historical and biographical description as well as for brilliant oratory'; the war memoirs and the life of his ancestor the first Duke of Marlborough). Tested: the war premiership, the descent from the Marlborough dukes, the soldiering and journalism, the long and turbulent career before 1940, and that the Nobel was in Literature and not Peace."
Woody Guthrie,bio,,1912,1967,"Okemah, Oklahoma, USA","New York City, USA","An American singer-songwriter and folk musician whose songs became the voice of the Depression-era poor and a foundation of American folk music. A wandering Oklahoman driven from the Dust Bowl, he rode the rails and sang for migrant workers and union halls, writing hundreds of songs of hardship, protest and hope, most famously 'This Land Is Your Land', his tart answer to complacent patriotism. His guitar bore the slogan 'This machine kills fascists'. Struck down by a hereditary disease, he directly inspired Bob Dylan and generations of protest singers.",,"Library of Congress, 'This Land Is Your Land' in the Patriotic Melodies collection (written February 1940 in reaction to Irving Berlin's 'God Bless America', originally titled 'God Blessed America for Me', first recorded with Cisco Houston in April 1944); the Woody Guthrie Center biography (the slogan painted on his guitar in the early 1940s and kept there after the war, Huntington's disease inherited from his mother, most of his last thirteen years in hospital, death on 3 October 1967); Wikipedia (hundreds of songs, Dust Bowl Ballads and the Dust Bowl Troubadour name, death at Creedmoor Psychiatric Center in Queens, the nineteen-year-old Bob Dylan visiting him at Greystone Park and idolising him). Tested: the answer to 'God Bless America' and its edge against complacent patriotism, the guitar slogan, the riding of the rails and the singing for migrants and unions, the hereditary disease, the place of death, and the direct influence on Dylan."
Zadok Rabinowitz,bio,,1823,1900,"Krustpils (now Jēkabpils), Latvia","Lublin, Poland","A Hasidic rabbi and one of the most original and prolific Jewish thinkers of nineteenth-century Poland, usually known as Rabbi Zadok HaKohen of Lublin. A former Talmudic prodigy of the non-Hasidic world who came to lead a Hasidic community, he wrote voluminously and daringly across Jewish law, theology, mysticism and the philosophy of history, blending rigorous scholarship with Kabbalistic and psychological insight. His many works, published largely after his death, are still closely studied for their depth and originality.","Zadok HaKohen of Lublin (Zadok Rabinowitz). Birthplace corrected from Kraslava: he was born at Krustpils, then called Kreuzburg, in the Vitebsk Governorate of the Russian Empire, now the town of Jēkabpils in Latvia. Died at Lublin.","YIVO Encyclopedia of Jews in Eastern Europe, 'Tsadok ha-Kohen of Lublin' (1823-1900; born at Kreuzburg in Courland to a Latvian and Lithuanian family; a prodigy married early; follower of Mordekhai Yosef Leiner of Izhbits; inherited Leibele Eger's position at Lublin in 1888; Tsidkat ha-tsadik 1902, Dover tsedek 1911, Mahshevot haruts 1912, responsa Tif'eret Tsevi 1909); Encyclopaedia Judaica entry reproduced at Encyclopedia.com, 'Zadok ha-Kohen Rabinowitz of Lublin' (born Kreuzburg (Krustpils), Courland; the 'illui of Krinik'; refused publication in his lifetime and asked for it after his death); Seforim Blog essay by Dovid Bashevkin, 2010 (34 years of seclusion 1854-1888; died 9 Elul, Monday 3 September 1900, in his seventy-seventh year)"
Zeno,bio,,c. 334 BC,c. 262 BC,"Citium, Cyprus","Athens, Greece","The founder of Stoicism, born at Citium on Cyprus and probably of Phoenician descent. A merchant by trade, he was shipwrecked near Athens and, browsing in a bookseller's, stumbled on philosophy; he studied with the Cynics and others before opening a school of his own. He taught in the Stoa Poikile, the 'painted porch' along the Athenian marketplace, and it is from that colonnade that Stoicism takes its name. He held that the aim of life is to live in agreement with nature and reason, that virtue alone is truly good, and that the wise stand unmoved by fortune, laying the ground for Seneca, Epictetus and Marcus Aurelius.","The bank's 'Zeno' is Zeno of Citium, the Stoic.","Diogenes Laertius, Lives of the Eminent Philosophers 7.1-4, in Yonge's translation at Fordham's Internet History Sourcebook (Citium, a Greek city partly settled by a Phoenician colony; a cargo of purple from Phoenicia and shipwreck close to the Piraeus; the bookseller's stall and the second book of Xenophon's Memorabilia; Crates pointed out to him, then Stilpo, Xenocrates and Polemo); Britannica's Zeno of Citium (Athens about 312 BC, the Cynic Crates and Stilpon of Megara, teaching in the Stoa Poikile 'whence the name of his philosophy', ethics central, happiness in conforming the will to the divine reason); Wikipedia for the contested Phoenician ancestry and for the Stoa Poikile as a colonnade in the Agora. Tested: the founding of Stoicism, the hedged 'probably of Phoenician descent', the merchant's trade and the shipwreck, the bookshop story, the Cynic teachers, the Painted Porch as the source of the school's name, and the doctrines of life in agreement with nature and of virtue as the only good."
Zeno of Citium,alias,Zeno,,,,,,"The bank's ""Zeno"" is the Stoic founder Zeno of Citium (Stoic-heavy collection); canonical kept as the higher-count string.",
Überliefert (Lehrgeschichte vom Mönch),traditional,,,,,,,"Handed-down teaching story, no individual author.",
