id,quote,language,transliteration,entry_type,author,source_work,category,tags,attribution,translation_group,notes
Q0001,Paths are made by walking them.,en,,poem,Antonio Machado,"Antonio Machado, ""Proverbios y cantares"" XXIX, in Campos de Castilla (1912)",Cities & Society,walking;journey;path;mobility,paraphrase,tg-001,"English rendering of ""se hace camino al andar""; commonly misattributed to Kafka, Nietzsche or Kästner. Renders the source loosely: Checked the Campos de Castilla text in the Biblioteca Virtual Miguel de Cervantes: the poem reads ""caminante, no hay camino, / se hace camino al andar"", of which the bank line is a faithful English condensation."
Q0002,"Year by year, it takes less time to get across the ocean, but more time to get to the office.",en,,quote,,,Cities & Society,cities;time;mobility,unverified,,"Attributed to Unknown in source. Attribution unverified: Searched TIME magazine commuting coverage of 1960 (""Those Rush-Hour Blues"" and the 8 February 1960 letters column) and the New Yorker archive of the same period without finding this quip; it appears only on anonymous quotation aggregators."
Q0003,"Movement is everything, direction is what matters.",en,,quote,Manfred Hinrich,,Cities & Society,movement;purpose;mobility,unverified,tg-002,"Attribution unverified: The German aphorism circulates under Hinrich's name on German quotation sites but no primary publication of his roughly 30000 aphorisms could be located, so the attribution stays unconfirmed."
Q0004,Some of the most rewarding goals in life are achieved through detours.,en,,quote,Francis Paul Wilson,,Cities & Society,goals;journey;mobility,unverified,,"Attribution unverified: No occurrence of this sentence in F. Paul Wilson interviews or in the bibliographic entries for him (the St. James Guide entry reproduced at Encyclopedia.com, the SF Encyclopedia, the fan-maintained Wilson wiki); it surfaces only on quotation aggregators."
Q0005,It's the unknown around the corner that turns my wheel.,en,,quote,Heinz Stucke,"Heinz Stücke's personal motto, painted on his bicycle and printed in his self-published travel booklet (1992; text reproduced at bikechina.com)",Cities & Society,adventure;cycling;mobility,verified,,"Wording as collected was: It's the unknown waiting around the next corner that pushes my wheels forward. Wording corrected against the source: Stucke's motto, reproduced from his own booklet at bikechina.com and quoted in the Adventure Cycling Association obituary, runs ""Be carefree, be mad, be a little bit bad. It is the unknown around the corner that turns my wheel""; the bank rewrites it as ""waiting around the next corner"" and ""pushes my wheels forward""."
Q0006,"Transportation is the centre of the world. It is the glue of our daily lives. When it goes well, we don't see it. When it goes wrong, it negatively colours our day, makes us feel angry and curtails our possibilities.",en,,quote,Robin Chase,"Robin Chase, interviewed by Dan Schawbel, ""How Robin Chase Reinvented the Transportation Industry"", Forbes, 22 June 2012",Cities & Society,cities;transport;mobility,paraphrase,,"Renders the source loosely: The Forbes interview reads ""Transportation is the center of the world! It is the glue of our daily lives. When it goes well, we don't see it. When it goes wrong, it negatively colors our day, makes us feel angry and impotent, curtails our possibilities.""; the bank drops ""and impotent"" and anglicises the spelling but misstates nothing."
Q0007,A developed country is not a place where the poor have cars. It's where the rich use public transportation.,en,,quote,Enrique Peñalosa,"Entretien avec l'agence EFE, publié dans Semana, 13 décembre 2010",Cities & Society,cities;equality;mobility,reattributed,tg-003,"Former mayor of Bogota and president of Colombia. Previously attributed to Gustavo Petro. Reattributed: Spanish Wikiquote sources it to Peñalosa via Semana, and kottke.org documents that the Petro attribution stems from a viral 2012 tweet; the English is itself a loose rendering."
Q0008,"Humanity has advanced, when it has advanced, not because it has been sober, responsible, and cautious, but because it has been playful, rebellious, and immature.",en,,quote,Tom Robbins,"Tom Robbins, Still Life with Woodpecker (Bantam, 1980), the passage defining ""neoteny""",Philosophy & Wisdom,progress;playfulness,verified,,"Verified: Checked against the text of Still Life with Woodpecker, where the sentence closes Robbins's paragraph on neoteny (""Humans are the most advanced of mammals ... because they seldom grow up""); the wording matches the bank exactly."
Q0009,"Wunder erleben nur diejenigen, die an Wunder glauben.",de,,quote,Erich Kästner,,Nature & Wonder,wonder;belief,unverified,,"Attribution unverified: Not found in Kästner's writings; the attribution appears only in unsourced quotation collections, and neither Zitatforschung nor the Kästner bibliography knows of any evidence."
Q0010,On ne voit bien qu'avec le cœur. L'essentiel est invisible pour les yeux.,fr,,quote,Antoine de Saint-Exupéry,"Le Petit Prince, ch. XXI (1943)",Literature,love;perception;le petit prince,verified,tg-004,Verified: Matches the fox's farewell speech in the French text.
Q0011,Man sieht nur mit dem Herzen gut. Das Wesentliche ist für die Augen unsichtbar.,de,,quote,Antoine de Saint-Exupéry,"Le Petit Prince, ch. XXI (1943)",Literature,love;perception;le petit prince,verified,tg-004,German translation of the French original. Verified: Matches the standard German translation by Grete and Josef Leitgeb.
Q0012,"Mais si tu m'apprivoises, nous aurons besoin l'un de l'autre. Tu seras pour moi unique au monde. Je serai pour toi unique au monde.",fr,,quote,Antoine de Saint-Exupéry,"Le Petit Prince, ch. XXI (1943)",Literature,love;friendship;le petit prince,verified,,Verified: Matches the fox's explanation of apprivoiser in the French text.
Q0013,"Je me demande, dit-il, si les étoiles sont éclairées afin que chacun puisse un jour retrouver la sienne.",fr,,quote,Antoine de Saint-Exupéry,"Le Petit Prince, ch. XXIV (1943)",Literature,hope;dreams;le petit prince,verified,,"Wording as collected was: Les étoiles sont éclairées pour que chacun puisse un jour retrouver la sienne. Wording corrected against the source: The original is a tentative question introduced by ""Je me demande si"" with ""afin que"", not an affirmative maxim."
Q0014,Toutes les grandes personnes ont d'abord été des enfants. Mais peu d'entre elles s'en souviennent.,fr,,quote,Antoine de Saint-Exupéry,"Le Petit Prince, dedication to Léon Werth (1943)",Literature,childhood;memory;le petit prince,verified,tg-005,Verified: Matches the dedication; the original places the second sentence in parentheses.
Q0015,Alle großen Leute sind einmal Kinder gewesen (aber wenige erinnern sich daran).,de,,quote,Antoine de Saint-Exupéry,"Le Petit Prince, dedication to Léon Werth (1943)",Literature,childhood;memory;le petit prince,verified,tg-005,German translation of the French original. Verified: Matches the Leitgeb German translation of the dedication.
Q0016,Il est bien plus difficile de se juger soi-même que de juger autrui.,fr,,quote,Antoine de Saint-Exupéry,"Le Petit Prince, ch. X (1943)",Literature,self;judgement;le petit prince,verified,tg-006,Verified: Matches the king's speech in the French text.
Q0017,"Es ist viel schwerer, sich selbst zu verurteilen, als über andere zu richten.",de,,quote,Antoine de Saint-Exupéry,"Le Petit Prince, ch. X (1943)",Literature,self;judgement;le petit prince,verified,tg-006,German translation of the French original. Verified: Matches the Leitgeb German translation of the king's speech in chapter X.
Q0018,"Les hommes n'ont plus le temps de rien connaître. Ils achètent des choses toutes faites chez les marchands. Mais comme il n'existe point de marchands d'amis, les hommes n'ont plus d'amis.",fr,,quote,Antoine de Saint-Exupéry,"Le Petit Prince, ch. XXI (1943)",Literature,friendship;modern life;le petit prince,verified,,Verified: Matches the fox's speech on friendship in the French text.
Q0019,"Les baobabs, avant de grandir, ça commence par être petit.",fr,,quote,Antoine de Saint-Exupéry,"Le Petit Prince, ch. V (1943)",Literature,growth;beginnings;le petit prince,verified,,Verified: Matches the little prince's remark on baobabs in the French text.
Q0020,"Ce n'était qu'un renard semblable à cent mille autres. Mais j'en ai fait mon ami, et il est maintenant unique au monde.",fr,,quote,Antoine de Saint-Exupéry,"Le Petit Prince, ch. XXI (1943)",Literature,friendship;love;le petit prince,verified,,"Wording as collected was: Ce n'était qu'un renard semblable à cent mille autres. Mais j'en ai fait mon ami, et il est maintenant unique. Wording corrected against the source: The bank drops ""au monde""; the prince's speech to the roses ends ""unique au monde""."
Q0021,"Was vergangen ist, ist vergangen, und du weißt nicht, was die Zukunft dir bringen mag. Aber das Hier und Jetzt, das gehört dir.",de,,quote,Antoine de Saint-Exupéry,Le Petit Prince,Literature,present;mindfulness;le petit prince,unverified,,"Attributed to Le Petit Prince in source. Attribution unverified: German Wikiquote lists this exact sentence under ""Fälschlich zugeschrieben"" and confirms it appears nowhere in Le Petit Prince."
Q0022,"Zuweilen macht es ja wohl nichts aus, wenn man seine Arbeit auf später verschiebt.",de,,quote,Antoine de Saint-Exupéry,"Le Petit Prince (1943), ch. 5",Literature,procrastination;le petit prince,verified,tg-007,Verified: Located in the baobab passage of ch. 5 in three independent full-text editions including the Gutenberg Australia text.
Q0023,"Du weißt doch, wenn man recht traurig ist, liebt man Sonnenuntergänge.",de,,quote,Antoine de Saint-Exupéry,"Le Petit Prince (1943), ch. 6",Literature,sadness;beauty;le petit prince,verified,tg-008,Verified: Confirmed verbatim in ch. 6 (the forty-three sunsets passage) across four independent full-text editions.
Q0024,"We are what we think. All that we are arises with our thoughts. With our thoughts we make the world. Speak or act with an impure mind and trouble will follow you as the wheel follows the ox that draws the cart. Speak or act with a pure mind and happiness will follow you as your shadow, unbreakable.",en,,quote,Buddha,Dhammapada 1-2 (Yamakavagga),Buddhism,mind;thought;wisdom,paraphrase,tg-009,"An abbreviated version appears in another note. Renders the source loosely: Thomas Byrom's loose rendering of Dhammapada 1-2; fakebuddhaquotes.com treats ""with our thoughts we make the world"" as a mistranslation of manomayā."
Q0025,The root of suffering is attachment.,en,,quote,Buddha,Majjhima Nikaya 105 (Sunakkhatta Sutta),Buddhism,suffering;attachment;wisdom,verified,tg-010,"Verified: Bodhipaksa (fakebuddhaquotes.com) confirms this as a genuine canonical line, rendered by Bhikkhu Bodhi as ""attachment is the root of suffering""."
Q0026,Nothing is forever except change.,en,,quote,Buddha,,Buddhism,change;impermanence;wisdom,unverified,,"Attribution unverified: Not in any Buddhist scripture; fakebuddhaquotes.com lists the variant ""Nothing remains without change"" as fake and the epigram echoes a loose paraphrase of Heraclitus."
Q0027,Do not look for a sanctuary in anyone except yourself.,en,,quote,Buddha,Samyutta Nikaya 22.43 (Attadipa Sutta); parallel at Digha Nikaya 16.2.26,Buddhism,self-reliance;wisdom,paraphrase,tg-011,"Renders the source loosely: Modern loose rendering of the canonical ""be your own island, your own refuge""; fakebuddhaquotes.com shows how this passage was Christianised into ""do not depend on others"" style quotes."
Q0028,"If you find no one to support you on the spiritual path, walk alone.",en,,poem,Buddha,Dhammapada 61 (Balavagga); cf. Dhammapada 328-330,Buddhism,solitude;path;wisdom,paraphrase,tg-012,"Renders the source loosely: Bodhipaksa calls the ""walk alone"" quotes an interpretive paraphrase rather than a translation of these Dhammapada verses."
Q0029,All that we are is the result of what we have thought.,en,,quote,Buddha,Dhammapada 1 (Yamakavagga),Buddhism,mind;thought;wisdom,paraphrase,tg-013,"Renders the source loosely: Max Müller's 1881 rendering of Dhammapada 1; the Pali says experiences are preceded by and made by mind, not that we are the result of our thoughts."
Q0030,Radiate boundless love towards the entire world.,en,,poem,Buddha,Sutta Nipata 1.8 (Metta Sutta) v. 8,Buddhism,love;compassion,verified,tg-014,"Verified: Standard rendering of the Karaniya Metta Sutta verse, Pali per SuttaCentral's Mahāsaṅgīti edition."
Q0031,May all beings have happy minds.,en,,quote,Buddha,Sutta Nipata 1.8 (Metta Sutta) v. 3 and v. 5,Buddhism,compassion;love,verified,tg-015,"Verified: Renders sabbasattā bhavantu sukhitattā from the Metta Sutta refrain, verified on SuttaCentral."
Q0032,True love is born from understanding.,en,,quote,Buddha,,Buddhism,love;understanding,unverified,,"Source had a stray 'tl' appended. Attribution unverified: Bodhipaksa (fakebuddhaquotes.com) found no canonical source and notes it merely sounds like Thich Nhat Hanh, whose nearest lines are differently worded."
Q0033,Be where you are; otherwise you will miss your life.,en,,quote,Jack Kornfield,,Buddhism,presence;mindfulness;wisdom,reattributed,,"Previously attributed to Buddha. Reattributed: Bodhipaksa traces it to page 80 of Kornfield's Buddha's Little Instruction Book (1994), which he calls the single largest source of fake Buddha quotes."
Q0034,What you are is what you have been. What you'll be is what you do now.,en,,quote,Sogyal Rinpoche,,Buddhism,action;present;motivation,reattributed,,"Previously attributed to Buddha. Reattributed: Per fakebuddhaquotes.com the earliest known appearance is Sogyal Rinpoche's The Tibetan Book of Living and Dying (1992), apparently his own paraphrase of karma doctrine."
Q0035,Irrigators channel waters; fletchers straighten arrows; carpenters bend wood; the wise master themselves.,en,,quote,Buddha,Dhammapada 80 (Panditavagga); repeated at Dhammapada 145,Buddhism,self-mastery;motivation,verified,tg-016,"Verified: Accurate rendering of Dhammapada 80, Pali confirmed on SuttaCentral."
Q0036,An idea that is developed and put into action is more important than an idea that exists only as an idea.,en,,quote,Edward de Bono,,Buddhism,action;ideas;motivation,reattributed,,Previously attributed to Buddha. Reattributed: Bodhipaksa traced it to page 47 of de Bono's Serious Creativity; it has no scriptural source.
Q0037,"To be idle is a short road to death and to be diligent is a way of life. Foolish people are idle, wise people are diligent.",en,,quote,Buddha,Dhammapada 21 (Appamadavagga),Buddhism,diligence;life;motivation,paraphrase,tg-017,"Renders the source loosely: Dwight Goddard's deliberately Christianised rendering of Dhammapada 21, per fakebuddhaquotes.com, which turns appamada into ""diligence"" and adds ""short road""."
Q0038,"Being deeply learned and skilled, being well trained and using well-spoken words: this is good luck.",en,,poem,Buddha,Sutta Nipata 2.4 (Mangala Sutta) v. 5,Buddhism,skill;learning;motivation,verified,tg-018,"Verified: Faithful rendering of the Mangala Sutta verse on learning, skill, training and good speech, Pali per SuttaCentral."
Q0039,"Ardently do today what must be done. Who knows? Tomorrow, death comes.",en,,poem,Buddha,Majjhima Nikaya 131 (Bhaddekaratta Sutta); also MN 132-134,Buddhism,action;mortality;motivation,verified,tg-019,Verified: Thanissaro's rendering of the Bhaddekaratta verse; Bodhipaksa cites the same line as genuine.
Q0040,"As a water bead on a lotus leaf, as water on a red lily, does not adhere, so the sage does not adhere to the seen, the heard, or the sensed.",en,,quote,Buddha,Sutta Nipata 4.6 (Jara Sutta) v. 9,Buddhism,detachment;wisdom,verified,tg-020,"Verified: Thanissaro's translation of Sn 4.6, Pali verified on SuttaCentral."
Q0041,"Ceasing to do evil, cultivating the good, purifying the heart: this is the teaching of the Buddhas.",en,,poem,Buddha,Dhammapada 183 (Buddhavagga); also Digha Nikaya 14,Buddhism,virtue;teaching;wisdom,verified,tg-021,"Verified: Accurate rendering of the famous Ovada Patimokkha verse, Pali per SuttaCentral."
Q0042,A disciplined mind brings happiness.,en,,quote,Buddha,Dhammapada 35 (Cittavagga),Buddhism,discipline;happiness,verified,tg-022,"Verified: Condenses cittaṁ dantaṁ sukhāvahaṁ of Dhammapada 35, verified on SuttaCentral."
Q0043,"All experiences are preceded by mind, having mind as their master, created by mind.",en,,quote,Buddha,Dhammapada 1 (Yamakavagga),Buddhism,mind;wisdom,verified,tg-013,"Verified: Gil Fronsdal's accurate rendering of the opening line of Dhammapada 1, Pali per SuttaCentral."
Q0044,"If anything is worth doing, do it with all your heart.",en,,quote,Buddha,Dhammapada 313 (Nirayavagga),Buddhism,heart;effort;motivation,verified,tg-023,"Verified: Eknath Easwaran's rendering of Dhammapada 313, which Bodhipaksa judges close enough to the Pali to count as genuine."
Q0045,Even death is not to be feared by one who has lived wisely.,en,,quote,Jack Kornfield,,Buddhism,death;wisdom,reattributed,,"Previously attributed to Buddha. Reattributed: Bodhipaksa found it on page 88 of Kornfield's Buddha's Little Instruction Book, loosely paraphrasing AN 4.184."
Q0046,Nothing can harm you as much as your own thoughts unguarded.,en,,quote,Buddha,Anguttara Nikaya 1.33 (Adantavagga); cf. AN 1.35,Buddhism,mind;thought;wisdom,paraphrase,tg-024,A variant appears in another note. Renders the source loosely: Bodhipaksa calls this a close enough paraphrase of the Anguttara passage on the unguarded mind that it would be unfair to call it fake.
Q0047,"It is a man's own mind, not his enemy or foe, that lures him to evil ways.",en,,quote,Buddha,Dhammapada 42 (Cittavagga),Buddhism,mind;temptation;wisdom,paraphrase,tg-025,"Renders the source loosely: Loose English rendering of Dhammapada 42, whose Pali says a wrongly directed mind harms one more than any enemy could."
Q0048,"Everything in moderation, including moderation.",en,,poem,Buddha,,Buddhism,moderation;wisdom,unverified,,Attribution unverified: Quote Investigator finds no support for any famous attribution and traces the earliest English form to a 1927 verse collection; it has no Buddhist source whatsoever.
Q0049,There is no fear for one whose mind is not filled with desires.,en,,quote,Buddha,Dhammapada 39 (Cittavagga),Buddhism,desire;fear;wisdom,paraphrase,tg-026,"Renders the source loosely: Partial and loose rendering of Dhammapada 39, which speaks of a mind unsoaked by desire and of one who is wakeful having no fear."
Q0050,Work out your own salvation. Do not depend on others.,en,,quote,Daisetz Teitaro Suzuki,,Buddhism,self-reliance;strength,reattributed,,"Previously attributed to Buddha. Reattributed: Bodhipaksa traced this exact wording to a 1961 interview with D. T. Suzuki in James Nelson's Wisdom For Our Time, itself a simplification of Paul Carus's Christianising rendering of Digha Nikaya 16."
Q0051,Pain is certain; suffering is optional.,en,,quote,Buddha,,Buddhism,pain;suffering;wisdom,unverified,,Attribution unverified: Bodhipaksa places its origin in the twelve-step tradition with the earliest attribution (1983) to M. Kathleen Casey; the idea parallels SN 36.6 but the words are not the Buddha's.
Q0052,Love is a gift of one's inner most soul to another so both can be whole.,en,,quote,Buddha,,Buddhism,love;soul,unverified,,Attribution unverified: Listed as fake by fakebuddhaquotes.com; the appeal to an innermost soul contradicts the Buddha's teaching of anatta.
Q0053,"You, yourself, as much as anybody in the entire universe, deserve your love and affection.",en,,poem,Sharon Salzberg,,Buddhism,self-love;love,reattributed,,"Previously attributed to Buddha. Reattributed: Bodhipaksa traced it to Salzberg's Lovingkindness (1995) and a 1989 magazine piece, derived from Mahasi Sayadaw's rendering of Udana 5.1 but with its meaning reversed."
Q0054,The way is not in the sky. The way is in the heart.,en,,quote,Buddha,,Buddhism,heart;path;love,unverified,,"Attribution unverified: Thomas Byrom's invention loosely occasioned by Dhammapada 254, which says only that there is no track in the sky and no ascetic outside the teaching; Bodhipaksa calls it utterly fake."
Q0055,Your work is to discover your work and then with all your heart to give yourself to it.,en,,poem,Buddha,,Buddhism,work;purpose;motivation,unverified,,"Attribution unverified: Anne Bancroft's very free rendering of Dhammapada 166, a verse about not neglecting one's own welfare that says nothing about work; judged fake by fakebuddhaquotes.com."
Q0056,Understanding is the heartwood of well-spoken words.,en,,quote,Buddha,Sutta Nipata 2.9 (Kimsila Sutta) v. 6,Buddhism,understanding;speech;wisdom,verified,tg-027,"Verified: Thanissaro's translation of Sn 2.9 on Access to Insight, Pali verified on SuttaCentral."
Q0057,"Just as a mother would protect her only child with her life, even so let one cultivate a boundless love towards all beings.",en,,quote,Buddha,Sutta Nipata 1.8 (Metta Sutta) v. 7,Buddhism,love;compassion,verified,tg-028,"Verified: Acharya Buddharakkhita's rendering of the Metta Sutta mother simile, Pali per SuttaCentral."
Q0058,Let all-embracing thoughts for all beings be yours.,en,,quote,Buddha,Sutta Nipata 1.8 (Metta Sutta) v. 7,Buddhism,compassion;love,verified,tg-029,"Verified: Renders the Metta Sutta line on unfolding a boundless heart toward all beings, verified on SuttaCentral."
Q0059,"Hatred does not cease by hatred, but only by love; this is the eternal rule.",en,,quote,Buddha,Dhammapada 5 (Yamakavagga),Buddhism,hatred;love,verified,tg-030,"Verified: Max Müller's translation of Dhammapada 5, which fakebuddhaquotes.com lists among genuine quotes, though ""love"" renders averena, non-hatred."
Q0060,"We will develop and cultivate the liberation of mind by loving kindness, make it our vehicle, make it our basis, stabilize it, exercise ourselves in it, and fully perfect it.",en,,quote,Buddha,Samyutta Nikaya 20.3 (Kula Sutta),Buddhism,loving-kindness;love,verified,tg-031,"Verified: Bhikkhu Bodhi's translation of SN 20.3, confirmed genuine by fakebuddhaquotes.com and Pali verified on SuttaCentral."
Q0061,"Speak only endearing speech, speech that is welcomed. Speech, when it brings no evil to others, is a pleasant thing.",en,,quote,Vangisa,Sutta Nipata 3.3 (Subhasita Sutta) v. 454; also Samyutta Nikaya 8.5 and Theragatha 21.1,Buddhism,speech;kindness;wisdom,reattributed,tg-032,"Previously attributed to Buddha. Reattributed: Genuinely canonical but spoken by the monk Vangisa, not the Buddha, as SuttaCentral's text of Sn 3.3 makes clear."
Q0062,"One moment can change a day, one day can change a life, and one life can change the world.",en,,quote,Buddha,,Buddhism,change;impact;life,unverified,,Attribution unverified: Listed as fake on fakebuddhaquotes.com; a modern inspirational formula with no scriptural basis.
Q0063,"Live every act fully, as if it were your last.",en,,quote,Jack Kornfield,,Buddhism,presence;mortality;life,reattributed,,"Previously attributed to Buddha. Reattributed: Not in the canon; it appears in Kornfield's Buddha's Little Instruction Book, which fakebuddhaquotes.com identifies as the main source of fake Buddha quotes."
Q0064,Offend in neither word nor deed. Eat with moderation. Live in your heart. Seek the highest consciousness. Master yourself according to the law. This is the simple teaching of the awakened.,en,,quote,Buddha,Dhammapada 185 (Buddhavagga),Buddhism,virtue;teaching;life,paraphrase,tg-033,"Renders the source loosely: Thomas Byrom's loose rendering of Dhammapada 185, where ""live in your heart"" stands for the Pali's remote lodgings and ""seek the highest consciousness"" for adhicitta."
Q0065,"Everything is based on mind, is led by mind, is fashioned by mind. If you speak and act with a polluted mind, suffering will follow you, as the wheels of the oxcart follow the footsteps of the ox.",en,,quote,Buddha,Dhammapada 1 (Yamakavagga),Buddhism,mind;suffering;life,verified,tg-034,"Verified: An accurate translation of Dhammapada 1 including the ox-cart simile, Pali per SuttaCentral."
Q0066,Better it is to live one day seeing the rise and fall of things than to live a hundred years without ever seeing the rise and fall of things.,en,,quote,Buddha,Dhammapada 113 (Sahassavagga),Buddhism,impermanence;insight;life,verified,tg-035,"Verified: Faithful rendering of Dhammapada 113, Pali verified on SuttaCentral."
Q0067,"Should you find a wise critic to point out your faults, follow him as you would a guide to hidden treasure.",en,,quote,Buddha,Dhammapada 76 (Panditavagga),Buddhism,criticism;growth;wisdom,verified,tg-036,"Verified: Accurate rendering of Dhammapada 76 on the wise critic as a guide to hidden treasure, Pali per SuttaCentral."
Q0068,In separateness lies the world's greatest misery; in compassion lies the world's true strength.,en,,quote,Buddha,,Buddhism,compassion;unity;love,unverified,,"Attribution unverified: Bodhipaksa found no canonical basis and notes the Buddha never used the language of ""separateness""; earliest full appearance is a 2002 memoir quoting it as a Buddha saying."
Q0069,"Don't rush anything. When the time is right, it'll happen.",en,,quote,Buddha,,Buddhism,patience;timing;life,unverified,,"Attribution unverified: Absent from the canon; fakebuddhaquotes.com treats the near-identical ""Be patient, everything comes to you in the right moment"" as an internet-borne fake of unknown authorship."
Q0070,"The world is afflicted by death and decay. But the wise do not grieve, having realized the nature of the world.",en,,poem,Buddha,Sutta Nipata 3.8 (Salla Sutta) v. 8,Buddhism,impermanence;wisdom;life,verified,tg-037,"Verified: Close rendering of Sn 3.8 verse 8, Pali verified on SuttaCentral."
Q0071,Hatred is never appeased by hatred in this world. By non-hatred alone is hatred appeased. This is a law eternal.,en,,quote,Buddha,Dhammapada 5 (Yamakavagga),Buddhism,hatred;peace;anger;love,verified,tg-030,"Verified: Acharya Buddharakkhita's literal translation of Dhammapada 5, listed among genuine quotes by fakebuddhaquotes.com."
Q0072,Anger will never disappear so long as thoughts of resentment are cherished in the mind. Anger will disappear just as soon as thoughts of resentment are forgotten.,en,,quote,Buddha,Dhammapada 3-4 (Yamakavagga),Buddhism,anger;resentment,paraphrase,tg-038,"Renders the source loosely: Modern loose paraphrase matching no standard translation, but structurally the Dhammapada 3-4 teaching that enmity persists only while such thoughts are harboured."
Q0073,"The instant we feel anger we have already ceased striving for the truth, and have begun striving for ourselves.",en,,quote,Thomas Carlyle,,Buddhism,anger;truth,reattributed,,"Previously attributed to Buddha. Reattributed: Bodhipaksa traced it to Carlyle's 1829 essay ""Voltaire"", where he quotes it as from ""a wise man"", possibly the Rev. Archibald Alison."
Q0074,"Know from the rivers in clefts and in crevices: those in small channels flow noisily, the great flow silent. Whatever's not full makes noise. Whatever is full is quiet.",en,,quote,Buddha,Sutta Nipata 3.11 (Nalaka Sutta) vv. 42-43,Buddhism,silence;humility;wisdom,verified,tg-039,"Verified: Thanissaro's rendering of the Buddha's advice to Nalaka, Pali verified on SuttaCentral."
Q0075,There is no fire like passion. There is no shark like hatred. There is no snare like folly. There is no torrent like greed.,en,,quote,Buddha,Dhammapada 251 (Malavagga),Buddhism,passion;greed;anger,verified,tg-040,"Verified: Rendering of Dhammapada 251, where ""shark"" interprets gaho (a seizer or grasping) and ""torrent"" renders nadī, river."
Q0076,"Not by rituals and resolutions, nor by much learning, nor by celibacy, nor even by meditation can you find the supreme, immortal joy of nirvana until you extinguish your self-will.",en,,quote,Buddha,Dhammapada 271-272 (Dhammatthavagga),Buddhism,nirvana;ego;wisdom,paraphrase,tg-041,"Renders the source loosely: Eknath Easwaran's free rendering of Dhp 271-272, where ""extinguish your self-will"" stands for appatto āsavakkhayaṃ (not having reached the destruction of the taints); Pali checked against the Mahasangiti edition."
Q0077,"All tremble at violence; all fear death. Putting oneself in the place of another, one should not kill nor cause another to kill.",en,,quote,Buddha,Dhammapada 129 (Dandavagga),Buddhism,nonviolence;empathy;anger,verified,tg-042,"Verified: Close and complete translation of Dhp 129, verified line by line against the Pali Dhammapada."
Q0078,Conquer anger with non-anger. Conquer badness with goodness. Conquer meanness with generosity.,en,,quote,Buddha,Dhammapada 223 (Kodhavagga),Buddhism,anger;generosity,verified,tg-043,2024 file has typo 'Conqur badness'. Verified: Accurate rendering of the first three clauses of Dhp 223; only the fourth (conquer the liar with truth) is dropped.
Q0079,To be angry is to let others' mistakes punish yourself.,en,,quote,Buddha,,Buddhism,anger;forgiveness,unverified,,"Attribution unverified: Modern self-help aphorism with no canonical source, closely related to the fake ""You will not be punished for your anger"" that Bodhipaksa traces to Western writers of 1905-1927."
Q0080,"He who can curb his wrath as soon as it arises, as a timely antidote will check snake's venom that so quickly spreads -- such a monk gives up the here and the beyond, just as a serpent sheds its worn-out skin.",en,,poem,Buddha,"Sutta Nipata 1.1 (Uraga Sutta), verse 1",Buddhism,anger;restraint,verified,tg-044,Verified: Piyadassi Thera's translation of the opening verse of the Uraga Sutta; Pali confirmed on SuttaCentral and in Anandajoti's edition.
Q0081,There is no path to happiness. Happiness is the path.,en,,quote,Buddha,,Buddhism,happiness;path,unverified,,"Attribution unverified: Bodhipaksa traces this exact formulation to Paul Ferrini (1992) riffing on A. J. Muste's credo ""There is no way to peace; peace is the way"", with no canonical basis."
Q0082,One who acts on truth is happy in this world and beyond.,en,,poem,Buddha,Dhammapada 169 (Lokavagga); the same line closes verse 168,Buddhism,truth;happiness,paraphrase,tg-045,"Renders the source loosely: Condensation of the verse's second half, loosening dhammacārī (""one who lives by the Dhamma"") into ""one who acts on truth""."
Q0083,"Thousands of candles can be lighted from a single candle, and the life of the candle will not be shortened. Happiness never decreases by being shared.",en,,quote,Buddha,"Sutra of Forty-Two Sections, section 10 (the torch simile)",Buddhism,happiness;sharing,paraphrase,,"Renders the source loosely: Bodhipaksa rates this ""fakeish"": the wording is from the modern Japanese compilation The Teaching of Buddha, loosely reworking the sutra's torch simile, and I could not verify the Chinese original."
Q0084,"If with a pure mind a person speaks or acts, happiness follows him like his never-departing shadow.",en,,quote,Buddha,Dhammapada 2 (Yamakavagga),Buddhism,mind;happiness,verified,tg-046,"Verified: Buddharakkhita's translation of the second half of Dhp 2, verified against the Pali."
Q0085,Our life is shaped by our mind. We become what we think. Joy follows a pure thought like a shadow that never leaves.,en,,quote,Buddha,Dhammapada 1-2 (Yamakavagga),Buddhism,mind;joy;happiness,paraphrase,tg-046,"Renders the source loosely: Eknath Easwaran's rendering of Dhp 1-2, which Bodhipaksa lists among mistranslations because manopubbaṅgamā dhammā says experiences are preceded by mind, not that we become our thoughts."
Q0086,"Health is the greatest gift, contentment the greatest wealth, faithfulness the best relationship.",en,,quote,Buddha,Dhammapada 204 (Sukhavagga),Buddhism,health;contentment;happiness,verified,tg-047,"Verified: Faithful to Dhp 204 except that the fourth clause (Nibbana the highest happiness) is omitted and vissāsa/ñāti is softened to ""faithfulness the best relationship""."
Q0087,"Drop by drop is the water pot filled. Likewise, the wise man, gathering it little by little, fills himself with good.",en,,quote,Buddha,Dhammapada 122 (Papavagga),Buddhism,patience;growth;wisdom,verified,tg-048,"Verified: Buddharakkhita's translation of Dhp 122 minus its opening line (""Think not lightly of good""), verified against the Pali."
Q0088,"All conditioned things are impermanent -- when one sees this with wisdom, one turns away from suffering.",en,,quote,Buddha,Dhammapada 277 (Maggavagga),Buddhism,impermanence;suffering;wisdom,verified,tg-049,"Verified: Standard translation of Dhp 277, with only the closing ""this is the path to purification"" left off."
Q0089,Happiness will never come to those who fail to appreciate what they already have.,en,,quote,Buddha,,Buddhism,gratitude;happiness,unverified,,"Attribution unverified: No canonical source: absent from the Pali canon, not even catalogued by Bodhipaksa, and traceable only to modern quote aggregators."
Q0090,Whatever is not yours: let go of it. Your letting go of it will be for your long-term happiness and benefit.,en,,quote,Buddha,Majjhima Nikaya 22 (Alagaddupama Sutta),Buddhism,letting go;happiness,verified,tg-050,"Verified: Thanissaro Bhikkhu's translation of the ""whatever is not yours"" passage of MN 22, verified against the Pali text."
Q0091,"Delight in meditation and solitude. Compose yourself, be happy. You are a seeker.",en,,quote,Buddha,Dhammapada 362 (Bhikkhuvagga),Buddhism,meditation;solitude;peace,paraphrase,tg-051,"Renders the source loosely: Thomas Byrom's very free rendering of Dhp 362, in which ""You are a seeker"" stands for tamāhu bhikkhuṃ and ""solitude"" for eko."
Q0092,Those who are free of resentful thoughts surely find peace.,en,,quote,Buddha,Dhammapada 4 (Yamakavagga),Buddhism,peace;resentment,paraphrase,tg-052,"Renders the source loosely: Bodhipaksa traces this to Eknath Easwaran's Words to Live By (1990) and calls it a good paraphrase of Dhp 4, which speaks of stilling hatred rather than finding peace."
Q0093,"Do not overrate what you have received, nor envy others. He who envies others does not obtain peace of mind.",en,,quote,Buddha,Dhammapada 365 (Bhikkhuvagga),Buddhism,envy;peace,paraphrase,tg-053,"Renders the source loosely: Bodhipaksa rates this ""fakeish"" because nātimaññeyya means ""should not despise"" rather than ""overrate""; he finds it first in Joseph Gaer's The Wisdom of the Living Religions (1956)."
Q0094,"He who sits alone, sleeps alone, and walks alone, who is strenuous and subdues himself alone, will find delight in the solitude of the forest.",en,,quote,Buddha,Dhammapada 305 (Pakinnakavagga),Buddhism,solitude;peace,verified,tg-054,"Verified: Close translation of Dhp 305, verified against the Pali."
Q0095,"Don't run after pleasure and neglect the practice of meditation. If you forget the goal of life and get caught in the pleasures of the world, you will come to envy those who put meditation first.",en,,quote,Buddha,Dhammapada 209 (Piyavagga),Buddhism,meditation;pleasure;peace,paraphrase,tg-055,"Renders the source loosely: Eknath Easwaran's expansive rendering of Dhp 209, which literally contrasts exerting oneself in the wrong thing with pursuing the goal."
Q0096,"A man is not called wise because he talks and talks again. But if he is peaceful, loving, and fearless, then he is in truth called wise.",en,,quote,Buddha,Dhammapada 258 (Dhammatthavagga),Buddhism,wisdom;peace,verified,tg-056,"Verified: Accurate translation of Dhp 258, where khemī averī abhayo gives ""peaceful, loving, and fearless""."
Q0097,"A mind unruffled by the vagaries of fortune, from sorrow freed, from defilements cleansed, from fear liberated -- this is the greatest blessing.",en,,poem,Buddha,"Sutta Nipata 2.4 (Mangala Sutta), verse 271",Buddhism,equanimity;peace,verified,tg-057,Verified: Narada Thera's translation of this Mangala Sutta verse; Pali confirmed on SuttaCentral and in the Aimwell exposition.
Q0098,"Meditate. Do not delay, lest you later regret it.",en,,quote,Buddha,Majjhima Nikaya 8 (Sallekha Sutta); same formula at MN 19 and SN 43.1,Buddhism,meditation;peace,verified,tg-058,"Verified: Bodhipaksa's Real Buddha Quotes confirms this as genuine, from the Sallekha Sutta; the Pali stock exhortation is attested at MN 19 and throughout SN 43."
Q0099,"Better than a thousand hollow words, is one word that brings peace.",en,,quote,Buddha,Dhammapada 100 (Sahassavagga),Buddhism,peace;words,verified,tg-059,"Verified: Faithful condensation of Dhp 100, ""one useful word, hearing which one attains peace""."
Q0100,Resolutely train yourself to attain peace.,en,,quote,Buddha,"Sutta Nipata 2.10 (Utthana Sutta), verse 334",Buddhism,peace;discipline,verified,tg-060,"Verified: Precisely John D. Ireland's translation of daḷhaṃ sikkhatha santiyā in Snp 2.10, with the Pali as printed by the Vipassana Research Institute."
Q0101,"Give, even if you only have a little.",en,,poem,Buddha,Dhammapada 224 (Kodhavagga),Buddhism,giving;generosity,paraphrase,tg-061,"Renders the source loosely: Renders only the middle clause of Dhp 224 (dajjā appampi yācito, ""give even a little when asked""), dropping the qualifier ""when asked"" and the rest of the verse."
Q0102,"If you knew what I know about the power of giving, you would not let a single meal pass without sharing it in some way.",en,,quote,Buddha,Itivuttaka 26 (Dana Sutta),Buddhism,giving;sharing,paraphrase,tg-062,"Renders the source loosely: Loose rendering of Itivuttaka 26, where the Buddha says beings who knew the fruit of giving as he knows it would not eat without having shared."
Q0103,"To live a pure unselfish life, one must count nothing as one's own in the midst of abundance.",en,,quote,Buddha,,Buddhism,selflessness;abundance;giving,unverified,,"2026 file has 'ones own'. Attribution unverified: Bodhipaksa shows this comes from the modern Japanese compilation The Teaching of Buddha, not from any Buddhist scripture."
Q0104,"The greatest gift is to give people your enlightenment, to share it. It has to be the greatest.",en,,quote,Buddha,,Buddhism,giving;enlightenment,unverified,,"Attribution unverified: No canonical source; the colloquial phrasing is modern, and the idea that one's own enlightenment is the greatest gift belongs to Osho's talks rather than the canon."
Q0105,"Teach this triple truth to all: A generous heart, kind speech, and a life of service and compassion are the things which renew humanity.",en,,quote,Buddha,,Buddhism,generosity;service;giving;compassion,unverified,,"Attribution unverified: Bodhipaksa finds no scriptural source (earliest instance Elaine Parke, 2001) and notes that ""renew humanity"" is alien to canonical idiom, though the triad echoes the sangaha-vatthus of the Sigalovada Sutta (DN 31)."
Q0106,"If we fail to look after others when they need help, who will look after us?",en,,quote,Buddha,"Vinaya, Mahavagga 8.26.3 (Kucchivikara-vatthu)",Buddhism,compassion;help;giving,paraphrase,,"Renders the source loosely: Loose rendering of the Buddha's rebuke over the monk with dysentery, ""If you don't tend to one another, who then will tend to you?""; I located the passage but could not verify its Pali wording, so the original text is left blank."
Q0107,Whatever words we utter should be chosen with care for people will hear them and be influenced by them for good or ill.,en,,quote,Dwight Goddard,"Dwight Goddard, A Buddhist Bible (1932), within his version of the Kakacupama Sutta (MN 21)",Buddhism,speech;influence;wisdom,reattributed,,"Previously attributed to Buddha. Reattributed: Bodhipaksa identifies these as Goddard's own commentary, blended undifferentiated into his rendering of MN 21 and thereafter quoted as the Buddha's words."
Q0108,"True charity occurs only when there are no notions of giving, giver, or gift.",en,,quote,Buddha,"Diamond Sutra (Vajracchedika Prajnaparamita), chapter 4",Buddhism,charity;selflessness;giving,paraphrase,,"2023 file has typo 'Trtrue charity'. Renders the source loosely: Modern summary of the Mahayana threefold emptiness of giving taught in Diamond Sutra chapter 4 (""a bodhisattva should not give abiding in any notion whatsoever""); nothing corresponds in the Pali canon and I did not verify the Sanskrit or Chinese wording."
Q0109,"Before giving, the mind of the giver is happy; while giving, the mind of the giver is made peaceful; and having given, the mind of the giver is uplifted.",en,,quote,Buddha,Anguttara Nikaya 6.37 (Chalangadana Sutta),Buddhism,giving;joy,verified,tg-063,"Verified: Accurate rendering of the donor's three factors in AN 6.37, verified against SuttaCentral's Pali; only the closing ""this is the success of the offering"" is omitted."
Q0110,"To support mother and father, to cherish wife and children, and to be engaged in peaceful occupation -- this is the greatest blessing.",en,,poem,Buddha,"Sutta Nipata 2.4 (Mangala Sutta), verse 265",Buddhism,family;blessing;giving,verified,tg-064,Verified: Narada Thera's translation of this Mangala Sutta verse; Pali confirmed on SuttaCentral and in the Aimwell exposition.
Q0111,"When watching after yourself, you watch after others. When watching after others, you watch after yourself.",en,,quote,Buddha,Samyutta Nikaya 47.19 (Sedaka Sutta),Buddhism,care;reciprocity;wisdom,verified,tg-065,Verified: Thanissaro Bhikkhu's translation of the conclusion the Buddha draws from the acrobat simile in SN 47.19.
Q0112,"Just as a solid rock is not shaken by the storm, even so the wise are not affected by praise or blame.",en,,quote,Buddha,Dhammapada 81 (Panditavagga),Buddhism,equanimity;wisdom;strength,verified,tg-066,"Verified: Buddharakkhita's translation of Dhp 81, verified against the Pali."
Q0113,"Endurance is one of the most difficult disciplines, but it is to the one who endures that the final victory comes.",en,,poem,Buddha,Dhammapada 184 (Buddhavagga); second half cf. a Samyutta Nikaya verse on patience as victory,Buddhism,endurance;victory;strength,paraphrase,tg-067,"Renders the source loosely: Bodhipaksa rates this ""fakeish"": The Teaching of Buddha welds Dhp 184 (""enduring patience is the highest austerity"") to a Samyutta verse making patient endurance the true victory, whose Pali I did not verify."
Q0114,No one saves us but ourselves. No one can and no one may. We ourselves must walk the path.,en,,quote,Buddha,Dhammapada 165 (Attavagga),Buddhism,self-reliance;path;strength,paraphrase,tg-068,"Renders the source loosely: Bodhipaksa traces the wording to Paul Carus's rhymed Karma: A Story of Buddhist Ethics (1894), a very free version of Dhp 165 in which ""no one may"" was added to fit the rhyme."
Q0115,The one who has conquered himself is a far greater hero than he who has defeated a thousand times a thousand men.,en,,quote,Buddha,Dhammapada 103 (Sahassavagga),Buddhism,self-mastery;strength,verified,tg-069,"Verified: Faithful rendering of Dhp 103, verified against the Pali."
Q0116,Be a lamp for yourselves. Be your own refuge. Seek for no other. All things must pass. Strive on diligently. Don't give up.,en,,quote,Buddha,Digha Nikaya 16 (Mahaparinibbana Sutta),Buddhism,self-reliance;perseverance;strength,paraphrase,tg-070,"Renders the source loosely: Conflates two separate passages of DN 16, the ""be lamps unto yourselves"" exhortation and the Buddha's last words, into a single quotation."
Q0117,Wear your ego like a loose fitting garment.,en,,quote,Buddha,,Buddhism,ego;detachment;strength,unverified,,"Attribution unverified: Bodhipaksa finds this to be a recent internet coinage, probably adapted from the mid-20th-century idiom ""wearing life like a loose garment""."
Q0118,"What we are today comes from our thoughts of yesterday, and our present thoughts build our life of tomorrow: our life is the creation of our mind.",en,,quote,Buddha,Dhammapada 1 (Yamakavagga),Buddhism,mind;thought;strength,paraphrase,tg-034,"Renders the source loosely: Bodhipaksa identifies this as Juan Mascaro's Penguin translation of Dhp 1, which he classes among mistranslations rather than as the Buddha's words."
Q0119,"Meditation brings wisdom; lack of meditation leaves ignorance. Know well what leads you forward and what hold you back, and choose the path that leads to wisdom.",en,,quote,Buddha,Dhammapada 282 (Maggavagga),Buddhism,meditation;wisdom,verified,tg-071,"Verified: Substantially faithful to the whole of Dhp 282, with yoga rendered ""meditation"" as in most published translations."
Q0120,You yourself must strive. The Buddhas only point the way.,en,,quote,Buddha,Dhammapada 276 (Maggavagga),Buddhism,effort;path;strength,verified,tg-072,"Verified: Exactly Buddharakkhita's translation of the first half of Dhp 276, verified against the Pali."
Q0121,"As an elephant in the battlefield withstands arrows shot from bows all around, even so shall I endure abuse.",en,,quote,Buddha,Dhammapada 320 (Nagavagga),Buddhism,endurance;strength,verified,tg-073,"Verified: Buddharakkhita's translation of Dhp 320, omitting only the closing ""there are many, indeed, who lack virtue""."
Q0122,"Do not dwell in the past, do not dream of the future, concentrate the mind on the present moment.",en,,poem,Buddha,,Mindfulness,present;mindfulness,unverified,,"Attribution unverified: Bodhipaksa traces the wording to The Teaching of Buddha (1934) and rates it fake, since its third clause reverses Dhammapada 348, which says to let go of the present rather than concentrate on it."
Q0123,"Before enlightenment; chop wood, carry water. After enlightenment; chop wood, carry water.",en,,poem,,,Buddhism,zen;simplicity,unverified,,"Zen proverb traced to a verse by Layman Pang (8th c.); often misattributed to Buddha. Attribution unverified: The Zen ancestor is Layman P'ang's verse in the Jingde Chuandeng Lu (""my miraculous power and marvellous activity: drawing water and carrying firewood""), discussed in Tricycle's ""Green Koans Case 36: P'ang Splits Wood"", but the ""before enlightenment / after enlightenment"" formulation cannot be traced to any Zen text or named teacher."
Q0124,Your worst enemy cannot harm you as much as your own unguarded thoughts.,en,,quote,Buddha,Dhammapada 42 (Cittavagga),Buddhism,mind;thought;wisdom,paraphrase,tg-025,"Variant of 'Nothing can harm you as much as your own thoughts unguarded.' Renders the source loosely: Thomas Byrom's rendering of Dhp 42; Bodhipaksa accepts the near-identical ""nothing can harm you as much as your own unguarded thoughts"" as a fair paraphrase, citing an Anguttara parallel on the unguarded mind."
Q0125,"You will not be punished for your anger, you will be punished by your anger.",en,,quote,Buddha,,Buddhism,anger,unverified,,"Attribution unverified: Bodhipaksa finds no canonical source, tracing the ""punished by, not for"" formula to W. P. Burke (1905) and Elbert Hubbard (1927) and its Buddhist dress to Eknath Easwaran's paraphrase."
Q0126,Remembering a wrong is like carrying a burden on the mind.,en,,quote,Buddha,,Buddhism,forgiveness;mind;wisdom,unverified,,"Attribution unverified: Bodhipaksa rates this fake, judging it non-canonical on linguistic grounds and finding no instance earlier than 2006."
Q0127,Genius is the recovery of childhood at will.,en,,quote,Charles Baudelaire,"Le Peintre de la vie moderne (1863), III ""L'artiste, homme du monde, homme des foules et enfant""",Creativity & Art,genius;childhood,reattributed,tg-074,"Compare Baudelaire variant 'Le genie, c'est l'enfance retrouvee a volonte.' Previously attributed to Arthur Rimbaud. Reattributed: The line is Baudelaire's, not Rimbaud's, per the critical text of Le Peintre de la vie moderne (Wuppertal lyriktheorie edition and Wikisource)."
Q0128,"Le génie, c'est l'enfance retrouvée à volonté.",fr,,quote,Charles Baudelaire,"Le Peintre de la vie moderne, III L'artiste, homme du monde, homme des foules et enfant (1863)",Creativity & Art,genius;childhood,paraphrase,,"Compare Rimbaud variant in English. Renders the source loosely: Condenses Baudelaire's sentence, which reads in full: Mais le génie n'est que l'enfance retrouvée à volonté, l'enfance douée maintenant, pour s'exprimer, d'organes virils et de l'esprit analytique qui lui permet d'ordonner la somme de matériaux involontairement amassée. The short form is the one that circulates, and is kept deliberately."
Q0129,"Your time is limited, so don't waste it living someone else's life. Don't be trapped by dogma - which is living with the results of other people's thinking. Don't let the noise of other's opinions drown out your own inner voice. And most important, have the courage to follow your heart and intuition. They somehow already know what you truly want to become. Everything else is secondary.",en,,quote,Steve Jobs,"Steve Jobs, Commencement address, Stanford University, 12 June 2005 (official transcript, news.stanford.edu)",Motivation & Success,courage;authenticity,verified,,"Verified: from Steve Jobs's 2005 Stanford Commencement Address; unattributed in the original source file. Verified: Matches the official Stanford transcript word for word, apart from the bank's ""other's"" for ""others'"" opinions."
Q0130,Beyond a certain point there is no return. This point has to be reached.,en,,prose,Franz Kafka,"Betrachtungen über Sünde, Leid, Hoffnung und den wahren Weg (Zürauer Aphorismen, 1917/18), Nr. 5",Literature,commitment;no return,verified,tg-075,Verified: Verified verbatim as aphorism 5 in the digitised text of Kafka's Zürau aphorisms (digbib.org edition).
Q0131,"Plant your own garden and decorate your own soul, instead of waiting for someone to bring you flowers.",en,,poem,Veronica A. Shoffstall,"Veronica A. Shoffstall, ""After a While"" (1971)",Personal Growth,self-reliance;soul,paraphrase,,"Renders the source loosely: The poem reads ""So you plant your own garden and decorate your own soul, instead of waiting for someone to bring you flowers""; the bank only drops the opening ""So you"". Shoffstall has publicly confirmed writing the poem in 1971, and it is frequently misattributed to Jorge Luis Borges."
Q0132,Winning isn't everything.. It's the only thing.,en,,quote,Henry 'Red' Sanders,"Henry 'Red' Sanders, speech to the Birmingham Quarterback Club, reported in The Birmingham News, 9 November 1948; also quoted in the Los Angeles Times, 18 October 1950",Motivation & Success,winning,verified,,"Coined by football coach Henry 'Red' Sanders (1948); widely misattributed to Vince Lombardi, and in the source file to van Gogh. Verified: Quote Investigator and the Yale Book of Quotations both credit Sanders rather than Vince Lombardi, so the bank attribution is right; the punctuation should be ""Winning isn't everything; it's the only thing."""
Q0133,Never put off till tomorrow what you can do the day after tomorrow.,en,,quote,Mark Twain,"Mark Twain, ""The Late Benjamin Franklin"", The Galaxy, July 1870",Humor,procrastination;humor,paraphrase,,"Renders the source loosely: Quote Investigator's article on this quip gives Twain's original mock-Franklin maxim as ""Never put off till to-morrow what you can do day after to-morrow just as well.-B. F.""; the bank keeps a smoothed, shortened form of it."
Q0134,Failure is the condiment that gives success its flavor.,en,,quote,Truman Capote,"Truman Capote, ""Self-Portrait"" (1972), collected in Truman Capote: Conversations, ed. M. Thomas Inge (University Press of Mississippi, 1987), p. 189",Motivation & Success,failure;success,verified,,"Verified: Wikiquote's sourced section for Capote assigns the line to ""Self-Portrait"" (1972) in the Conversations volume, and the page reference matches."
Q0135,"What's the greater risk? Letting go of what people think or letting go of how I feel, what I believe, and who I am?",en,,quote,Brené Brown,"Brené Brown, The Gifts of Imperfection (Hazelden, 2010), introduction",Personal Growth,authenticity;risk,verified,,"Verified: Found verbatim in the text of The Gifts of Imperfection, in the introduction's discussion of Wholehearted living (""However afraid we are of change, the question that we must ultimately answer is this: What's the greater risk?"")."
Q0136,"Your fears, your critics, your heroes, your villains: They are fictions you perceive as reality. Choose to see through them. Choose to let them go.",en,,quote,Isaac Lidsky,"Isaac Lidsky, ""What reality are you creating for yourself?"", TED Talk, TED2016 (posted June 2016), closing passage",Personal Growth,fear;perception,paraphrase,,"Renders the source loosely: The TED transcript reads ""Your fears, your critics, your heroes, your villains - they are your excuses, rationalizations, shortcuts, justifications, your surrender. They are fictions you perceive as reality. Choose to see through them. Choose to let them go.""; the bank elides the middle clause without altering the sense."
Q0137,"Don't use all-or-nothing thinking. Take each day as its own day, and don't worry about it if you mess up one day. The most important thing you can do is just get back up on the horse.",en,,quote,Henry Cloud,,Personal Growth,resilience;mindset,unverified,,"Attribution unverified: Searched the texts of Boundaries for Leaders, 9 Things You Simply Must Do to Succeed in Love and Life, and What to Do When You Don't Know What to Do without finding this passage; it circulates only on aggregator sites."
Q0138,"We lose ourselves in the things we love. We find ourselves there, too.",en,,quote,Dale Partridge,,Love,love;self,unverified,,"Attribution unverified: No occurrence in Partridge's published books or talks; the line circulates unsourced on aggregators and is also credited there to Kristin Martz, and neither attribution has a printed source behind it."
Q0139,"Successful people appear to be traveling along one continual, successful road. What is not apparent is the perseverance it takes following each defeat to keep you on that road. No one I know of has ever experienced one success after another without defeats, failures, disappointments, and frustrations galore along the way. Learning to overcome those times of agony is what separates the winners from the losers.",en,,quote,G. Kingsley Ward,"G. Kingsley Ward, Letters of a Businessman to His Son (1985; 1988 printing)",Motivation & Success,perseverance;success,verified,,"Verified: Quoted verbatim by Karlo Zorec working from his own copy of the 1988 edition; the wording matches the bank exactly, sentence for sentence."
Q0140,"Das Wort stirbt, wenn wir es nicht mit anderen teilen.",de,,prose,Tschingis Aitmatow,"Begegnung am Fudschijama. Ein Dialog mit Daisaku Ikeda (Unionsverlag 1992), aus dem Russischen von Friedrich Hitzer",Literature,words;sharing,verified,,"Kyrgyz writer. Verified: Unionsverlag, the German publisher, quotes exactly this sentence for that book, but it is Hitzer's German translation and the Russian original wording could not be located, so it is left blank."
Q0141,"Ihr Lächeln war von der echten Art. Es geschah weniger mit den Lippen als mit den Augen; das ganze Gesicht, Stirn und Wangen glänzten innig mit, und es sah aus wie ein tiefes Verstehen und Liebhaben.",de,,prose,Hermann Hesse,"Heumond (1905), in: Diesseits. Erzählungen, S. Fischer 1907",Literature,smile;love,paraphrase,,"Renders the source loosely: Faithfully shortened: the original (Projekt Gutenberg 47818) reads ""denn ihr Lächeln war von der echten, schönen, gottgeschenkten Art"", and the rest matches word for word."
Q0142,"Nur das Denken, das wir leben, hat einen Wert.",de,,prose,Hermann Hesse,"Demian (1919), Drittes Kapitel ""Der Schächer"", Demian zu Sinclair",Literature,thought;living,verified,,Verified: Attested word for word in the text (Project Gutenberg 41907).
Q0143,"Es ist gut, alles selber zu kosten, was man zu wissen nötig hat.",de,,prose,Hermann Hesse,"Siddhartha (1922), Kapitel ""Am Flusse""",Literature,experience;knowledge,verified,,"Verified: Attested word for word (Project Gutenberg 2499); in the original it is set as a thought: ""Es ist gut, dachte er, alles selber zu kosten ...""."
Q0144,"Wissen kann man mitteilen, Weisheit aber nicht. Man kann sie finden, man kann sie leben, man kann von ihr getragen werden, man kann mit ihr Wunder tun, aber sagen und lehren kann man sie nicht.",de,,prose,Hermann Hesse,"Siddhartha (1922), Kapitel ""Govinda""",Literature,wisdom;knowledge,verified,,Verified: The wording matches the text of the novel exactly (Project Gutenberg 2499).
Q0145,"Tu den Schritt und wirf einmal alles weg, so wirst du plötzlich die Welt wieder mit hundert schönen Dingen auf dich warten sehen.",de,,prose,Hermann Hesse,"Roßhalde (1914), 6. Kapitel, Otto Burkhardt zu Veraguth",Literature,letting go;renewal,verified,,"Verified: Attested word for word (Project Gutenberg 64466); the Wikipedia synopsis paraphrases it wrongly as ""hundert schönen Farben""."
Q0146,"Es ist so gut, das zu wissen: daß in uns drinnen einer ist, der alles weiß, alles will, alles besser macht als wir selber.",de,,prose,Hermann Hesse,"Demian (1919), Viertes Kapitel ""Beatrice"", Demian zu Sinclair",Literature,inner self;intuition,verified,,Verified: Attested word for word in the text (Project Gutenberg 41907).
Q0147,"Mochte es mir gehen, wie es wollte, ich war selig, diese Frau in der Welt zu wissen, ihre Stimme zu trinken und ihre Nähe zu atmen.",de,,prose,Hermann Hesse,"Demian (1919), Siebentes Kapitel ""Frau Eva""",Literature,love;longing,verified,,Verified: Attested word for word in the text (Project Gutenberg 41907).
Q0148,"Das Ausgelachtwerden riskiert ein jeder, der sich einem Mädchen nähert; das ist der Einsatz. Also riskiere, und im schlimmsten Fall laß dich eben auslachen.",de,,prose,Hermann Hesse,"Der Steppenwolf (1927), Hermine zu Harry Haller",Literature,courage;risk,paraphrase,,"Renders the source loosely: Faithfully shortened: the original (Project Gutenberg 75802) reads ""Also riskiere, Harry, und im schlimmsten Fall laß dich eben auslachen - sonst ist es mit meinem Glauben an deinen Gehorsam vorbei."""
Q0149,"Wünsche sollte man sich stets erfüllen. Denn sehen Sie: damit sind sie erledigt. Und was erledigt ist, das plagt uns nicht mehr.",de,,prose,Hermann Hesse,Jenseits der Mauer,Literature,desire;fulfilment,unverified,,"Attribution unverified: No work by Hesse called ""Jenseits der Mauer"" can be traced; the sentence circulates only in unsourced quotation lists."
Q0150,"Träume sind Lichter, die dem Menschen leuchten, sie sind Helligkeit, die ihn umgibt, ohne sie herrscht Finsternis; du weißt also, was kommt, wenn du aufhörst zu träumen, du weißt, woher die Finsternis im Herzen des Menschen kommt.",de,,prose,Jón Kalman Stefánsson,"Das Herz des Menschen (dt. 2013), Übersetzung von Hjarta mannsins (2011)",Literature,dreams;darkness,verified,,"Verified: The German sentence is attested verbatim as a quotation from the novel, but it is the German translation and the Icelandic original wording could not be located, so it is left blank."
Q0151,the universe took its time on you / crafted you to offer the world / something different from everyone else / when you doubt / how you were created / you doubt an energy greater than us both,en,,poem,Rupi Kaur,"Rupi Kaur, ""irreplaceable"", in the sun and her flowers (Andrews McMeel, 2017), the ""blooming"" chapter",Literature,self-worth;creation;poetry,verified,,"Wording as collected was: The universe took its time on you crafted you precisely so you could offer the world something distinct from everyone else so when you doubt how you were created you doubt an energy greater than us both. Wording corrected against the source: The poem belongs to the sun and her flowers, not milk and honey, and reads ""crafted you to offer the world / something different from everyone else"" (confirmed against the book text quoted in Germ Magazine's review of the collection); the bank's ""crafted you precisely so you could offer the world something distinct"" is a rewrite."
Q0152,"Ich werde das Herz nehmen, denn Verstand macht einen nicht glücklich, und Glück ist die beste Sache der Welt.",de,,prose,L. Frank Baum,"The Wonderful Wizard of Oz (1900), Kapitel 5 ""The Rescue of the Tin Woodman"", der Blechholzfäller",Literature,heart;happiness,verified,tg-076,"Spoken by the Tin Man. Verified: A faithful translation of ""I shall take the heart; for brains do not make one happy, and happiness is the best thing in the world."" (Project Gutenberg 55)."
Q0153,"I shall take the heart. For brains do not make one happy, and happiness is the best thing in the world.",en,,prose,L. Frank Baum,"L. Frank Baum, The Wonderful Wizard of Oz (1900), ch. 5, ""The Rescue of the Tin Woodman""",Literature,heart;happiness,verified,tg-076,"Spoken by the Tin Man; English version. Verified: Checked against the public-domain 1900 text: the Tin Woodman replies ""I shall take the heart; for brains do not make one happy, and happiness is the best thing in the world."""
Q0154,Allen großen Veränderungen geht ein Chaos voraus.,de,,quote,Deepak Chopra,"Deepak Chopra, Beitrag des Chopra Center auf Facebook, 8. November 2017",Personal Growth,change;chaos,verified,,"Verified: A line Chopra circulates himself, as ""All great changes are preceded by chaos"" on deepakchopra.com; the German version renders it faithfully."
Q0155,"With courage you will dare to take risks, have the strength to be compassionate, and the wisdom to be humble. Courage is the foundation of integrity.",en,,quote,Keshavan Nair,,Motivation & Success,courage;integrity,unverified,,"Attribution unverified: Not found in the excerpt digests of Nair's A Higher Standard of Leadership (Berrett-Koehler, 1994) at getAbstract and Capital Ideas Online, which quote the book's treatment of moral courage at length; the sentence appears only on aggregators."
Q0156,"Regardless of how you feel inside, always try to look like a winner. Even if you are behind, a sustained look of control and confidence can give you a mental edge that results in victory.",en,,quote,Arthur Ashe,"Arthur Ashe, quoted in the Ashe estate's ""In His Words"" Black History Month calendar (arthurashe.org, February 2009), entry for 16 February",Motivation & Success,confidence;mindset,verified,,"Verified: The official estate site carries the sentence word for word, including the second half about a sustained look of control and confidence giving a mental edge."
Q0157,"Auch aus Steinen, die einem in den Weg gelegt werden, kann man Schönes bauen.",de,,quote,Johann Wolfgang von Goethe,,Motivation & Success,adversity;resilience,unverified,,"Attribution unverified: Zitatforschung (Krieghofer) lists this as a Kuckuckszitat: it was first put into Goethe's mouth in the Bundestag in 1986, and probably grew out of a 1974 aphorism by Robert Lembke."
Q0158,"Für die Welt bist du irgendjemand, aber für mich bist du die Welt.",de,,quote,,,Love,love;meaning,unverified,,"Attributed to Unknown in source. Collected with a second variant of the saying run onto the end of it (""aber für irgendjemand bist du die Welt""); that variant is held as its own entry, so the trailing copy was removed here. Attribution unverified: A German version of the anonymous English saying ""To the world you may be one person, but to one person you may be the world"", which is credited without evidence to Dr. Seuss, Bill Wilson and Goethe."
Q0159,"Was ich habe, will ich nicht verlieren, aber wo ich bin, will ich nicht bleiben, aber die ich liebe, will ich nicht verlassen, aber die ich kenne, will ich nicht mehr sehen, aber wo ich lebe, da will ich nicht sterben, aber wo ich sterbe, da will ich nicht hin: Bleiben will ich, wo ich nie gewesen bin.",de,,poem,Thomas Brasch,"Lied, in: Kargo. 32. Versuch auf einem untergehenden Schiff aus der eigenen Haut zu kommen (1977)",Literature,longing;restlessness;poetry,verified,,Verified: The wording matches the poem as documented at planetlyrik exactly; set as verse in the original and as prose in the bank.
Q0160,Act as if what you do makes a difference. It does.,en,,quote,William James,"William James, correspondence with Helen Keller, 1908; The Correspondence of William James, Vol. 12: April 1908-August 1910 (University of Virginia Press, 2004), p. 135",Motivation & Success,action;impact,verified,,"Verified: Wikiquote's sourced section cites the scholarly Virginia edition of James's correspondence with a page reference, so this is not the unsourced modern coinage it is often taken for."
Q0161,"Our doubts are traitors and make us lose the good we often might win, by fearing to attempt.",en,,quote,William Shakespeare,"William Shakespeare, Measure for Measure (c. 1604), Act I, Scene iv",Motivation & Success,doubt;courage,reattributed,,"Previously attributed to Jane Addams. Reattributed: The lines are Lucio's in Measure for Measure - ""Our doubts are traitors, / And make us lose the good we oft might win / By fearing to attempt"" - so the attribution to Jane Addams is wrong; the bank also modernises ""oft"" to ""often""."
Q0162,"I believe that a simple and unassuming manner of life is best for everyone, best both for the body and the mind.",en,,quote,Albert Einstein,"Wie ich die Welt sehe, in: Mein Weltbild (1934)",Philosophy & Wisdom,simplicity;life,verified,tg-077,"Verified: Found in a parallel German-English edition of the 1930/1934 essay Wie ich die Welt sehe, where the stored English is the standard translation with the sentence order rearranged."
Q0163,"Be happy while you are living, for you are a long time dead.",en,,proverb,,,Philosophy & Wisdom,happiness;mortality;life,unverified,,"Scottish proverb. Attribution unverified: Wiktionary documents the shorter English phrase ""you're a long time dead"" with printed citations from Sean O'Casey onward, but this fuller ""Scottish proverb"" form appears only in modern quotation collections with no printed source behind it."
Q0164,"How about I allow the world to live as it chooses, and I allow me to live as I choose.",en,,quote,Richard Bach,"Richard Bach, Illusions: The Adventures of a Reluctant Messiah (Delacorte, 1977)",Personal Growth,freedom;acceptance,verified,,"Wording as collected was: Allow the world to live as it chooses, and allow yourself to live as you choose. Wording corrected against the source: In the text of Illusions the narrator offers this as a description of his own practice; the bank converts a first-person resolution into a general command to the reader."
Q0165,People seldom notice old clothes if you wear a big smile.,en,,quote,Lee Mildon,,Humor,smile;attitude,unverified,,"Attribution unverified: No trace of Lee Mildon beyond quotation aggregators; no book, article or periodical carrying this sentence could be found."
Q0166,Imagination is everything. It is the preview of life's coming attractions.,en,,quote,Albert Einstein,,Creativity & Art,imagination,unverified,,Attribution unverified: No source exists in Einstein's writings; Quote Investigator and Zitatforschung show it as a late embellishment of the sourced 1929 Viereck line Imagination is more important than knowledge.
Q0167,Only when we are no longer afraid do we begin to live.,en,,quote,Dorothy Thompson,"Dorothy Thompson, The Courage to Be Happy (Houghton Mifflin, 1957)",Personal Growth,fear;living,paraphrase,,"Renders the source loosely: Wikiquote's sourced section assigns the line to the 1957 book, where the full sentence runs ""Only when we are no longer afraid do we begin to live in every experience, painful or joyous, to live in gratitude for every moment, to live abundantly""; the bank keeps only the opening clause."
Q0168,"Love vanquishes time. To lovers, a moment can be eternity, eternity can be the tick of a clock.",en,,quote,Mary Parrish,,Love,love;time,unverified,,"Attribution unverified: Attributed to a ""Mary Parrish"" on aggregator sites only; no book, story or article by any writer of that name carrying the sentence could be located."
Q0169,Bloom where you are planted.,en,,quote,,,Personal Growth,growth;contentment,unverified,,"Attributed to Unknown in source. Attribution unverified: A modern motto popularised in the 1970s and 1980s and often credited to Francis de Sales, though it is absent from his writings; no earlier printed source of any kind could be found."
Q0170,"Through the darkness of future past, / the magician longs to see, / one chants out between two worlds: / Fire, walk with me.",en,,poem,MIKE,"Twin Peaks, Episode 2, ""Zen, or the Skill to Catch a Killer"" (ABC, 19 April 1990), written by Mark Frost and David Lynch; MIKE's verse in Cooper's dream",Film & Television,mystery;poetry,verified,,"Verse; line breaks rendered with ' / '. Wording as collected was: Fire walk with me / Through the darkness of future past / The magician longs to see. / One chants out between two worlds / Fire walk with me. Wording corrected against the source: Episode transcripts give four lines beginning ""Through the darkness of future past""; the bank prepends an extra opening ""Fire walk with me"" line that the One-Armed Man never speaks."
Q0171,"Prediction is very difficult, especially if it is about the future.",en,,proverb,,"Danish saying of unknown authorship, current in Denmark by the mid-twentieth century; quoted by Karl Kristian Steincke in his memoirs Farvel og Tak (1948)",Humor,future;humor,verified,tg-078,"Danish proverb; earliest record in K.K. Steincke's memoirs (1948); popularly attributed to Niels Bohr or Storm P. (Robert Storm Petersen). Verified: Quote Investigator traces the saying to Danish sources and finds no support for the common Niels Bohr attribution, so the bank's ""Unknown"" is the correct attribution."
Q0172,The best answer to anger is silence.,en,,quote,Marcus Aurelius,,Stoicism,anger;silence,unverified,,"Attribution unverified: Absent from the Long, Hays and Hammond translations of the Meditations, his only work; it circulates only on modern quotation sites."
Q0173,"The more we value things outside our control, the less control we have.",en,,quote,Marcus Aurelius,,Stoicism,control;value,unverified,,"Attribution unverified: Found in none of the four complete Meditations translations searched, and unsourced on Wikiquote; a modern Stoicism-blog formulation."
Q0174,How ridiculous and how strange to be surprised at anything which happens in life.,en,,quote,Marcus Aurelius,Meditations 12.13,Stoicism,acceptance,verified,tg-079,Verified: Long renders this sentence almost verbatim; Greek from the Perseus text of the Meditations.
Q0175,"You have power over your mind - not outside events. Realize this, and you will find strength.",en,,quote,Marcus Aurelius,,Stoicism,mind;strength,unverified,,"Attribution unverified: Wikiquote states it is from no known translation of the Meditations and traces it to a 2006 self-help book. Also collected as: You have power over your mind - not outside events. Realise this, and you will find strength. The same pseudo-Marcus line twice, differing only in Realize against Realise."
Q0176,The best revenge is not to be like your enemy.,en,,quote,Marcus Aurelius,Meditations 6.6,Stoicism,revenge;virtue,verified,tg-080,Verified: Hammond translates this chapter word for word as given; Greek from the Perseus text.
Q0177,"Accept the things to which fate binds you, and love the people with whom fate brings you together, but do so with all your heart.",en,,quote,Marcus Aurelius,Meditations 6.39,Stoicism,fate;love,verified,tg-081,Verified: This is Gregory Hays’s translation of 6.39; Greek from the Perseus text.
Q0178,Confine yourself to the present.,en,,quote,Marcus Aurelius,Meditations 7.29,Stoicism,present,verified,tg-082,"Verified: Long has ""Confine thyself to the present"" in this chapter; Greek from the Perseus text."
Q0179,"When you arise in the morning, think of what a precious privilege it is to be alive - to breathe, to think, to enjoy, to love.",en,,quote,Elbert Hubbard,The Fra volume 12 number 6 page 171,Stoicism,gratitude;life,reattributed,,Previously attributed to Marcus Aurelius. Reattributed: Wikiquote traces the wording to Hubbard’s magazine The Fra; nothing resembling it occurs in the Meditations.
Q0180,You can commit injustice by doing nothing.,en,,quote,Marcus Aurelius,Meditations 9.5,Stoicism,justice;action,verified,tg-083,"Verified: Hays: ""And you can also commit injustice by doing nothing""; Greek from the Perseus text."
Q0181,Waste no more time arguing about what a good man should be. Be one.,en,,quote,Marcus Aurelius,Meditations 10.16,Stoicism,virtue;action,verified,tg-084,"Verified: A circulating form of Hays’s 10.16 (""stop talking about what the good man is like, and just be one""); Greek from Perseus."
Q0182,Each day provides its own gifts.,en,,quote,Martial,"Martial, Epigrams, in W. C. A. Ker’s 1920 Loeb translation",Stoicism,gratitude;present,reattributed,,Previously attributed to Marcus Aurelius. Reattributed: The English wording is Ker’s Loeb Martial; Latinists at Textkit confirmed the phrase is nowhere in the Meditations.
Q0183,"Give yourself a gift, the present moment.",en,,quote,Marcus Aurelius,Meditations 8.44,Stoicism,present;gratitude,verified,tg-085,"Verified: Hays: ""Give yourself a gift: the present moment""; Greek from the Perseus text."
Q0184,The only wealth which you will keep forever is the wealth you have given away.,en,,quote,Marcus Aurelius,,Stoicism,giving;wealth,unverified,,"Attribution unverified: Absent from all four Meditations translations searched; the underlying sentiment is Mark Antony’s in Plutarch, but this wording has no ancient source."
Q0185,"Have I been made for this, to lie under the blankets and keep myself warm?",en,,quote,Marcus Aurelius,Meditations 5.1,Stoicism,discipline;purpose,verified,tg-086,"Verified: Long’s text reads ""to lie in the bedclothes and keep myself warm""; Greek from the Perseus text."
Q0186,"Conceal a flaw, and the world will imagine the worst.",en,,quote,Martial,"Martial, Epigrams 3.42",Stoicism,honesty;reputation,reattributed,tg-087,"Previously attributed to Marcus Aurelius. Reattributed: A smoothed English version of Martial 3.42, whose Latin reads Quod tegitur magnum creditur esse malum; Latin left out of ORIG_TEXT as it is not Greek."
Q0187,"Life is neither good or evil, but only a place for good and evil.",en,,quote,Seneca the Younger,"Seneca, Epistulae Morales 99.12",Stoicism,life;morality,reattributed,tg-088,"Previously attributed to Marcus Aurelius. Reattributed: Verified in the Latin Library text of Epistle 99, Vita nec bonum nec malum est boni ac mali locus est; Latin omitted from ORIG_TEXT as it is not Greek."
Q0188,"I cannot escape death, but at least I can escape the fear of it.",en,,quote,Epictetus,Discourses 1.27.10,Stoicism,death;fear,reattributed,tg-089,"Previously attributed to Marcus Aurelius. Reattributed: Long’s Discourses 1.27 has ""I cannot escape from death. Shall I not escape from the fear of death?""; Greek from the Perseus text."
Q0189,How trivial the things we want so passionately are.,en,,quote,Marcus Aurelius,Meditations 12.27,Stoicism,desire;perspective,verified,tg-090,Verified: Exactly Hays’s wording in the Fabius Catullinus chapter; Greek from the Perseus text.
Q0190,"Settle on the type of person you want to be and stick to it, whether alone or in company.",en,,quote,Epictetus,Enchiridion 33.1,Stoicism,character;integrity,reattributed,tg-091,Previously attributed to Marcus Aurelius. Reattributed: This is Robert Dobbin’s Penguin rendering of Enchiridion 33; Greek from the Perseus text of the Enchiridion.
Q0191,"Consider at what price you sell your integrity, but please, for God's sake, don't sell it cheap.",en,,quote,Epictetus,Discourses 1.2.33,Stoicism,integrity,reattributed,tg-092,"Previously attributed to Marcus Aurelius. Reattributed: Long: ""consider at what price you sell your own will ... sell it not for a small sum""; no comparable passage in the Meditations."
Q0192,"Die Welt, wie wir sie geschaffen haben, ist ein Prozess unseres Denkens. Sie kann nicht verändert werden, ohne unser Denken zu verändern.",de,,quote,Albert Einstein,,Philosophy & Wisdom,thought;change,unverified,,"Attribution unverified: Not in Einstein's writings and not in Calaprice, The Ultimate Quotable Einstein; the earliest trace is a 1970 formulation of Ram Dass's that was later put into Einstein's mouth."
Q0193,We suffer more often in imagination than in reality.,en,,quote,Seneca,Epistulae Morales ad Lucilium 13.4,Stoicism,imagination;fear,verified,tg-093,Verified: Gummere's exact published wording; Latin confirmed in the Latin Library and Tesserae text of Ep. 13.4.
Q0194,Ignorance is the cause of fear.,en,,quote,Seneca,Naturales Quaestiones 6.3.4,Stoicism,fear;knowledge,verified,tg-094,"Verified: Genuine clause per Latin Wikisource and Dickinson College Commentaries, but the popular Latin ""Timendi causa est nescire"" is a modern rearrangement."
Q0195,"While we wait for life, life passes.",en,,quote,Seneca,Epistulae Morales ad Lucilium 1.2,Stoicism,time;life,paraphrase,tg-095,"Renders the source loosely: Looser rendering of the same sentence as Q0201 in the Latin Library and Tesserae texts, where ""differtur"" means postponed rather than awaited."
Q0196,"Life is long, if you know how to use it.",en,,quote,Seneca,De Brevitate Vitae 2.1,Stoicism,time;life,verified,tg-096,Verified: The Latin Library text of De Brevitate Vitae 2.1 matches this rendering word for word.
Q0197,Hurry up and live.,en,,quote,Seneca,Epistulae Morales ad Lucilium 101.10,Stoicism,urgency;life,verified,tg-097,"Verified: Renders ""propera... vivere"" in the Tesserae text of Ep. 101.10; compare ""protinus vive"" at De Brevitate Vitae 9.1."
Q0198,Cease to hope and you will cease to fear.,en,,quote,Hecato of Rhodes,"quoted in Seneca, Epistulae Morales ad Lucilium 5.7",Stoicism,hope;fear,reattributed,tg-098,"Previously attributed to Seneca. Reattributed: Seneca expressly credits Hecato (""apud Hecatonem nostrum inveni""), the same ground on which Wikiquote lists ""Si vis amari, ama"" as misattributed."
Q0199,Wealth is the slave of a wise man and the master of a fool.,en,,quote,Seneca,De Vita Beata 26.1,Stoicism,wealth;wisdom,verified,tg-099,Verified: The Latin Library text of De Vita Beata 26.1 is the source of this standard English rendering.
Q0200,Only time can heal what reason cannot.,en,,quote,Seneca,Agamemnon 130,Stoicism,time;healing,paraphrase,tg-100,"Renders the source loosely: The Latin Library text says delay ""often"" heals rather than ""only"" time, and the line belongs to the Nurse in the tragedy."
Q0201,"While we are postponing, life speeds by.",en,,quote,Seneca,Epistulae Morales ad Lucilium 1.2,Stoicism,procrastination;time,verified,tg-095,Verified: Gummere's published wording as given on Wikiquote for Letter I; the Latin Library prints the sentence at the head of 1.3.
Q0202,"Life, if well lived, is long enough.",en,,quote,Seneca,De Brevitate Vitae 1.3,Stoicism,life;time,paraphrase,tg-101,"Renders the source loosely: Condensation of the Latin Library text, whose condition is that life be well invested rather than well lived."
Q0203,"Hang on to your youthful enthusiasms, you will be able to use them better when you are older.",en,,quote,Seneca,,Stoicism,enthusiasm;age,unverified,,"Attribution unverified: No source in Seneca's corpus and quote-verification sites such as PastWisdom flag it as unverified, with the phrasing being modern self-help English."
Q0204,He who is brave is free.,en,,quote,Seneca,Epistulae Morales ad Lucilium 85.24,Stoicism,courage;freedom,paraphrase,tg-102,"Renders the source loosely: Truncates ""sine timore est"" (free from fear) in a Stoic syllogism Seneca reports, per the Latin Library and IntraText texts of Ep. 85.24."
Q0205,It is a rough road that leads to the heights of greatness.,en,,quote,Seneca,Epistulae Morales ad Lucilium 84.13,Stoicism,adversity;greatness,verified,tg-103,"Verified: The Tesserae text of Ep. 84.13 has this exact Latin, matching Wikiquote's translation."
Q0206,It is more civilized to make fun of life than to bewail it.,en,,quote,Seneca,De Tranquillitate Animi 15.2,Stoicism,humor;life,verified,tg-104,Verified: The Latin Library text of De Tranquillitate Animi 15.2 matches this rendering closely.
Q0207,Difficulty comes from our lack of confidence.,en,,quote,Seneca,Epistulae Morales ad Lucilium 104.26,Stoicism,confidence;difficulty,verified,tg-105,"Verified: Confirmed in the Tesserae and Latin Library texts of Ep. 104.26, which Gummere renders just as here."
Q0208,"Life is very short and anxious for those who forget the past, neglect the present, and fear the future.",en,,quote,Seneca,De Brevitate Vitae 16.1,Stoicism,time;present,verified,tg-106,Verified: Basore's Loeb rendering of the Latin Library text of De Brevitate Vitae 16.1.
Q0209,What really ruins our character is the fact that none of us looks back over his life.,en,,quote,Seneca,Epistulae Morales ad Lucilium 83.2,Stoicism,reflection;character,verified,tg-107,Verified: The Tesserae and Latin Library texts of Ep. 83.2 carry this sentence verbatim.
Q0210,"Religion is regarded by the common people as true, by the wise as false, and by rulers as useful.",en,,quote,Edward Gibbon,"The History of the Decline and Fall of the Roman Empire, Vol. I, Ch. 2",Stoicism,religion;power,reattributed,,Previously attributed to Seneca. Reattributed: Wikiquote's Disputed section finds no such passage anywhere in Seneca and traces the line to Gibbon's sentence on the various modes of worship.
Q0211,"It does not matter how many books you have, but how good are the books which you have.",en,,quote,Seneca,Epistulae Morales ad Lucilium 45.1,Stoicism,books;quality,verified,tg-108,Verified: The Tesserae text of Ep. 45.1 shows the subject really is Lucilius's shortage of books.
Q0212,"When a person spends all his time in foreign travel, he ends by having many acquaintances, but no friends.",en,,quote,Seneca,Epistulae Morales ad Lucilium 2.2,Stoicism,friendship;travel,verified,tg-109,"Verified: Gummere's wording, with the Latin confirmed in the Tesserae and Latin Library texts of Ep. 2.2."
Q0213,"For many men, the acquisition of wealth does not end their troubles, it only changes them.",en,,quote,Epicurus,"quoted in Seneca, Epistulae Morales ad Lucilium 17.11",Stoicism,wealth;trouble,reattributed,tg-110,"Previously attributed to Seneca. Reattributed: Seneca introduces it with ""ab Epicuro mutuum sumam"" in the Latin Library text, so the Latin is his rendering of Epicurus."
Q0214,The greatest remedy for anger is delay.,en,,quote,Seneca,De Ira 2.29.1,Stoicism,anger;patience,verified,tg-111,"Verified: Confirmed in the Latin Library text of De Ira 2.29.1, where the same maxim recurs as ""maximum remedium irae dilatio est"" at 3.12.4."
Q0215,Luck is what happens when preparation meets opportunity.,en,,quote,Seneca,,Stoicism,luck;preparation,unverified,,"Widely attributed to Seneca; not traced to his surviving works. Attribution unverified: Wikiquote's Disputed section finds no Senecan source, records a 1912 unattributed version in The Youth's Companion, and dates the Seneca attribution to 1990s quote books."
Q0216,We have two ears and one mouth so that we can listen twice as much as we speak.,en,,quote,Zeno of Citium,Diogenes Laertius 7.23,Stoicism,listening;speech,reattributed,tg-112,"Previously attributed to Epictetus. Reattributed: Diogenes Laertius credits the two-ears saying to Zeno rebuking a chattering youth, not to Epictetus; Greek from Perseus."
Q0217,No man is free who is not master of himself.,en,,quote,Epictetus,"Epictetus, Fragment 35",Stoicism,freedom;self-mastery,verified,tg-113,"Verified: English is Crossley’s Golden Sayings XV; Greek is Fragment 35 in Schenkl, though Oldfather groups it among the doubtful fragments."
Q0218,"Men are disturbed not by things, but by the view which they take of them.",en,,quote,Epictetus,Enchiridion 5,Stoicism,perception;mind,verified,tg-114,Verified: The opening sentence of Enchiridion 5; Greek from the Perseus text.
Q0219,It is difficulties that show what men are.,en,,quote,Epictetus,Discourses 1.24.1,Stoicism,adversity;character,verified,tg-115,Verified: The standard translation of the chapter’s opening sentence; Greek from the Perseus text.
Q0220,"Make the best use of what is in your power, and take the rest as it happens.",en,,quote,Epictetus,Discourses 1.1.17,Stoicism,acceptance;control,verified,tg-116,"Verified: Elizabeth Carter’s rendering; Long has ""make the best use that we can of the things which are in our power""."
Q0221,"A ship should not ride on a single anchor, nor life on a single hope.",en,,quote,Epictetus,"Epictetus, Fragment 30",Stoicism,hope;prudence,verified,tg-117,"Verified: English is Crossley’s Golden Sayings XVI; Greek is Fragment 30 in Schenkl, classed by Oldfather among the doubtful fragments."
Q0222,No great thing is created suddenly.,en,,quote,Epictetus,Discourses 1.15.7,Stoicism,patience;growth,verified,tg-118,Verified: The grape-and-fig passage in Arrian’s Discourses; Greek from the Perseus text.
Q0223,"Know, first, who you are, and then adorn yourself accordingly.",en,,quote,Epictetus,Discourses 3.1.24,Stoicism,self-knowledge,verified,tg-119,Verified: Word for word the standard translation of 3.1.24; Greek from the Perseus text.
Q0224,"It is the nature of the wise to resist pleasures, but the foolish to be a slave to them.",en,,quote,Epictetus,"Epictetus, Fragments in George Long’s edition",Stoicism,pleasure;wisdom,unverified,,"Attribution unverified: Long prints this among the unnumbered late-florilegia fragments that Schenkl’s critical collection excludes, so its authenticity cannot be settled."
Q0225,"First learn the meaning of what you say, and then speak.",en,,quote,Epictetus,,Stoicism,speech;thought,unverified,,"Attribution unverified: Quotation sites cite the 1807 Works of Epictetus, but I could not find it in the Discourses, Enchiridion or Fragments in Long’s or Schenkl’s texts."
Q0226,"If you want something good, get it yourself.",en,,quote,Epictetus,Discourses 1.29.4,Stoicism,self-reliance,verified,tg-120,"Verified: Long: ""If you would have any thing good, receive it from yourself""; Greek from the Perseus text."
Q0227,All the good are friends of one another.,en,,quote,Zeno,"Clement of Alexandria, Stromata 5.14",Stoicism,friendship;virtue,verified,,"Zeno of Citium. Verified: Wikiquote sources this Zeno testimonium to Clement; I could not obtain the Greek of that passage, so ORIG_TEXT is left empty."
Q0228,"No loss should be more regrettable to us than losing our time, for it's irretrievable.",en,,quote,Zeno,,Stoicism,time,unverified,,"Zeno of Citium. Attribution unverified: Diogenes Laertius 7.23 has Zeno say we need nothing so much as time, but this wording about irretrievable loss is untraceable to any ancient source."
Q0229,Extravagance is its own destroyer.,en,,quote,Zeno,,Stoicism,moderation,unverified,,Zeno of Citium. Attribution unverified: Appears only in modern compilations; nothing corresponding in Diogenes Laertius book 7 or in Wikiquote’s sourced Zeno list.
Q0230,Man conquers the world by conquering himself.,en,,quote,Zeno,,Stoicism,self-mastery,unverified,,"Zeno of Citium. Attribution unverified: Wikiquote traces it to a 2015 tweet and suggests it garbles Plato, Laws 626e; no ancient source exists."
Q0231,"Steel your sensibilities, so that life shall hurt you as little as possible.",en,,quote,Zeno,,Stoicism,resilience,unverified,,"Zeno of Citium. Attribution unverified: Found only in modern quotation compilations, with no trace in Diogenes Laertius, Stobaeus or the Stoic fragment collections."
Q0232,Better to trip with the feet than with the tongue.,en,,quote,Zeno,Diogenes Laertius 7.26,Stoicism,speech;prudence,verified,tg-121,"Zeno of Citium. Verified: Hicks’s Loeb wording exactly, though Diogenes Laertius adds that some credit the saying to Socrates; Greek from Perseus."
Q0233,"A bad feeling is a commotion of the mind repugnant to reason, and against nature.",en,,quote,Zeno,Diogenes Laertius 7.110,Stoicism,emotion;reason,verified,tg-122,"Zeno of Citium. Verified: The older English rendering of Zeno’s definition of passion, which Cicero also reports at Tusculans 4.6; Greek from Perseus."
Q0234,We begin to lose our hesitation to do immoral things when we lose our hesitation to speak of them.,en,,quote,Musonius Rufus,"Musonius Rufus, Fragment 26 Hense",Stoicism,morality;speech,verified,tg-123,"Verified: Greek from Hense’s 1905 Teubner edition, where the word prattein is Gaisford’s supplement printed in angle brackets."
Q0235,Humanity must seek what is not simple and obvious using the simple and obvious.,en,,quote,Musonius Rufus,"Musonius Rufus, Discourse 1",Stoicism,knowledge;method,verified,tg-124,"Verified: Lutz: ""Man must needs seek to find out that which is not plain nor self-evident through the medium of the plain and obvious""; Greek from Hense."
Q0236,"Since every man dies, it is better to die with distinction than to live long.",en,,quote,Musonius Rufus,"Musonius Rufus, Fragment 35 Hense",Stoicism,mortality;honor,verified,tg-125,Verified: Greek from Hense’s Fragmenta minora; Cynthia King renders it closely as given.
Q0237,Only by exhibiting actions in harmony with the sound words which he has received will anyone be helped by philosophy.,en,,quote,Musonius Rufus,"Musonius Rufus, Discourse 1",Stoicism,philosophy;action,verified,tg-126,"Verified: The closing sentence of Discourse 1 in Hense; Lutz translates ""only in this way will philosophy be of profit to anyone""."
Q0238,"Thus whoever destroys human marriage destroys the home, the city - the whole human race.",en,,quote,Musonius Rufus,"Musonius Rufus, Discourse 14",Stoicism,marriage;society,verified,tg-127,Verified: Lutz’s translation of Discourse 14 matches almost word for word; Greek from Hense.
Q0239,He with the most who is content with the least.,en,,quote,Diogenes,,Stoicism,contentment,unverified,,"Attribution unverified: Not in Diogenes Laertius book 6, in Hard’s Sayings and Anecdotes, or in Wikiquote’s sourced list; often given to Socrates instead."
Q0240,The foundation of every state is the education of its youth.,en,,quote,Diogenes,,Stoicism,education;society,unverified,,Attribution unverified: Standard in nineteenth-century quotation dictionaries but absent from Diogenes Laertius book 6 and from the Stobaeus material on Wikiquote.
Q0241,Blushing is the color of virtue.,en,,quote,Diogenes,Diogenes Laertius 6.54,Stoicism,virtue,paraphrase,tg-128,"Renders the source loosely: The real anecdote has Diogenes tell a blushing youth ""Courage, that is the hue of virtue""; the epigram is a later compression."
Q0242,Dogs and philosophers do the greatest good and get the fewest rewards.,en,,quote,Diogenes,,Stoicism,philosophy;virtue,unverified,,"Attribution unverified: No trace in Diogenes Laertius book 6, in Hard’s Sayings and Anecdotes, or in the Stobaeus excerpts collected on Wikiquote."
Q0243,"I am not an Athenian or a Greek, but a citizen of the world.",en,,quote,Diogenes,Diogenes Laertius 6.63,Stoicism,cosmopolitanism,paraphrase,tg-129,"Renders the source loosely: Diogenes’ attested answer is the single word kosmopolites; the longer ""not an Athenian or a Greek"" form comes from Plutarch’s On Exile, where it is Socrates’."
Q0244,The mob is the mother of tyrants.,en,,quote,Diogenes,,Stoicism,politics;power,unverified,,"Attribution unverified: Diogenes Laertius 6.24 and 6.41 call demagogues the mob’s lackeys, but this exact maxim appears in no ancient source I could locate."
Q0245,Poverty is a virtue which one can teach oneself.,en,,quote,Diogenes,Stobaeus 4.32a.19,Stoicism,poverty;virtue,verified,,"Verified: Wikiquote gives this precise Stobaeus citation; I could not obtain the Greek of the passage, so ORIG_TEXT is left empty."
Q0246,"Ugh, gunpowder in my hourglass / I got some weight on my shoulders, to me it's like feathers",en,,poem,Lil Wayne,"Lil Wayne, ""Blunt Blowin'"", Tha Carter IV (Young Money/Cash Money, 2011), verse 1",Music,resilience;burden,verified,,"Lyrics from Lil Wayne, 'Blunt Blowin'' (Tha Carter IV, 2011); original line reads 'to me it's like feathers'. Wording as collected was: Gunpowder in my hourglass. I've got some weight on my shoulders, to me it's all feathers. Wording corrected against the source: The lyric reads ""to me it's like feathers"", not ""all feathers"", confirmed against the transcription of Wayne's handwritten lyric sheet reproduced in his prison memoir Gone 'Til November and quoted by Vice; the two lines also stand eight bars apart in the verse."
Q0247,"Wenn du dich mit dem Teufel einlässt, verändert sich nicht der Teufel - der Teufel verändert dich.",de,,quote,,,Philosophy & Wisdom,temptation;change,unverified,,Attributed to Unknown in source. Attribution unverified: No first attestation and no author could be found; the sentence circulates only as an anonymous saying.
Q0248,"Ich spreche normalerweise frei, habe es mir heute aber einmal aufgeschrieben; damit ich hinterher weiß was ich gesagt habe.",de,,quote,,,Humor,wit;speech;self-irony,unverified,,Anonymous speaker's quip; no attribution found in German quotation collections or parliamentary records. Attribution unverified: A widespread speaker's joke with no traceable first attestation; the attributions to individual politicians are all unsourced.
Q0249,Ein Glück das schnell vergeht nennt man Vergnügen.,de,,quote,,,Philosophy & Wisdom,happiness;pleasure;life,unverified,,Attributed to Unknown in source. Attribution unverified: No author and no source could be found; it appears only in anonymous collections of aphorisms.
Q0251,Good things come to good hearts.,en,,proverb,,,Philosophy & Wisdom,kindness;life,unverified,,"Attributed to Unknown in source. Attribution unverified: Not a recorded proverb: Tilley's dictionary of sixteenth- and seventeenth-century proverbs has ""A good heart conquers ill fortune"" but nothing matching this phrasing, which appears only in modern inspirational blogs."
Q0252,"Everybody ends up somewhere, I just take my time to get there.",en,,quote,,,Philosophy & Wisdom,patience;journey;life,unverified,,"Attributed to Unknown in source. Attribution unverified: No printed, recorded or broadcast source found; the line circulates only as an unattributed social-media caption."
Q0253,Never forget the one-thousand-year view.,en,,quote,Shodo Harada Roshi,"Shodo Harada Roshi, inscription on an ensō poster given to Jon Kabat-Zinn at Tahoma Zen Monastery, Whidbey Island, 11 September 2001; recounted by Kabat-Zinn on the Mind & Life podcast ""The Heart of Mindfulness""",Philosophy & Wisdom,perspective;patience;zen,verified,,"Harada Roshi handed out the ensō poster on 11 September 2001; Kabat-Zinn retells it in the Inquiring Mind interview. Verified: In the Mind & Life podcast transcript Kabat-Zinn describes the Zen-circle calligraphy Harada Roshi gave him that day and quotes the inscription: ""Never forget the 1000 year view."""
Q0254,"Psychotherapie versucht die Dinge im Raum neu anzuordnen, Meditation hilft den Raum zu verlassen.",de,,quote,Ram Dass,"Psychotherapy and Meditation: A Forum, Inquiring Mind 5:1, Sommer 1988",Mindfulness,meditation;therapy;ego,paraphrase,tg-130,"German rendering of Ram Dass's answer in the Inquiring Mind forum; English original filed alongside. Renders the source loosely: A free German shortening of the attested wording ""Western psychotherapy rearranges the furniture in the room, Eastern techniques help you get out of the room"" (inquiringmind.com)."
Q0255,Menschen tun nur zwei Dinge - entweder sie senden Liebe oder sie fragen danach.,de,,quote,,"A Course in Miracles, Text, Kapitel 12.I.3",Love,love;compassion;acim,paraphrase,,"Paraphrase of the Course in Miracles teaching that every act is either an extension of love or a call for love; no named author. Renders the source loosely: A faithful summary of ""Every loving thought is true. Everything else is an appeal for healing and help, regardless of the form it takes."" (Wikisource, the text of A Course in Miracles)."
Q0256,"Everyone you meet always asks if you have a career, are married, or own a house as if life was some kind of grocery list. But no one ever asks you if you are happy.",en,,quote,Heath Ledger,,Philosophy & Wisdom,happiness;society;life,unverified,,"Attribution unverified: Nothing resembling this appears in Ledger's filmed or printed interviews before his death in 2008, and no contemporaneous source carries it; it began circulating as a social-media caption roughly a decade later, which is where the attribution appears to originate."
Q0257,Stop trying to control everything and just let go. Let go!,en,,quote,Tyler Durden,"Fight Club (dir. David Fincher, 1999), screenplay by Jim Uhls, the car-crash scene",Film & Television,control;letting go,reattributed,,"Spoken by the character Tyler Durden. Previously attributed to Chuck Palahniuk. Reattributed: The line is Tyler's in the film, not in Palahniuk's novel: the corresponding chapter has a Project Mayhem mechanic swerving into oncoming traffic with no ""let go"" instruction, so the line belongs to the film and not to the book. Screenplay by Jim Uhls."
Q0258,"You're not your job. You're not how much money you have in the bank. You're not the car you drive. You're not the contents of your wallet. You're not your fucking khakis. You're the all-singing, all-dancing crap of the world.",en,,quote,Chuck Palahniuk,"Chuck Palahniuk, Fight Club (W. W. Norton, 1996), ch. 17 (Tyler's address to fight club)",Film & Television,identity;materialism,paraphrase,,"Spoken by the character Tyler Durden. Renders the source loosely: The novel reads ""You are not your job... You are all singing, all dancing crap of the world""; the bank keeps the smoother 1999 film phrasing, which says the same thing."
Q0259,People's lives become what they think is possible.,en,,quote,Roger Mills,,Motivation & Success,mindset;possibility,unverified,,"Attribution unverified: The line is credited to Mills by the Center for Sustainable Change, which he co-founded, but no page or passage in his published Health Realization writing could be located to support it."
Q0260,"If it's out of your hands, it deserves freedom from your mind too.",en,,quote,Ivan Nuru,,Mindfulness,letting go;peace,unverified,,Attribution unverified: Nuru is a social-media writer with no published collection carrying this line; every occurrence traces back to reposts and aggregators.
Q0261,The way you speak to yourself matters.,en,,quote,,,Personal Growth,self-talk,unverified,,"Attributed to Unknown in source. Attribution unverified: A generic self-talk maxim with no traceable origin; the nearest sourced relative is Brené Brown's ""Talk to yourself like you would to someone you love"" in The Gifts of Imperfection (2010)."
Q0262,Visualise your highest self and start showing up as him.,en,,quote,Ali Owens,,Personal Growth,self-improvement,unverified,,"Attribution unverified: The wording appears in a blog post by Ali Owens as one item in a list of quotations she had collected, so the page does not establish her authorship, and no earlier source could be found."
Q0263,To fall in love with yourself is the first secret to happiness.,en,,quote,Robert Morley,,Love,self-love;happiness,unverified,,"Source spells 'Morely'. Attribution unverified: Quotation sites credit Morley's memoir Responsible Gentleman (1966), but no text of that book could be checked and the longer circulating version (""then if you're not a good mixer you can always fall back on your own company"") is equally uncited."
Q0264,The first and best victory is to conquer self.,en,,quote,Plato,"Plato, Laws 1.626e",Philosophy & Wisdom,self-mastery,verified,tg-131,Verified: Greek from the Perseus text of the Laws; the words are spoken by Cleinias in the dialogue’s opening exchange.
Q0265,Educating the mind without educating the heart is no education at all.,en,,quote,Aristotle,,Philosophy & Wisdom,education;heart;compassion,unverified,,Attribution unverified: A well-documented pseudo-Aristotle line found nowhere in the corpus and carrying no source on Wikiquote’s Aristotle page.
Q0266,A mind is like a parachute. It doesn't work if it isn't open.,en,,quote,Thomas Robert Dewar (Lord Dewar),Saying attributed to Lord Dewar from the 1920s; earliest known printed instances date to 1927,Creativity & Art,open-mindedness,reattributed,,"Previously attributed to Frank Zappa. Reattributed: The line is absent from The Real Frank Zappa Book and from Zappa's documented interviews, and Quote Investigator's history of ""the mind is like a parachute"" shows it circulating as Lord Dewar's more than a decade before Zappa was born."
Q0267,"When you focus on the good, the good gets better.",en,,quote,Abraham Hicks,,Mindfulness,focus;positivity,unverified,,"Attribution unverified: A fair summary of the Abraham-Hicks teaching, but no dated workshop recording or book page carrying this exact sentence could be located in the Hicks material searched."
Q0268,"In a world full of doing, doing, doing, it's important to take a moment to just breathe, to just be.",en,,quote,,,Mindfulness,being;rest,unverified,,"Attributed to Unknown in source. Attribution unverified: Searched the Internet Archive full-text corpus for 'to just breathe, to just be' and for 'a world full of doing': the only printed hit is an unrelated sentence in Trisha Cull's The Death of Small Creatures (2015). Everywhere else the line appears on wellness blogs and quote aggregators only, always unattributed."
Q0269,Your calm mind is the ultimate weapon against your challenges. So relax.,en,,quote,Bryant McGill,"Bryant McGill, Simple Reminders aphorism; quoted verbatim and credited to him in Lynn A. Robinson, Put Your Intuition to Work (Conari Press, 2016), and in Alexandra Bernard-Simmons, Think Like a Boss (2016)",Mindfulness,calm;challenge,verified,,"Verified: The wording is identical in both printed books and the attribution is consistent. McGill's own titles (Voice of Reason, Simple Reminders) are not full-text searchable in the Internet Archive, so the first publication could not be pinned to a page."
Q0270,"The still waters of a lake reflect the beauty around it. When the mind is still, the beauty of the self is reflected.",en,,quote,B.K.S. Iyengar,"Quoted and credited to B.K.S. Iyengar in Swami Sivananda Radha, Hatha Yoga: The Hidden Language (Timeless Books, 1995), in the chapter on Hamsa",Mindfulness,stillness;self,reattributed,,"Previously attributed to Vanda Scaravelli. Reattributed: In the Internet Archive corpus the sentence occurs only as an Iyengar quotation, the earliest in Radha's 1995 book, a decade before Iyengar's Light on Life. Nothing of the kind turns up under Vanda Scaravelli's name; her attribution appears only on quote aggregators."
Q0271,"Just when you feel you have no time to relax, know this is the moment you most need to relax.",en,,quote,Matt Haig,"Reasons to Stay Alive (Canongate, 2015), item 39 of the closing list 'How to live'",Mindfulness,rest;balance,paraphrase,,"Renders the source loosely: Haig's sentence reads: 'Just when you feel you have no time to relax, know that this is the moment you most need to make time to relax.' The bank's line drops 'make time to' but misstates nothing, so it is kept as collected."
Q0272,"Worrying is stupid, it's like walking around with an umbrella waiting for it to rain.",en,,lyric,,,Mindfulness,worry,unverified,,"Attributed to Unknown in source. Attribution unverified: No printed occurrence anywhere in the Internet Archive corpus. Online it is universally credited to Wiz Khalifa and was quoted as his in an October 2015 tweet by the football coach Randy Edsall, but no original tweet, lyric or interview could be traced, so the bank's 'Unknown' stands."
Q0273,"No matter how difficult the past, you can always begin again today.",en,,quote,Jack Kornfield,"Jack Kornfield, Buddha's Little Instruction Book (Bantam, 1994)",Personal Growth,renewal;past,verified,,"Verified: Anni Daulter's Sacred Relationship (2017) credits Kornfield by name and Anne I. Eason's IEP and Inclusion Tips (2006) cites Buddha's Little Instruction Book. Because of that title the line is very often re-attributed to the Buddha himself, as in T. Alexander Anderson's The Gift of Time (2001)."
Q0274,Feelings come and go like clouds in a windy sky. Conscious breathing is my anchor.,en,,quote,Thích Nhất Hạnh,"Present Moment, Wonderful Moment, gatha ""Adjusting Posture""",Mindfulness,breath;emotion,verified,tg-132,Renders gatha 17 of the Vietnamese originals Từng Bước Nở Hoa Sen and Bước Tới Thảnh Thơi.
Q0275,"Believe you can, and you're halfway there.",en,,quote,Theodore Roosevelt,,Motivation & Success,belief;confidence,unverified,,"Attribution unverified: Nothing of the kind occurs in Roosevelt's speeches, letters or books. Every one of the ninety occurrences in the Internet Archive corpus is a recent quotation anthology, planner or gift book carrying his name with no source; Quote Investigator has no article on it. It reads as a twentieth-century motivational coinage that acquired his name."
Q0276,"The mind is like water. When it's turbulent, it's difficult to see. When it's calm, everything becomes clear.",en,,quote,Prasad Mahes,,Mindfulness,calm;clarity,unverified,,"Attribution unverified: Neither the sentence nor the name 'Prasad Mahes' occurs anywhere in the Internet Archive corpus. The water-and-mind simile is a stock Zen-flavoured aphorism carried only by quote aggregators, and no person of that name could be traced as its author."
Q0277,Sometimes the bad things that happen in our lives put us directly on the path to the most wonderful things that will ever happen to us.,en,,quote,Nicole Reed,"Nicole Reed, Ruining You (2013), spoken to Jay in dialogue late in the novel",Philosophy & Wisdom,adversity;hope;life,verified,,"Wording as collected was: Sometimes the bad things that happen in our lives put us directly on the path to the best things that will ever happen to us. Wording corrected against the source: The novel's text reads 'the most wonderful things', not 'the best things': confirmed against the full online text of Ruining You, where a male character says it to Jay after she asks about going through hell to get a piece of heaven. The altered version has spread far enough to be reprinted in several later books."
Q0278,We cannot become what we need to be by remaining what we are.,en,,quote,Max De Pree,"Max De Pree, Leadership Is an Art (Michigan State University Press, 1987)",Personal Growth,change;growth,verified,,"Source spells 'Max Depree'. Wording as collected was: We cannot become what we want by remaining what we are. Wording corrected against the source: 'We cannot become what we need to be by remaining what we are' returns over two hundred printed occurrences in the Internet Archive corpus, several crediting De Pree directly; 'what we want' returns none. The substitution weakens the point from necessity to preference."
Q0279,You are the sky. Everything else is just the weather.,en,,quote,Pema Chödrön,,Mindfulness,equanimity;self;mind,unverified,,"Also collected as: You are the sky. Everything else - it's just the weather. Pema Chodron's line twice, with the author's name spelled two ways. The correctly spelled record is kept. Attribution unverified: Not in When Things Fall Apart, whose full text was checked, and not in any Chodron title in the Internet Archive corpus. The sentence surfaces only in quote anthologies from 2015 and 2016 (365 Thoughts on the Path of Buddha; Cher Kaufmann's Joy), usually as 'You are the sky. Everything else - it's just the weather.' The sky-and-weather image is genuinely hers, this formulation could not be sourced."
Q0280,Everything is created twice - first in your mind and then in the outside world.,en,,quote,Robin Sharma,"Robin S. Sharma, MegaLiving! 30 Days to a Perfect Life (1995; 2005 printing checked)",Motivation & Success,vision;creation,verified,,"Wording as collected was: Everything is created twice. First in the mind and then in reality. Wording corrected against the source: Sharma's own book reads 'in the outside world'; 'first in the mind and then in reality' comes from mindfulness gift books (The Pocket Book of Mindfulness, 2015; Art for Mindfulness, 2015) quoting him second-hand. The underlying idea is older, Stephen Covey's 'all things are created twice'."
Q0281,Almost everything will work again if you unplug it for a few minutes. Including you.,en,,quote,Anne Lamott,"Anne Lamott, 'Twelve truths I learned from life and writing', Facebook post of April 2015, reprinted in Salon and delivered as a TED talk in 2017",Mindfulness,rest;renewal,verified,,"Verified: Lamott punctuates it as a single sentence, 'Almost everything will work again if you unplug it for a few minutes, including you'; the bank's full stop before 'Including you' is a stylistic variant that circulates widely and changes nothing. Printed reprints (Suze Yalof Schwartz, Unplug, 2017) carry the comma form."
Q0282,"Nature does not hurry, yet everything is accomplished.",en,,quote,Lao Tzu,,Taoism,patience;nature,unverified,,"Attribution unverified: Not in any of the 81 chapters; a modern aphorism that merely echoes 無為而無不為, flagged as false in Wikiquote's Laozi misattributed section."
Q0283,"Be happy in the moment, that's enough. Each moment is all we need, not more.",en,,quote,Mother Teresa,,Mindfulness,present;happiness,unverified,,"Source spells 'Mother Theresa'. Attribution unverified: The earliest printed occurrence in the Internet Archive corpus is Patrick Lindsay's quotation compilation High Hopes (2014), which credits Mother Teresa but gives no source; the rest are colouring and gift books from 2015 on. Nothing resembling it appears in her own published writings in the corpus, and Quote Investigator has no entry."
Q0284,"The present moment is filled with joy and happiness. If you are attentive, you will see it.",en,,quote,Thích Nhất Hạnh,"Thich Nhat Hanh, Peace Is Every Step: The Path of Mindfulness in Everyday Life (Bantam, 1991), p. 22",Mindfulness,present;joy,verified,,"Written in English for Bantam; the Vietnamese edition is expressly a translation from the English, so this is the original wording. Verified: The wording is confirmed verbatim by books quoting the passage, including Stanislaus Kennedy's Day by Day (2013 and 2016) and Sreechinth C's Thich Nhat Hanh Quotes (2017), one of which shows it following the 'cookie of our childhood' passage that is unmistakably from this book. Peace Is Every Step itself is not full-text searchable, so the page rests on the bank's own citation."
Q0285,Every grain of experience is food for the greedy growing soul of the artist.,en,,quote,Anthony Burgess,"Anthony Burgess, Here Comes Everybody: An Introduction to James Joyce for the Ordinary Reader (Faber, 1965), the chapter 'Martyr and Maze-maker'; published in the United States as Re Joyce",Creativity & Art,art;experience,verified,,Verified: Both printings carry the sentence verbatim in the discussion of A Portrait of the Artist as a Young Man; Harold Bloom's 1988 casebook on the Portrait and Jack Hendriksen's 1993 study both quote it from Burgess.
Q0286,"We will be reminded - once more - that love is a skill, not an emotion.",en,,quote,The School of Life,,Love,love;skill,unverified,,"Attribution unverified: No occurrence in the Internet Archive corpus and none in The School of Life: An Emotional Education. theschooloflife.com returns 403 to automated requests and paywalls its article bodies, so the sentence could not be tied to a particular essay. The School of Life's standard formulation is 'love is a skill, not a feeling', which suggests this is a newsletter or social-media rewording."
Q0287,"The emotionally intelligent person knows that love is a skill, not a feeling, and will require trust, vulnerability, generosity, humour, and selective resignation.",en,,quote,The School of Life,"Alain de Botton, The School of Life: An Emotional Education (School of Life Press, 2019), the opening section defining emotional intelligence; the same passage is on alaindebotton.com",Love,love;skill,paraphrase,,"Renders the source loosely: The original list runs 'trust, vulnerability, generosity, humour, sexual understanding and selective resignation'. The bank's version drops 'sexual understanding' and is otherwise word for word, so it is kept as collected. The book is signed by de Botton but published as the School of Life's house text, so the bank's institutional attribution is defensible."
Q0288,"We will still be anxious when we finally have the house, the relationship and the right income.",en,,quote,The School of Life,,Philosophy & Wisdom,anxiety;contentment;life,unverified,,"Attribution unverified: No printed occurrence, and none of the School of Life's readable anxiety or pessimism articles ('On Pessimism', 'The True Cause of Dread and Anxiety', 'Four Ways of Coping With Anxiety') carries the sentence. The site refuses automated requests and paywalls most article bodies, so it could not be placed; the sentiment is characteristic but the wording is untraced."
Q0289,"When you realise nothing is lacking, the whole world belongs to you.",en,,quote,Lao Tzu,Tao Te Ching ch. 44,Taoism,contentment;abundance,paraphrase,tg-133,"Renders the source loosely: Stephen Mitchell's free rendering of ch. 44 (Chinese from the Wikisource 匯校版 Laozi), not a translation of any line."
Q0290,One who conquers others is strong. One who conquers himself is all-powerful.,en,,poem,Lao Tzu,Tao Te Ching ch. 33,Taoism,self-mastery,verified,tg-134,"Verified: Faithful rendering by Jonathan Star (Tarcher/Penguin, verse 33), matching the Wikisource Chinese text."
Q0291,One who approaches life with force surely gets something. One who remains content where he is surely gets everything.,en,,poem,Lao Tzu,Tao Te Ching ch. 33,Taoism,contentment;effort,paraphrase,tg-135,"Renders the source loosely: Jonathan Star's verse 33 reorders these two clauses and adds ""surely gets something/everything"", which is absent from the Chinese."
Q0292,Complete the task at hand. Be selfless in your actions. This is the way of Heaven. This is the way to Heaven.,en,,poem,Lao Tzu,Tao Te Ching ch. 9,Taoism,selflessness;action,paraphrase,tg-136,"Renders the source loosely: Jonathan Star's verse 9; his added pun ""This is the way to Heaven"" has no counterpart in the Wikisource Chinese."
Q0293,Life is a balance of holding on and letting go.,en,,quote,Rumi,,Love,balance;letting go;love,unverified,,Attribution unverified: Absent from Barks' corpus and from the Persian Divan and Masnavi; a modern greeting-card aphorism with no Persian counterpart.
Q0294,Who you are is always right.,en,,prose,Deng Ming-Dao,"Deng Ming-Dao, Everyday Tao: Living with Balance and Harmony (HarperSanFrancisco, 1996), in the passage on reading everything in relation to one's own personal Tao",Personal Growth,authenticity,reattributed,,"Attributed to Unknown in source. Previously attributed to no one. Reattributed: The sentence occurs exactly once in the entire Internet Archive corpus, inside Deng's own prose: 'its meaning in relation to your own personal Tao. Who you are is always right. Ultimately, your life and your relationship to Tao are solely a matter...'. A single occurrence in millions of books is the best available evidence of origin, though the bank may well have picked the line up already detached from it."
Q0295,"Let go, or be dragged.",en,,proverb,,,Mindfulness,letting go,unverified,,"Zen proverb; attributed to Unknown in source. Attribution unverified: Printed often but always as an anonymous proverb: Ronnie McBrayer's May the Road Rise to Meet You (2015) has it from a horseman as 'a most picturesque proverb', and Guy McPherson's Going Dark (2013) labels it 'a bit of Zen'. It is not in the Zen literature and no author could be found, so the bank's 'Unknown' is right."
Q0296,What the superior man seeks is in himself; what the small man seeks is in others.,en,,quote,Confucius,Analects 15.20 (衛靈公),Philosophy & Wisdom,self-reliance;virtue,verified,tg-137,"Verified: Legge's exact translation of a genuine passage, verified against the Chinese Wikisource text of the Analects."
Q0297,"If you are depressed, you are living in the past. If you are anxious, you are living in the future. If you are at peace, you are living in the present.",en,,quote,,,Mindfulness,present;peace,unverified,,"Modern saying frequently misattributed to Lao Tzu; earliest forms anonymous (cf. Rev. Run, Words of Wisdom, 2006). Attribution unverified: The bank's 'Unknown' is the safe reading. The line is most often printed as Lao Tzu (Cher Kaufmann's Peace, 2017, among others) but it is nowhere in the Tao Te Ching, and every printed occurrence is a recent mindfulness or self-help book. No earlier or attributable source was found."
Q0298,Act without expectation.,en,,quote,Lao Tzu,,Taoism,detachment;action,unverified,,Attribution unverified: Listed among the fake Lao Tzu quotes by Stefan Stenudd (taoistic.com); it condenses the idea of 為而不恃 (ch. 10) but translates no actual line.
Q0299,"Rest and be kind, you don't have to prove anything.",en,,quote,Jack Kerouac,"Jack Kerouac, The Dharma Bums (Viking, 1958), Ray Smith's thought to himself in the mountains late in the novel",Mindfulness,rest;kindness;compassion,verified,,"Verified: The 1958 text and the 1973, 1990 and 2006 printings all read: '""Besides,"" I thought, ""rest and be kind, you don't have to prove anything.""' The bank has the words exactly, though in the book they are a passing thought rather than a maxim. Winifred Hindley quoted it as Kerouac's as early as 1968."
Q0300,Don't try to steer the river.,en,,quote,Deepak Chopra,"Deepak Chopra, The Seven Spiritual Laws of Success for Parents (Harmony, 1997), in the passage beginning 'the ultimate organizer is Nature'",Mindfulness,letting go;flow,verified,,"Verified: All three Internet Archive printings (1997, 1999, 2006) read 'that the ultimate organizer is Nature. Don't try to steer the river. When Nature is most productive...', so the sentence is Chopra's own and the bank has it exactly."
Q0301,Be the change that you wish to see in the world.,en,,quote,Arleen Lorrance,The Love Project (1974),Philosophy & Wisdom,change;action,reattributed,,"Source spells 'Ghandi'. Previously attributed to Mahatma Gandhi. Reattributed: Quote Investigator traces this wording to Arleen Lorrance; Gandhi's actual sentence was ""If we could change ourselves, the tendencies in the world would also change"" (Indian Opinion, 9 August 1913; CWMG vol. 13)."
Q0302,"In a gentle way, you can shake the world.",en,,quote,Mahatma Gandhi,,Philosophy & Wisdom,gentleness;change,unverified,,Source spells 'Ghandi'. Attribution unverified: Absent from the 100 volumes of the Collected Works of Mahatma Gandhi and from every sourced compilation; it appears only in uncited modern quote collections.
Q0303,The weak can never forgive. Forgiveness is the attribute of the strong.,en,,quote,Mahatma Gandhi,"Young India, 2 April 1931, reporting Gandhi's statement to the press at Karachi, 23 March 1931",Philosophy & Wisdom,forgiveness;strength,verified,,"Source spells 'Ghandi'. Verbatim in CWMG vol. 51, from Gandhi's Karachi press interview on the execution of Bhagat Singh, published in his English weekly, so this is the original wording. Verified: Printed Gandhi collections cite the line to Young India, matching the bank's citation: Jenny Youngman's Grad's Pocket Guide to Greatness gives 'Mohandas Gandhi, Young India', and The Book of Gandhi Wisdom (1995) carries it. The wording is stable across all occurrences."
Q0304,An eye for an eye only ends up making the whole world blind.,en,,quote,Mahatma Gandhi,,Philosophy & Wisdom,nonviolence;revenge,unverified,,"Source spells 'Ghandi'. Attribution unverified: Not found in Gandhi's writings; the Yale Book of Quotations and Gandhi scholar Dennis Dalton find no instance, and the epigram is attested independently by 1914."
Q0305,"You must not lose faith in humanity. Humanity is an ocean; if a few drops of the ocean are dirty, the ocean does not become dirty.",en,,quote,Mahatma Gandhi,"Letter to Rajkumari Amrit Kaur, 29 August 1947, in The Collected Works of Mahatma Gandhi",Philosophy & Wisdom,faith;humanity,verified,,"Source spells 'Ghandi'. Gandhi's correspondence with Amrit Kaur was in English, so this is the original wording. Verified: The bank's citation holds up: the 1947 letter to Kaur, who was Gandhi's correspondent and later India's first health minister, is the source given wherever the line is traced rather than merely repeated. The wording, including 'Humanity is an ocean', is stable in printed occurrences going back to at least 1965."
Q0306,Forgiveness is choosing to love. It is the first skill of self-giving love.,en,,quote,Mahatma Gandhi,,Love,forgiveness;love,unverified,,Source credits Mohandas Gandhi. Attribution unverified: Not in CWMG or any sourced compilation; the devotional idiom is alien to Gandhi's English and it surfaces only on quote aggregators.
Q0307,"If you have the ability to love, love yourself first.",en,,prose,Charles Bukowski,"""how to be a great writer"", in: Love Is a Dog from Hell (1977), pp. 92-93",Literature,self-love;bukowski,verified,,"Verified: Found verbatim in the book text (""and if you have the ability to love / love yourself first""); bank gives an accurate prose excerpt."
Q0308,Find what you love and let it kill you.,en,,prose,Kinky Friedman,,Literature,passion;devotion;bukowski,reattributed,,"Previously attributed to Charles Bukowski. Reattributed: Not in any Bukowski text I could search; Quote Investigator and the Bukowski Forum trace the line to Kinky Friedman, and Wikiquote does not list it among his quotes."
Q0309,What matters most is how well you walk through the fire.,en,,poem,Charles Bukowski,"""how is your heart?"", closing lines; verified in The Pleasures of the Damned: Poems 1951-1993 (2007)",Literature,resilience;adversity;bukowski,verified,,"Verified: The poem ends ""what matters most is / how well you / walk through the / fire""; the line later titled the 1999 Black Sparrow collection."
Q0310,"Sometimes you climb out of bed in the morning and you think, I'm not going to make it, but you laugh inside - remembering all the times you've felt that way.",en,,prose,Charles Bukowski,"""gamblers all"", in: The Night Torn Mad with Footsteps: New Poems (2001)",Literature,resilience;humor;bukowski,verified,,Verified: Opening lines match the book text word for word; bank only adds a dash.
Q0311,"And yet women - good women - frightened me because they eventually wanted your soul, and what was left of mine, I wanted to keep.",en,,prose,Charles Bukowski,"Women (1978), ch. 4",Literature,love;solitude;bukowski,verified,,"Verified: Verbatim in the novel text; note it is Chinaski's first-person narration, not a detached aphorism."
Q0312,"The free soul is rare, but you know it when you see it - basically because you feel good, very good, when you are near or with them.",en,,prose,Charles Bukowski,"""A Bad Trip"", in: Erections, Ejaculations, Exhibitions and General Tales of Ordinary Madness (1972); repr. Tales of Ordinary Madness (1983)",Literature,freedom;soul;bukowski,verified,,"Verified: Wikiquote lists it under Tales of Ordinary Madness and the Bukowski Forum pins it to the story ""A Bad Trip""."
Q0313,"if you're going to try, go all the / way. / otherwise, don't even start. / if you're going to try, go all the / way. / this could mean losing girlfriends, / wives, relatives, jobs and / maybe your mind. / go all the way. / it could mean not eating for 3 or / 4 days. / it could mean freezing on a / park bench. / it could mean jail, / it could mean derision, / mockery, / isolation. / isolation is the gift, / all the others are a test of your / endurance, of / how much you really want to / do it. / and you'll do it / despite rejection and the worst odds / and it will be better than / anything else / you can imagine. / if you're going to try, / go all the way. / there is no other feeling like / that. / you will be alone with the gods / and the nights will flame with / fire. / do it, do it, do it. / do it. / all the way / all the way. / you will ride life straight to / perfect laughter, it's / the only good fight / there is.",en,,prose,Charles Bukowski,"""roll the dice"", in: What Matters Most Is How Well You Walk Through the Fire (1999), p. 408",Literature,passion;perseverance;bukowski,verified,,"Wording as collected was: If you're going to try, go all the way. Otherwise, don't even start. This could mean losing girlfriends, wives, relatives and maybe even your mind. It could mean not eating for three or four days. It could mean freezing on a park bench. It could mean jail. It could mean derision. It could mean mockery - isolation. Isolation is the gift. All the others are a test of your endurance, of how much you really want to do it. And, you'll do it, despite rejection and the worst odds. And it will be better than anything else you can imagine. If you're going to try, go all the way. There is no other feeling like that. You will be alone with the gods, and the nights will flame with fire. You will ride life straight to perfect laughter. It's the only good fight there is. Wording corrected against the source: Genuine, but the bank drops ""jobs"" from the list of losses, drops the ""do it, do it, do it"" refrain and splits ""derision, mockery, isolation"" wrongly; text checked against the bukowski.net manuscript record and multiple concurring transcriptions."
Q0314,"some people never go crazy, / what truly horrible lives / they must lead.",en,,poem,Charles Bukowski,"""some people"", in: Burning in Water, Drowning in Flame: Selected Poems 1955-1973 (1974)",Literature,madness;life;bukowski,verified,,"Wording as collected was: Some people never go crazy. What truly horrible lives they must live. Wording corrected against the source: The poem reads ""lead"", not ""live""; verified in the book text, where the line also closes the poem rather than opening it."
Q0315,beware those who seek constant crowds for / they are nothing alone,en,,poem,Charles Bukowski,"""The Genius of the Crowd"" (1966), in: The Roominghouse Madrigals (1988), p. 31",Literature,solitude;independence;bukowski,verified,,"Wording as collected was: Beware of those who seek constant crowds; they are nothing alone. Wording corrected against the source: Genuine, but the poem has no ""of"" and runs on into the next line; checked against the poem text and the bukowskiforum.com works database."
Q0316,"But your eyes - they're beautiful. They're wild, crazy, like some animal peering out of a forest on fire.",en,,prose,Charles Bukowski,Women (1978),Literature,love;beauty;bukowski,verified,,"Verified: Verbatim in the novel, but it is spoken to Chinaski by a woman he has just met, not Bukowski describing someone else."
Q0317,And you invented me and I invented you and that's why we don't get along.,en,,poem,Charles Bukowski,"""beds, toilets, you and me-"", in: Love Is a Dog from Hell (1977), pp. 132-133",Literature,love;conflict;bukowski,verified,,"Verified: Closing lines of the poem, verbatim in the book text."
Q0318,some people don't like him. some people don't like anybody who is famous and some people don't like anybody who isn't.,en,,prose,Charles Bukowski,"Factotum (1975), ch. 50",Literature,society;bukowski,verified,,"Wording as collected was: Some people don't like anybody who is famous. Some people don't like anybody who isn't. Wording corrected against the source: Genuine dialogue in the novel, but the two clauses are joined by ""and"" and follow ""some people don't like him""; the bank turns one sentence into two."
Q0319,Can you remember who you were before the world told you who you should be?,en,,prose,Danielle LaPorte,"Danielle LaPorte, The Fire Starter Sessions (2012)",Literature,authenticity;self;bukowski,reattributed,,Previously attributed to Charles Bukowski. Reattributed: Not found anywhere in Bukowski; LaPorte's book is the documented source and libquotes/Goodreads attribute it to her.
Q0320,"People with no morals often considered themselves more free, but mostly they lacked the ability to feel or to love.",en,,prose,Charles Bukowski,Women (1978),Literature,morality;love;bukowski,verified,,"Wording as collected was: People with no morals often considered themselves more free, but mostly they lacked the ability to feel or love. Wording corrected against the source: The novel reads ""to feel or to love""; the bank drops the second ""to"" (Wikiquote's ""feel hate or love"" is also wrong against the book text)."
Q0321,"If somethings burns your soul with purpose and desire, it's your duty to be reduced to ashes by it. Any other form of existence will be yet another dull book in the library of life.",en,,prose,Andrea Balt,,Literature,passion;purpose;bukowski,reattributed,,Previously attributed to Charles Bukowski. Reattributed: Andrea Balt has publicly claimed this as her own writing; it appears in no Bukowski volume and is absent from his poetry and prose.
Q0322,"I knew I was strong, and maybe like they said, Crazy. But I had this feeling inside of me that something real was there.",en,,prose,Charles Bukowski,"Ham on Rye (1982), ch. 22",Literature,strength;authenticity;bukowski,verified,,"Verified: Verbatim in the novel; only difference is that the original has lower-case ""crazy"" in quotation marks."
Q0323,"The crowd is the gathering place of the weakest, true creation is a solitary act.",en,,prose,Charles Bukowski,"Interview reply, collected in: Sunlight Here I Am: Interviews and Encounters, 1963-1993 (2003)",Literature,solitude;creation;bukowski,verified,,Verified: Genuine answer about poetry readings; the original uses a semicolon where the bank uses a comma.
Q0324,"Some people like what you do, some people hate what you do, but most people simply don't give a damn.",en,,prose,Charles Bukowski,,Literature,indifference;society;bukowski,unverified,,"Attribution unverified: Very widely circulated but no primary source in his books, letters or interviews could be located; it may well be a later aphorism pinned to his name."
Q0325,Goodness could be found sometimes in the middle of hell.,en,,prose,Charles Bukowski,"Women (1978), ch. 23",Literature,goodness;hope;bukowski,verified,,Wording as collected was: Goodness can be found. Sometimes in the middle of hell. Wording corrected against the source: The novel has one sentence in the past tense; the bank splits it in two and shifts to the present tense.
Q0326,"Simplicity is always the secret, to a profound truth, to doing things, to writing, to painting. Life is profound in its simplicity.",en,,poem,Charles Bukowski,,Literature,simplicity;art;bukowski,unverified,,"Attribution unverified: Attributed to him all over quote sites but absent from the searchable corpus and from Wikiquote; no letter, poem or interview could be identified."
Q0327,Don't fight your demons. Your demons are here to teach you lessons. Sit down with your demons and have a drink and a chat and learn their names and talk about the birds on their fingers and scratches on their ankles. Some of them are very nice.,en,,prose,Charles Bukowski,,Literature,demons;acceptance;bukowski,unverified,,"Attribution unverified: Absent from his books and interviews; the Bukowski Forum treats this ""sit down with your demons"" text as an internet invention in his voice."
Q0328,"Understand me. I'm not like an ordinary world. I have my madness, I live in another dimension. And I have no time for things that have no soul.",en,,prose,Charles Bukowski,,Literature,madness;soul;authenticity;bukowski,unverified,,"Source spells 'Undestand'. Attribution unverified: No source in his work; this passage circulates only on quote sites and social media and reads as a translation-style pastiche. Also collected as: I have no time for things that have no soul. A fragment of a longer passage already held, from the same note and with the same unverified standing."
Q0329,"Unless it comes out of your soul like a rocket, unless being still would drive you to madness or suicide or murder, don't do it. Unless the sun inside you is burning your gut, don't do it. When it is truly time, and if you have been chosen, it will do it by itself and it will keep on doing it until you die or it dies in you. There is no other way. And there never was.",en,,poem,Charles Bukowski,"""so you want to be a writer?"", in: Sifting Through the Madness for the Word, the Line, the Way: New Poems (2003), p. 3",Literature,writing;passion;bukowski,verified,,Verified: Every phrase matches the poem's text; the bank prints an elided excerpt of the closing sections.
Q0330,I am / a series of / small victories / and large defeats / and I am as / amazed / as any other / that / I have gotten / from there to / here,en,,poem,Charles Bukowski,"""grip the dark"", in: The People Look Like Flowers at Last: New Poems (2007), p. 49",Literature,resilience;life;bukowski,verified,,"Wording as collected was: I am a series of small victories and large defeats and I am as amazed as any other that I have gotten from here to there. Wording corrected against the source: Genuine, but the poem reads ""from there to here""; the bank reverses it, and the sentence continues ""without committing murder""."
Q0331,"then something else in me said, no, save the tiniest / bit. / it needn't be much, just a spark. / a spark can set a whole forest on / fire. / just a spark. / save it.",en,,poem,Charles Bukowski,"""spark"", in: The Last Night of the Earth Poems (1992), pp. 158-159",Literature,perseverance;hope;resilience;fire;potential;bukowski,verified,,"Wording as collected was: I was laying in bed one night and I thought: I'll just quit - to hell with it. And another little voice inside me said: Don't quit - save that tiny little ember of spark. And never give them that spark because as long as you have that spark, you can start the greatest fire again. Wording corrected against the source: The substance is genuinely his, from the poem ""spark"", but the prose version circulating online (""laying in bed one night"", ""start the greatest fire again"") matches no located source. Wording as collected was: Save that tiny little ember of spark. And never give them that spark, because as long as you have that spark, you can start the greatest fire again. Wording corrected against the source: Same case: the sentiment and imagery are demonstrably his, but the ""tiny little ember of spark"" prose version has no locatable source. Also collected as: It needn't be much, just a spark. A spark can set a whole forest on fire. Just a spark. Save it. A prose flattening of the closing lines of the spark poem, already held in verse under the same citation."
Q0332,"This is very important - To take leisure time. Pace is the essence. Without stopping entirely and doing nothing at all for great periods, you're gonna lose everything ... Just to do nothing at all.",en,,prose,Charles Bukowski,"Interview by Sean Penn, ""Tough Guys Write Poetry"", Interview magazine (September 1987); collected in Sunlight Here I Am (2003)",Literature,rest;pace;bukowski,verified,,"Verified: Matches the interview transcript exactly, including the elision the bank marks with an ellipsis."
Q0333,Invent yourself and then reinvent yourself.,en,,poem,Charles Bukowski,"""no leaders, please""; verified in The Pleasures of the Damned: Poems 1951-1993 (2007)",Literature,reinvention;self;bukowski,verified,,"Verified: The poem opens ""invent yourself and then reinvent yourself""; confirmed in the book text."
Q0334,"Some lose all mind and become soul, insane. Some lose all soul and become mind, intellectual. Some lose both and become accepted.",en,,prose,Charles Bukowski,"""lifedance"", in: What Matters Most Is How Well You Walk Through the Fire (1999), p. 90",Literature,conformity;soul;bukowski,verified,,Verified: Placement confirmed by the bukowskiforum.com works database; the bank substitutes commas for the original colons and omits the opening line about the brain and the soul.
Q0335,"There may not be a hell, but those who judge may create one. I think people are over-taught. They are over-taught everything. You have to find out by what happens to you, how you will react. I'll have to use a strange term here ... ""good."" I don't know where it comes from, but I feel that there's an ultimate strain of goodness born in each of us. I don't believe in God, but I believe in this ""goodness"" like a tube running through our bodies. It can be nurtured. It's always magic, when on a freeway packed with traffic, a stranger makes room for you to change lanes ... it gives you hope.",en,,prose,Charles Bukowski,"Interview by Sean Penn, ""Tough Guys Write Poetry"", Interview magazine (September 1987)",Literature,goodness;hope;bukowski,verified,,"Wording as collected was: There may not be a hell, but those who judge may create one. I think people are over-taught. They are over-taught everything. You have to find out by what happens to you, how you will react. I don't know where the term Good comes from, but I feel that there's an ultimate strain of Goodness born in each of us. I don't believe in god, but I believe in Goodness like a tube running through our bodies. It can be nurtured. It's always magic, when on a freeway packed with traffic, a stranger makes room for you to change lanes ... it gives you hope. Wording corrected against the source: Genuine, but the bank condenses his hesitation over the word ""good"" into ""I don't know where the term Good comes from""; corrected against the interview transcript."
Q0336,"You know the typical crowd, ""Wow, it's Friday night, what are you going to do? Just sit there?"" Well, yeah. Because there's nothing out there. It's stupidity. Stupid people mingling with stupid people. Let them stupidify themselves. I've never been bothered with the need to rush out into the night. I hid in bars, because I didn't want to hide in factories. That's all. Sorry for all the millions, but I've never been lonely. I like myself. I'm the best form of entertainment I have.",en,,prose,Charles Bukowski,"Interview by Sean Penn, ""Tough Guys Write Poetry"", Interview magazine (September 1987)",Literature,solitude;independence;bukowski,verified,,"Wording as collected was: You know the typical crowd, wow, it's Friday night, what are you going to do? Just sit there? Well, yeah. Because there's nothing out there. It's stupidity. Stupid people mingling with stupid people. Let them stupidity themselves. I've never been bothered with the need to rush out into the night. That's all. Sorry for all the millions, but I've never been lonely. I like myself. I'm the best form of entertainment I have. Wording corrected against the source: Genuine, but the bank has ""stupidity themselves"" for his coinage ""stupidify themselves"" and drops the line about hiding in bars rather than factories."
Q0337,"When you're a child you learn there are three dimensions: height, width and depth. Like a shoebox. Then later you hear there's a fourth dimension: time. Hmm. Then some say there can be five, six, seven... I knock off work, have a beer at the bar. I look down at the glass and feel glad.",en,,poem,Ron Padgett,"Ron Padgett, 'Another One', one of four poems written for Jim Jarmusch's film Paterson (2016)",Literature,everyday;wonder;poetry,verified,,"Verified: poem 'Another One' written by Ron Padgett for Jim Jarmusch's film Paterson (2016). Verified: The poem is Padgett's own text that the film quotes, not a screenwriter's line, so the attribution stands. It is set as free verse: 'When you're a child / you learn / there are three dimensions: / height, width and depth. / Like a shoebox.' and so on. The bank runs it as prose, which is a formatting difference rather than a misquotation."
Q0338,But the first lesson reading teaches is how to be alone.,en,,prose,Jonathan Franzen,"Jonathan Franzen, 'The Reader in Exile', The New Yorker, 6 March 1995; collected in How to Be Alone (Farrar, Straus and Giroux, 2002). It is the essay's last sentence",Literature,reading;solitude,verified,,"Verified: Checked against the New Yorker text, where it closes the piece on Sven Birkerts and Nicholas Negroponte. The American Heritage Essential Student Thesaurus (2010) quotes it under 'lonely' with Franzen's name."
Q0339,"Elective ignorance was a great survival skill, perhaps the greatest.",en,,prose,Jonathan Franzen,"Jonathan Franzen, The Corrections (Farrar, Straus and Giroux, 2001), in the passage on everything one refuses 'to relish or discover'",Literature,ignorance;survival,verified,,"Verified: Five Internet Archive printings of the novel give the sentence verbatim, preceded by 'he just might die of boredom'. Richard Cox's The God Particle (2005) quotes it as a line from a recent American novel."
Q0340,"Fiction is a solution, the best solution, to the problem of existential solitude.",en,,prose,Jonathan Franzen,"Jonathan Franzen, 'Farther Away', The New Yorker, 18 April 2011; collected in Farther Away: Essays (Farrar, Straus and Giroux, 2012) and in The Best American Essays 2012",Literature,fiction;solitude,verified,,"Verified: The essay on David Foster Wallace and Robinson Crusoe; the book text reads 'fiction is a solution, the best solution, to the problem of existential solitude. Fiction was his way off the island', so the bank has the clause exactly."
Q0341,"How wrong to have been so negative, how wrong to have been so gloomy, how wrong to have run away from life, how wrong to have said no, again and again, instead of yes.",en,,prose,Jonathan Franzen,"Jonathan Franzen, The Corrections (Farrar, Straus and Giroux, 2001), the regret passage running 'so much time at work and so little with the children'",Literature,regret;life,verified,,"Verified: Six Internet Archive printings carry the sentence word for word as the bank has it, and Judith Viorst quotes the passage in Grown-Up Marriage (2003)."
Q0342,"All those moments will be lost in time, like tears in rain.",en,,quote,Roy Batty,"Blade Runner (1982), directed by Ridley Scott, the replicant Roy Batty's dying speech on the rooftop; screenplay by Hampton Fancher and David Peoples",Film & Television,mortality;memory,reattributed,,"Spoken by the character Roy Batty; line partly improvised by Rutger Hauer. Reattributed: The words belong to the character, not to the actor speaking in his own voice. Rutger Hauer played Batty and cut the speech down himself on the night, which he describes in his memoir All Those Moments (2007); the film's wording matches the bank's exactly."
Q0343,"No sympathy for the devil; keep that in mind. Buy the ticket, take the ride... and if it occasionally gets a little heavier than what you had in mind, well... maybe chalk it up to forced consciousness expansion: Tune in, freak out, get beaten.",en,,prose,Hunter S. Thompson,"Hunter S. Thompson, Fear and Loathing in Las Vegas (Random House, 1971), in the passage beginning 'The possibility of physical and mental collapse is now very real'",Literature,experience;risk,verified,,"Verified: The 1971 and 1982 printings both carry the passage verbatim, ellipsis and all, down to the closing 'Tune in, freak out, get beaten'."
Q0344,"We are what we pretend to be, so we must be careful about what we pretend to be.",en,,prose,Kurt Vonnegut,"Kurt Vonnegut, Mother Night, the author's Introduction added to the 1966 edition",Literature,identity;authenticity,verified,,"Verified: Vonnegut offers it there as the moral of the book. The critical literature (The Critical Response to Kurt Vonnegut, 1994; New Critical Essays on Kurt Vonnegut, 2009) quotes it in exactly this form, occasionally without 'about'."
Q0345,"I hope to stay light on my feet, to work in many modes, to seek inspiration always, and avoid the fatal. But, as we all know, it is the price of life to burn out, both metaphorically and literally.",en,,prose,T.C. Boyle,"T. C. Boyle, interview with The Talks (the-talks.com), answering the question 'Do you think you'll ever burn out?'",Literature,creativity;life,verified,,"Verified: The published answer runs 'Burn out? A terrifying term to a committed artist. I hope to stay light on my feet, to work in many modes, to seek inspiration always, and avoid the fatal. But, as we all know, it is the price of life to burn out, both metaphorically and literally.' The bank has the last two sentences word for word."
Q0346,"What is your identity, and how do you know who you are if you don't have language?",en,,prose,T.C. Boyle,,Literature,identity;language,unverified,,"Attribution unverified: No printed occurrence in the Internet Archive corpus, and on the web the sentence appears only on quote-scraping sites. Boyle makes the same point in his own words about Talk Talk - 'probing the question of what our identity is and how we know ourselves through language' in the readers' guide on tcboyle.com, and 'the question of identity and the language by which we define ourselves' in his 2006 Web del Sol interview - but this exact sentence could not be located in any interview or book."
Q0347,"The only obsession everyone wants: love. People think that in falling in love they make themselves whole? The Platonic union of souls? I think otherwise. I think you're whole before you begin. And the love fractures you. You're whole, and then you're cracked open.",en,,prose,Philip Roth,"Philip Roth, The Dying Animal (Houghton Mifflin, 2001), George O'Hearn's tirade against falling in love, addressed to David Kepesh",Literature,love;self,verified,,"Verified: The novel reads 'you're whole before you begin. And the love fractures you. You're whole, and then you're cracked open'. Mark Shechner's Up Society's Ass, Copper (2003) quotes the same passage and names George O'Hearn as the speaker."
Q0348,There's no remaking reality... Just take it as it comes. Hold your ground and take it as it comes. There's no other way.,en,,prose,Philip Roth,"Philip Roth, Everyman (Houghton Mifflin, 2006), the protagonist saying it back to his daughter Nancy",Literature,reality;acceptance,verified,,"Verified: The text reads 'But there's no remaking reality,' he said softly, rubbing her back, followed by 'Just take it as it comes. Hold your ground and take it as it comes. There's no other way.' The bank's ellipsis stitches together the two halves of one speech, and the words are exact. The maxim first appears in the book in Nancy's mouth at the graveside."
Q0349,You be greater than your feelings. I don't demand this of you - life does. Otherwise you'll be washed away by feelings. You'll be washed out to sea and never seen again.,en,,prose,Philip Roth,"Philip Roth, Indignation (Houghton Mifflin, 2008), Marcus Messner's mother, in the speech beginning 'your father is as bad as the rest of them'",Literature,emotion;strength,verified,,Verified: Three Internet Archive printings carry the passage verbatim: 'Don't you be. You be greater than your feelings. I don't demand this of you - life does. Otherwise you'll be washed away by feelings. You'll be washed out to sea and never seen again.'
Q0350,"The danger with hatred is, once you start in on it, you get a hundred times more than you bargained for. Once you start, you can't stop.",en,,prose,Philip Roth,"Philip Roth, The Human Stain (Houghton Mifflin, 2000)",Literature,hatred,verified,,"Verified: Four Internet Archive copies, including the 2011 American Trilogy omnibus, read 'He goes out of his way to make it easy for you. But the danger with hatred is, once you start in on it, you get a hundred times more than you bargained for. Once you start, you can't stop.' The bank has the two sentences exactly."
Q0351,Pain is like a baby crying. What it wants it can't name.,en,,prose,Philip Roth,"Philip Roth, The Anatomy Lesson (Farrar, Straus and Giroux, 1983), the passage on dolorologists",Literature,pain,verified,,"Verified: The 1983 and 1984 printings both read 'clinical intuition. Pain is like a baby crying. What it wants it can't name. The dolorologist unearths what that...', so the bank has the sentences verbatim."
Q0352,"There is truth and then again there is truth. For all that the world is full of people who go around believing they've got you or your neighbour figured out, there really is no bottom to what is not known. The truth about us is endless. As are the lies.",en,,prose,Philip Roth,"Philip Roth, The Human Stain (Houghton Mifflin, 2000), Nathan Zuckerman's narration",Literature,truth,verified,,"Verified: Quoted verbatim and credited to The Human Stain in Jewish Choices, Jewish Voices (2009); Christopher Peterson's Bestial Traces (2013) identifies the voice as Nathan's. The bank's text, ending 'The truth about us is endless. As are the lies,' matches."
Q0353,"You have a conscience, and a conscience is a valuable attribute, but not if it begins to make you think you were to blame for what is far beyond the scope of your responsibility.",en,,prose,Philip Roth,"Philip Roth, Nemesis (Houghton Mifflin, 2010), Dr Steinberg to Bucky Cantor",Literature,conscience;guilt,verified,,"Verified: The Chambers Dictionary of Great Quotations carries the sentence in exactly the bank's wording, 'to make you think you were to blame for what is far beyond the scope of your responsibility', which the novel's text confirms; Bucky's unspoken reply, 'Doesn't God have a conscience?', follows."
Q0354,"You tasted it. Isn't that enough? Of what do you ever get more than a taste? That's all we're given in life, that's all we're given of life. A taste. There is no more.",en,,prose,Philip Roth,"Philip Roth, The Dying Animal (Houghton Mifflin, 2001), George O'Hearn on his deathbed",Literature,life;desire,verified,,"Verified: The novel reads 'A taste. There is no more,' with the narrator adding 'George was right, of course' afterwards. The bank's four sentences are verbatim."
Q0355,"How easy life is when it's easy, and how hard when it's hard.",en,,prose,Philip Roth,"Philip Roth, The Professor of Desire (Farrar, Straus and Giroux, 1977), David Kepesh's narration, just before Claire is introduced",Literature,life,verified,,"Verified: Three Internet Archive printings read 'My, how easy life is when it's easy, and how hard when it's hard!' The bank drops the opening interjection and the exclamation mark; the sentence itself is word for word."
Q0356,Actually we did not have the feelings we said we had until we spoke them - at least I didn't; to phrase them was to invent them and own them.,en,,prose,Philip Roth,"Philip Roth, Goodbye, Columbus (1959)",Literature,emotion;language,verified,,"Verified: Confirmed verbatim in the full text of Goodbye, Columbus."
Q0357,"Life should not be a journey to the grave with the intention of arriving safely in a pretty and well preserved body, but rather to skid in broadside in a cloud of smoke, thoroughly used up, totally worn out, and loudly proclaiming Wow! What a Ride!",en,,prose,Hunter S. Thompson,The Proud Highway,Literature,life;adventure,unverified,,"Attribution unverified: Quote Investigator finds this is NOT Thompson's: it is anonymous, first appearing on Usenet in October 1998, and is absent from The Proud Highway and Gonzo (the very books it is credited to). Sometimes credited to motorcycle racer Bill McKenna (Cycle, 1982) but uncertain."
Q0358,"We are all alone, born alone, die alone, and - in spite of true romance magazines - we shall all someday look back on our lives and see that, in spite of our company, we were alone the whole way. I do not say lonely - at least, not all the time - but essentially, and finally, alone. This is what makes your self-respect so important, and I don't see how you can respect yourself if you must look in the hearts and minds of others for your happiness.",en,,prose,Hunter S. Thompson,"Hunter S. Thompson, The Proud Highway (letter to Hume Logan, 22 April 1958)",Literature,solitude;self-respect,verified,,"Verified: Genuinely from Thompson's celebrated 1958 letter of advice to Hume Logan, collected in The Proud Highway (original reads 'True Romance magazines', a magazine title)."
Q0359,"A man who procrastinates in his choosing, will inevitably have his choice made for him by circumstance.",en,,prose,Hunter S. Thompson,"Hunter S. Thompson, The Proud Highway (letter to Hume Logan, 22 April 1958)",Literature,choice;procrastination,verified,,Verified: From the same 1958 Hume Logan letter in The Proud Highway.
Q0360,Life has improved immeasurably since I have been forced to stop taking it seriously.,en,,prose,Hunter S. Thompson,"The Proud Highway: Saga of a Desperate Southern Gentleman 1955-1967 (1997), letter to Eleanor McGarr, 28 August 1962",Literature,humor;life,verified,,"Wording as collected was: Life has become immeasurably better since I have been forced to stop taking it seriously. Wording corrected against the source: Internet Archive full-text search finds the bank's wording only in later quote books; Thompson's own letter, printed in The Proud Highway and in The Fear and Loathing Letters vol. 1 (both 1997, p. 726 of the scan), reads 'Life has improved immeasurably', not 'Life has become immeasurably better'."
Q0361,"Let us toast to animal pleasures, to escapism, to rain on the roof and instant coffee, to unemployment insurance and library cards, to absinthe and good-hearted landlords, to music and warm bodies and contraceptives... and to the good life, whatever it is and wherever it happens to be.",en,,prose,Hunter S. Thompson,"Hunter S. Thompson, The Proud Highway (1997), p. 101",Literature,pleasure;life,verified,,Verified: From one of Thompson's letters in The Proud Highway; located at p. 101.
Q0362,"If you're going to be crazy, you have to get paid for it or else you're going to be locked up.",en,,prose,Hunter S. Thompson,"Interview collected in Ancient Gonzo Wisdom: Interviews with Hunter S. Thompson, ed. Anita Thompson (2009), p. 438",Literature,madness;humor,verified,,"Verified: Found verbatim in Thompson's own collected interviews via Internet Archive full-text search; the page carries a 'Playboy, May 2005' source line. Wording matches the bank exactly."
Q0363,"Some may never live, but the crazy never die.",en,,prose,Hunter S. Thompson,,Literature,madness;life,unverified,,"Attribution unverified: Attributed to Thompson only on quote aggregators, with no primary source located; it may derive from the 1980 film Where the Buffalo Roam rather than Thompson's writing."
Q0364,"All my life, my heart has sought a thing I cannot name.",en,,poem,Hunter S. Thompson,"Hunter S. Thompson, Hell's Angels (1966) - epigraph",Literature,longing,verified,,"Source notes 'Remembered line from a long-forgotten poem'. Verified: The line does appear in Hell's Angels as Thompson used it, but he labelled it 'Remembered line from a long-forgotten...' source, so the words may not be original to him."
Q0365,Freedom is something that dies unless it's used.,en,,prose,Hunter S. Thompson,"Hunter S. Thompson (interview, collected in Ancient Gonzo Wisdom)",Literature,freedom,verified,,Verified: A documented Thompson remark from his interviews (Ancient Gonzo Wisdom: Interviews with Hunter S. Thompson).
Q0366,"The really important kind of freedom involves attention, and awareness, and discipline, and effort, and being able truly to care about other people and to sacrifice for them, over and over, in myriad petty little unsexy ways, every day.",en,,prose,David Foster Wallace,"David Foster Wallace, This Is Water (2005 Kenyon address; pub. 2009)",Literature,freedom;attention,verified,,"From David Foster Wallace's 'This Is Water' (2005 Kenyon commencement); the source file misattributed it to Jonathan Franzen. Wording as collected was: The really important kind of freedom involves attention and awareness and discipline, and being able truly to care about other people and to sacrifice for them, over and over, in myriad petty little unsexy ways, every day. Wording corrected against the source: Genuine DFW, but the bank drops 'and effort' from the list ('attention, and awareness, and discipline, and effort'). Restored against the text of This Is Water."
Q0367,The love that anyone can have for you is always conditional.,en,,prose,Jonathan Franzen,,Literature,love,unverified,,"Attribution unverified: Attributed to Jonathan Franzen only on quote aggregators (Bookey, Goodreads) with no source citation; not located in the book corpus. Plausibly his but unconfirmed."
Q0368,"Ultimately, the only way to be happy is to care deeply about the things that should be cared about and not caring, not at all, about the things that shouldn't be cared about.",en,,prose,Jonathan Franzen,,Literature,happiness;value,unverified,,"Attribution unverified: Attributed to Franzen only on aggregators, with no primary source and no match in the book corpus."
Q0369,Sometimes loving someone means letting them be free to be the villains they are trying to become.,en,,prose,Jonathan Franzen,,Literature,love;freedom,unverified,,"Attribution unverified: Attributed to Franzen only on aggregators (Bookey), with no identifiable source work; not found in the book corpus."
Q0370,"The feeling of being hurried is not usually the result of living a life that is full and important; it is, on the contrary, born of a vague and oppressive sense of resentment that something vital is missing.",en,,prose,Eric Hoffer,"Eric Hoffer, Reflections on the Human Condition (1973), p. 124",Literature,hurry;meaning,reattributed,,"Previously attributed to Jonathan Franzen. Reattributed: Not Franzen: this is Eric Hoffer's aphorism. Hoffer's wording ends 'it is, on the contrary, born of a vague fear that we are wasting our life'; the bank's ending ('...resentment that something vital is missing') is a loose paraphrase. Author corrected to Hoffer."
Q0371,"There is, after all, a kind of happiness in unhappiness, if it's the right unhappiness.",en,,prose,Jonathan Franzen,"Jonathan Franzen, Freedom (2010)",Literature,happiness;unhappiness,verified,,Verified: Confirmed verbatim in the full text of Franzen's novel Freedom.
Q0372,"Go for broke. Always try and do too much. Dispense with safety nets. Take a deep breath before you begin talking. Aim for the stars. Keep grinning. Be bloody-minded. Argue with the world. And never forget that writing is as close as we get to keeping a hold on the thousand and one things - childhood, certainties, cities, doubts, dreams, instants, phrases, parents, loves - that go on slipping, like sand, through our fingers.",en,,prose,Salman Rushdie,"Salman Rushdie, 'Imaginary Homelands' (1982), in Imaginary Homelands (1991)",Literature,writing;memory,verified,,Verified: Confirmed as Rushdie's from the title essay of Imaginary Homelands; quoted verbatim in writing guides.
Q0373,What's real and what's true aren't necessarily the same.,en,,prose,Salman Rushdie,"Salman Rushdie, Midnight's Children (1981)",Literature,truth;reality,verified,,"Verified: Confirmed as a line from Midnight's Children (Rushdie 1981), cited verbatim in scholarly studies of the novel."
Q0374,"Your task is not to seek for love, but merely to seek and find all the barriers within yourself that you have built against it.",en,,quote,Helen Schucman,"A Course in Miracles (1976), Text ch. 16.IV.6",Love,love;barriers,reattributed,,"Previously attributed to Rumi. Reattributed: The line is verbatim from A Course in Miracles and has no counterpart in Rumi's Persian, as Quote Investigator has documented."
Q0375,Stop acting so small. You are the universe in ecstatic motion.,en,,quote,Rumi,,Love,self-worth;wonder;love,unverified,,"Attribution unverified: Universally credited to The Essential Rumi but absent from the full text of that book, and no Persian counterpart could be found."
Q0376,"Yesterday I was clever, so I wanted to change the world. Today I am wise, so I am changing myself.",en,,quote,Rumi,,Personal Growth,wisdom;change,unverified,,"Attribution unverified: A modern self-help antithesis with no counterpart in the Masnavi, Divan or quatrains; not present in Barks either."
Q0377,Don't grieve. Anything you lose comes round in another form.,en,,quote,Rumi,Divan-e Shams ghazal 1937 (Foruzanfar),Love,loss;renewal;love,paraphrase,,"Renders the source loosely: Coleman Barks' version ""Unmarked Boxes"" in The Essential Rumi, whose own reference list gives ghazal 1937; Persian wording not confirmed so left blank."
Q0378,"The minute I heard my first love story, I started looking for you, not knowing how blind that was. Lovers don't finally meet somewhere. They're in each other all along.",en,,quote,Rumi,Rumi quatrain no. 1246 (pseudo-Foruzanfar),Love,love,paraphrase,,"Renders the source loosely: Barks' version in The Essential Rumi ch. 8, sourced in his own reference list to quatrain 1246; Persian wording not confirmed so left blank."
Q0379,"Don't be satisfied with stories, how things have gone with others. Unfold your own myth.",en,,quote,Rumi,Divan-e Shams ghazal 598 (Foruzanfar),Personal Growth,authenticity;myth,paraphrase,,"Renders the source loosely: Barks' version ""Unfold Your Own Myth"" in The Essential Rumi ch. 4, sourced in his reference list to ghazal 598; Persian wording not confirmed."
Q0380,"Dance, when you're broken open. Dance, if you've torn the bandage off. Dance in the middle of the fighting. Dance in your blood. Dance when you're perfectly free.",en,,quote,Rumi,Masnavi book III lines 95-97,Love,freedom;joy;love,paraphrase,,"Renders the source loosely: Barks' quatrain-section version in The Essential Rumi p. 281, which his own notes cite to Masnavi III 95-97; I could not confirm the Persian wording."
Q0381,"If you are irritated by every rub, how will your mirror be polished?",en,,poem,Rumi,Masnavi book I line 2980,Personal Growth,patience;growth,verified,,"Verified: Wikiquote sources this to Masnavi I 2980 (tr. Helminski, Daylight, 1990), and Nicholson renders the same verse almost identically; Persian not obtained."
Q0382,"You were born with wings, why prefer to crawl through life?",en,,quote,Rumi,,Personal Growth,potential;freedom,unverified,,"Attribution unverified: Wikiquote can trace it no further than Larry Chang's 2006 anthology, and no Persian counterpart could be located."
Q0383,Forget safety. Live where you fear to live. Destroy your reputation. Be notorious.,en,,quote,Rumi,Masnavi book II lines 2329-2332,Personal Growth,courage;freedom,paraphrase,,"Renders the source loosely: Barks' version ""Feeling the Shoulder of the Lion"", reproduced with this Masnavi citation in multiple independent sources; Persian wording not confirmed."
Q0384,Everything in the universe is within you. Ask all from yourself.,en,,quote,Majd al-Din Baghdadi,Quatrain printed as Rumi Rubaiyat no. 1759; ascribed to Majd al-Din Baghdadi in Nuzhat al-Majalis,Personal Growth,self-reliance,reattributed,tg-138,"Previously attributed to Rumi. Reattributed: Ganjoor flags this quatrain as attributed to several poets, the earliest anthology naming Majd al-Din Baghdadi, with Baba Afzal Kashani also proposed."
Q0385,Set your life on fire. Seek those who fan your flames.,en,,quote,Rumi,,Personal Growth,passion,unverified,,"Attribution unverified: Modern motivational English with no counterpart in the Masnavi, Divan or quatrains and no presence in Barks' published versions."
Q0386,A thousand half-loves must be forsaken to take one whole heart home.,en,,poem,Rumi,,Love,love;commitment,unverified,,"Attribution unverified: Quote aggregators cite only Raficq Abdulla's loose interpretations in Words of Paradise with no poem or page, and no Persian counterpart was found."
Q0387,You have to keep breaking your heart until it opens.,en,,quote,Rumi,,Love,love;growth,unverified,,"Attribution unverified: Circulates as a Barks line but is absent from the full text of The Essential Rumi, and no Persian counterpart could be located."
Q0388,I was fighting a small fight of my own which wasn't leading anywhere - but like a man with a bent spoon trying to dig through a cement wall I knew that a small fight was better than quitting. It kept the heart alive.,en,,prose,Charles Bukowski,Septuagenarian Stew: Stories and Poems (1990),Literature,perseverance;bukowski,verified,,"Verified: Verbatim in the book text; the original has a colon before ""it kept the heart alive""."
Q0389,Nobody can save you but yourself and you're worth saving. It's a war not easily won but if anything is worth winning then this is it.,en,,poem,Charles Bukowski,"""nobody but you"", in: Sifting Through the Madness for the Word, the Line, the Way: New Poems (2003), p. 393",Literature,self-reliance;worth;bukowski,verified,,Verified: Both sentences appear verbatim in the poem's closing movement.
Q0390,"My dear, find what you love and let it kill you. Let it drain you of your all. Let it cling onto your back and weigh you down into eventual nothingness. Let it kill you and let it devour your remains. For all things will kill you, both slowly and fastly, but it's much better to be killed by a lover.",en,,poem,,,Motivation & Success,passion;love;purpose,unverified,,"Popularly misattributed to Bukowski (no verified source); the core line 'find what you love and let it kill you' is credited to Kinky Friedman (1986). This extended version is apocryphal. Attribution unverified: Widely misattributed to Charles Bukowski, but Quote Investigator finds no such poem or story; a 'find what you LIKE' variant belongs to Kinky Friedman. The longer 'My dear...' passage is of unknown origin. The bank's 'Unknown' is correct."
Q0391,"And when love came to us twice and lied to us twice we decided to never love again, that was fair; fair to us and fair to love itself. We ask for no mercy or no miracles; we are strong enough to live and to die and to kill flies, attend the boxing matches, go to the racetrack, live on luck and skill, get alone, get alone often, and if you can't sleep alone be careful of the words you speak in your sleep; and ask for no mercy no miracles; and don't forget: time is meant to be wasted, love fails and death is useless.",en,,poem,Charles Bukowski,"""time is made to be wasted"" (c. 1978), in: Dangling in the Tournefortia (1981), p. 89",Literature,love;death;bukowski,verified,,Verified: Poem identified via the bukowski.net poem database; the bank prints the verse flattened into prose but the wording is accurate.
Q0392,Art takes discipline. Any asshole can chase a skirt.,en,,prose,Charles Bukowski,Women (1978),Literature,art;discipline;bukowski,verified,,"Wording as collected was: Any asshole can chase a skirt, art takes discipline. Wording corrected against the source: Genuine, but the novel puts the two sentences the other way round, as two full sentences rather than a comma splice."
Q0393,To create art means to be crazy alone forever.,en,,prose,Charles Bukowski,,Literature,art;solitude;bukowski,unverified,,"Attribution unverified: Circulates only on quote sites; not present in the searchable corpus of his poetry and prose and not in Wikiquote, but I could not identify another author either."
Q0394,Style is the answer to everything. A fresh way to approach a dull or dangerous thing. To do a dull thing with style is preferable to doing a dangerous thing without it. To do a dangerous thing with style is what I call art.,en,,prose,Charles Bukowski,"""style"", in: Mockingbird Wish Me Luck (1972), p. 155",Literature,style;art;bukowski,verified,,"Verified: Confirmed in the book, though the printed 1972 text stops at ""without it""; the fourth sentence belongs to the longer version Bukowski recited, familiar from Tales of Ordinary Madness (1981)."
Q0395,"And don't forget: time is meant to be wasted, love fails and death is useless.",en,,poem,Charles Bukowski,"""time is made to be wasted"" (c. 1978), in: Dangling in the Tournefortia (1981), p. 89",Literature,time;love;bukowski,verified,,"Verified: The closing line of the same poem, quoted accurately."
Q0396,"I am not a snob; it is simply that I am not interested with what most people have to say, or what they want to do - mostly with my time.",en,,prose,Charles Bukowski,Notes of a Dirty Old Man (1969),Literature,solitude;time;bukowski,verified,,"Verified: Found verbatim in the book, including the unidiomatic ""not interested with what most people have to say""; the bank's wording is his, not an error."
Q0397,Those faces you see every day on the streets were not created entirely without hope: be kind to them: like you they have not escaped.,en,,poem,Charles Bukowski,"""a plausible finish"", in: The People Look Like Flowers at Last: New Poems (2007), p. 201",Literature,kindness;empathy;bukowski;compassion,verified,,"Verified: Closing lines of the poem, verbatim; the bank prints the verse as prose."
Q0398,"Love is kind of like when you see a fog in the morning, when you wake up before the sun comes out. It's just a little while, and then it burns away... Love is a fog that burns with the first daylight of reality.",en,,prose,Charles Bukowski,"Filmed interview reply to the question ""What is your definition of love?""",Literature,love;reality;bukowski,verified,,"Verified: The spoken answer ends ""Love is a fog that burns with the first daylight of reality""; the bank matches the standard transcription, though the original said ""it's just there a little while""."
Q0399,Are you becoming what you've always hated?,en,,poem,Charles Bukowski,,Literature,identity;warning;bukowski,unverified,,"Attribution unverified: Common on quote images but I found no poem, story, letter or interview containing it, and no alternative author."
Q0400,We are here to laugh at the odds and live our lives so well that death will tremble to take us.,en,,prose,Charles Bukowski,"""The Meaning of Life: The Big Picture"", Life magazine (December 1988)",Literature,life;courage;bukowski,verified,,Verified: This closing sentence is quoted with its source on Wikiquote and matches the bank exactly.
Q0401,drink from the well / of your self / and begin / again.,en,,poem,Charles Bukowski,"""mind and heart""; verified in The Pleasures of the Damned: Poems 1951-1993 (2007)",Literature,self-reliance;renewal;bukowski,verified,,"Wording as collected was: Drink from the well of yourself and begin again. Wording corrected against the source: Genuine closing lines, but the poem writes ""your self"" as two words, echoing ""the well of my self"" earlier in the same poem."
Q0402,"If you're going to try, go all the way. There is no other feeling like that. You will be alone with the gods, and the nights will flame with fire. You will ride life straight to perfect laughter. It's the only good fight there is.",en,,poem,Charles Bukowski,"""roll the dice"", in: What Matters Most Is How Well You Walk Through the Fire (1999), p. 408",Literature,passion;perseverance;bukowski,verified,,Excerpt of the longer 'go all the way' passage. Verified: An accurate elided excerpt of the poem's final movement; every word matches.
Q0403,"Love is a form of prejudice. You love what you need, you love what makes you feel good, you love what is convenient. How can you say you love one person when there are ten thousand people in the world that you would love more if you ever met them? But you'll never meet them.",en,,prose,Charles Bukowski,,Literature,love;bukowski,unverified,,"Attribution unverified: Only ""Love is a form of prejudice. I have too many other prejudices."" is confirmed, in Women (1978) ch. 80; the long expansion about ten thousand people appears in no text I could search and is variously credited to Women and Hot Water Music."
Q0404,"We waited and waited. All of us. Didn't the shrink know that waiting was one of the things that drove people crazy? People waited all their lives. They waited to live, they waited to die. They waited in line to buy toilet paper. They waited in line for money. And if they didn't have any money they waited in longer lines. You waited to go to sleep and then you waited to awaken. You waited to get married and you waited to get divorced. You waited for it to rain, you waited for it to stop. You waited to eat and then you waited to eat again. You waited in a shrink's office with a bunch of psychos and you wondered if you were one.",en,,prose,Charles Bukowski,Pulp (1994),Literature,waiting;life;bukowski,verified,,"Wording as collected was: Are people crazy? People waited all their lives. They waited to live, they waited to die. They waited in line to buy toilet paper. They waited in line for money. And if they didn't have any money they waited in longer lines. You waited to go to sleep and then you waited to awaken. You waited to get married and you waited to get divorced. You waited for it to rain, you waited for it to stop. You waited to eat and then you waited to eat again. You waited in a shrink's office with a bunch of psychos and you wondered if you were one. Wording corrected against the source: Genuine, from the psychiatrist's waiting room in Pulp, but the bank replaces the real opening with an invented question, ""Are people crazy?""."
Q0405,"For those who believe in God, most of the big questions are answered. But for those of us who can't readily accept the God formula, the big answers don't remain stone-written. We adjust to new conditions and discoveries. We are pliable. Love need not be a command nor faith a dictum. I am my own god. We are here to unlearn the teachings of the church, state, and our educational system. We are here to drink beer. We are here to kill war. We are here to laugh at the odds and live our lives so well that death will tremble to take us.",en,,prose,Charles Bukowski,"""The Meaning of Life: The Big Picture"", Life magazine (December 1988)",Literature,freedom;life;bukowski,verified,,"Verified: Source and wording confirmed on Wikiquote; the only divergences are ""nor faith a dictum"" for ""or faith a dictum"" and the hyphen in ""stone-written"", too slight to call a rewording."
Q0406,Success is getting what you want. Happiness is wanting what you get.,en,,quote,Dale Carnegie,,Motivation & Success,success;happiness,unverified,,Attribution unverified: Consistently attributed to Dale Carnegie but with no primary source in his works; a floating aphorism found only on quote sites.
Q0407,"Without deviation from the norm, progress is not possible.",en,,quote,Frank Zappa,"The Real Frank Zappa Book (1989), ch. 8 'All About Music'",Creativity & Art,progress;nonconformity,verified,,"Verified: Zappa quotes himself there: 'One of the things I have said before in interviews is: ""Without deviation (from the norm), 'progress' is not possible.""' Confirmed in the Internet Archive full text of the book; the remark goes back to his interview in Roelof Kiers's VPRO documentary, broadcast 11 February 1971."
Q0408,"The universe consists of 5% protons, 5% neutrons, 5% electrons and 85% morons.",en,,quote,Frank Zappa,,Humor,humor,unverified,,Attribution unverified: A joke-format line attributed to Frank Zappa with no source in any of his writings or interviews; appears nowhere in the book corpus and reads as an internet-era fabrication.
Q0409,The shoe that fits one person pinches another; there is no recipe for living that suits all cases.,en,,quote,Carl Jung,"Ziele der Psychotherapie (1931), in: Seelenprobleme der Gegenwart; engl. CW 16 § 81",Philosophy & Wisdom,individuality;life,verified,,"Verified: Located verbatim in CW 16 § 81 in the Baynes-Dell wording (the later CW revision reads no universal recipe for living), but the German sentence could not be checked against a primary text, so it is left blank."
Q0410,Es kann keinen Flug geben ohne vorangegangene Träume vom Fliegen.,de,,quote,Stanisław Lem,,Philosophy & Wisdom,dreams;flight,unverified,tg-139,"Attribution unverified: Credited to Lem in German collections and used as the motto of a Lem biography, but neither a passage in his work nor a Polish original can be traced."
Q0411,There can be no flight without preceding dreams of flying.,en,,quote,Stanisław Lem,,Philosophy & Wisdom,dreams;flight,unverified,tg-139,"English translation of the Polish/German original. The text this renders does not exist in the language it was written in, so the same finding applies here."
Q0412,"Never apologize for showing feeling. When you do so, you apologize for truth.",en,,quote,Benjamin Disraeli,"Contarini Fleming: A Psychological Romance (1832), Part I, ch. 13",Philosophy & Wisdom,emotion;truth,paraphrase,,"Renders the source loosely: Checked the 1832 first edition and the 1850 Works of D'Israeli the Younger on the Internet Archive: 'Never apologize for showing feeling, my friend. Remember that when you do so, you apologize for truth.' The bank's line is that sentence with the address and 'Remember that' dropped; nothing is misstated."
Q0413,"It all depends on how we look at things, and not how they are in themselves.",en,,quote,Carl Jung,"Ziele der Psychotherapie (1931), in: Seelenprobleme der Gegenwart; engl. CW 16 § 96",Philosophy & Wisdom,perception,verified,,"Verified: Located verbatim in CW 16 § 96 of the full text of The Practice of Psychotherapy, but of the German only the following sentence Kleinstes mit Sinn ist immer lebenswerter als Größtes ohne Sinn is attested, so the original is left blank."
Q0414,One fails forward toward success.,en,,quote,Charles Kettering,"Prophet of Progress: Selections from the Speeches of Charles F. Kettering, ed. T. A. Boyd (1961), p. 237; also p. 268, 'In research, one fails forward toward success'",Motivation & Success,failure;success,verified,,"Verified: Found in the collected selections from Kettering's own speeches on the Internet Archive, where the sentence stands verbatim after 'Failures, repeated failures, are finger posts on the road to achievement.' Quote books frequently reassign the line to C. S. Lewis."
Q0415,"In seed time learn, in harvest teach, in winter enjoy.",en,,proverb,William Blake,"William Blake, 'Proverbs of Hell', The Marriage of Heaven and Hell (c.1790)",Philosophy & Wisdom,seasons;wisdom,verified,,Verified: Confirmed verbatim as one of Blake's Proverbs of Hell.
Q0416,"You are what you do, not what you say you do.",en,,quote,Carl Jung,,Philosophy & Wisdom,action;authenticity,unverified,,"Attribution unverified: Not present in the searchable full text of Jung's Collected Works and circulated only by quote aggregators such as Goodreads, always without a source."
Q0417,"Shoot for the moon. Even if you miss, you'll land among the stars.",en,,proverb,Les Brown,"Les Brown, Live Your Dreams (1992)",Motivation & Success,ambition;dreams,verified,,"Verified: Per Quote Investigator, this exact 'shoot for the moon' wording is credited to Les Brown (by 2000, and in The Dictionary of Modern Proverbs); the underlying celestial-aim adage is older (W. Clement Stone, Norman Vincent Peale, P.T. Barnum)."
Q0418,You can stand tall without standing on someone. You can be a victor without having victims.,en,,quote,Harriet Woods,,Motivation & Success,integrity;victory,unverified,,"Attribution unverified: The earliest traceable appearance is Carolyn Warner, The Last Word: A Treasury of Women's Quotes (1992), p. 147, which cites no source; Wikiquote's sourced entry goes no further than that book. Internet Archive full-text search returns 38 printings, every one a gift book or quote anthology from 1994 on. Also circulates misattributed to Harriet Beecher Stowe."
Q0419,To be wronged is nothing unless you continue to remember it.,en,,quote,Confucius,,Philosophy & Wisdom,forgiveness;memory,unverified,,"Attribution unverified: No such saying in the Analects or the other classics; it appears only in modern English quotation books, as Wikiquote's Confucius misattributed section notes."
Q0420,"When in doubt, tell the truth.",en,,quote,Mark Twain,"Mark Twain, Following the Equator (1897), Pudd'nhead Wilson's New Calendar",Philosophy & Wisdom,truth;honesty,verified,,"Verified: A genuine Twain maxim from Following the Equator, confirmed in The Wit & Wisdom of Mark Twain."
Q0421,"Mögest du immer Rückenwind haben und stets Sonnenschein im Gesicht. Und mögen die Schicksalsstürme dich hinauftragen, auf dass du mit den Sternen tanzt.",de,,proverb,Traditional Irish Blessing,,Motivation & Success,blessing;hope,unverified,tg-140,"German version of the Irish blessing. Attribution unverified: The traditional Irish blessing runs ""May the road rise up to meet you ...""; the line about dancing with the stars is a modern anonymous addition with no transmitted source."
Q0422,May the wind always be at your back and the sun upon your face and may the wings of destiny carry you aloft to dance with the stars.,en,,proverb,Traditional Irish Blessing,,Motivation & Success,blessing;hope,unverified,tg-140,"The text this renders does not exist in the language it was written in, so the same finding applies here."
Q0423,"When we are dreaming alone it is only a dream. When we are dreaming with others, it is the beginning of reality.",en,,quote,Hélder Câmara,,Philosophy & Wisdom,dreams;community,unverified,,"Attribution unverified: Widely credited to Dom Hélder Câmara in Portuguese but always without a book or speech citation, and it competes with Raul Seixas's ""Prelúdio"" (1974) and a similar Lennon/Ono line, so I will not vouch for any wording."
Q0424,"The self is not something ready-made, but something in continuous formation through choice of action.",en,,quote,John Dewey,"John Dewey, Democracy and Education (1916)",Personal Growth,self;choice,verified,,Verified: A genuine Dewey line from Democracy and Education; reproduced verbatim.
Q0425,The eye sees only what the mind is prepared to comprehend.,en,,quote,Robertson Davies,"Tempest-Tost (1951), ch. 3, p. 116",Philosophy & Wisdom,perception;mind;dreams,reattributed,,"Previously attributed to Henri Bergson. Reattributed: Quote Investigator verified the sentence in Davies's 1951 novel from scans and found no Bergson source; original is English, so no romance-language text applies."
Q0426,"If you spend your whole life waiting for the storm, you'll never enjoy the sunshine.",en,,quote,Morris West,"The Clowns of God: A Novel (1981), p. 382 of the Internet Archive scan",Philosophy & Wisdom,present;joy;life,verified,,"Verified: Internet Archive full text of West's 1981 novel contains the sentence exactly as the bank has it; it is spoken in the novel, and the bank follows normal practice in crediting the novelist."
Q0427,It is only when mind and character slumber that the dress can be seen.,en,,quote,Ralph Waldo Emerson,"'Social Aims', in Letters and Social Aims (1876)",Personal Growth,character;appearance,verified,,"Wording as collected was: It is only when the mind and character slumber that the dress can be seen. Wording corrected against the source: The 1876 first edition, the Riverside Edition and the Project Gutenberg text (ebook 71393) all read 'when mind and character slumber'; the passage falls in the essay 'Social Aims'. The bank's extra 'the' appears only in twentieth-century quotation dictionaries such as Collins."
Q0428,Fate is in your hands and no one else's.,en,,quote,Byron Pulsifer,,Personal Growth,fate;responsibility,unverified,,Attribution unverified: Byron Pulsifer is a motivational-website writer; the line appears only on such sites with no published source to verify against.
Q0429,"I always wanted to be somebody, but I should have been more specific.",en,,quote,Lily Tomlin,Lily Tomlin (line written by Jane Wagner),Humor,ambition;humor,verified,,"Verified: Lily Tomlin's signature line; the material for her act was written by Jane Wagner, but it is universally remembered and delivered as Tomlin's."
Q0430,"Strong people make as many mistakes as weak people. Difference is that strong people admit their mistakes, laugh at them, learn from them. That is how they become strong.",en,,quote,Richard Needham,Richard J. Needham,Personal Growth,mistakes;strength,verified,,Verified: Confirmed as the line of Canadian columnist Richard Needham; reproduced verbatim.
Q0431,"Leaders are made, they are not born. They are made by hard effort, which is the price which all of us must pay to achieve any goal that is worthwhile.",en,,quote,Vince Lombardi,"'What It Takes to Be Number One' address, as printed in Motivation Lombardi Style (1992) and in Vince Lombardi Jr., What It Takes to Be Number One (2006)",Motivation & Success,leadership;work,verified,,"Wording as collected was: Leaders aren't born they are made. And they are made just like anything else, through hard work. And that's the price we'll have to pay to achieve that goal, or any goal. Wording corrected against the source: The bank's looser wording appears only in leadership quote books from the 1990s onward, and one of them gives the same line to Bear Bryant. The form printed from Lombardi's own address is the one supplied here."
Q0432,Ability will never catch up with the demand for it.,en,,quote,Confucius,,Motivation & Success,ability;demand;leadership,unverified,,Attribution unverified: Absent from the Chinese classics and also circulated as a Malcolm Forbes line in twentieth-century quotation handbooks.
Q0433,Slow down and everything you are chasing will come around and catch you.,en,,quote,John De Paola,,Mindfulness,patience;flow,unverified,,"Attribution unverified: Internet Archive full-text search returns 17 printings, all self-help, detox and gift books from the 1990s on; no work, article or identifiable person lies behind the name 'John De Paola'. The Simplify-Your-Life Quote Book (2005) prints the same line as 'Anonymous'."
Q0434,"Compassion and tolerance are not a sign of weakness, but a sign of strength.",en,,quote,Dalai Lama,"Words of Wisdom, ed. Margaret Gee (2001), p. 71",Mindfulness,compassion;strength,paraphrase,,"Renders the source loosely: Wording corrected from ""happiness"" to ""tolerance"", which is the attested reading."
Q0435,"Let go of your attachment to being right, and suddenly your mind is more open. You're able to benefit from the unique viewpoints of others, without being crippled by your own judgement.",en,,quote,Ralph Marston,"Ralph Marston, The Daily Motivator",Personal Growth,open-mindedness;ego,verified,,Verified: Confirmed as Ralph Marston's (The Daily Motivator); reproduced verbatim.
Q0436,"Courage is not the absence of fear, but simply moving on with dignity despite that fear.",en,,quote,Pat Riley,,Motivation & Success,courage;fear,unverified,,"Attribution unverified: Only four printings in the Internet Archive corpus, all quote anthologies of 2008-2014. A differently worded version, 'Courage is not the absence of fear. It is simply moving on with dignity in spite of that fear', appears in Jeffrey Marx's It Gets Dark Sometimes as something Riley said on an occasion, but nothing in Riley's own books (Show Time, The Winner Within) or in a datable interview could be found."
Q0437,The most complicated achievements of thought are possible without the assistance of consciousness.,en,,quote,Sigmund Freud,"Die Traumdeutung (1900), Kapitel VII, Abschnitt E: Der Primär- und der Sekundärvorgang, die Verdrängung",Philosophy & Wisdom,mind;thought,verified,tg-141,Verified: Confirmed against the German text of Die Traumdeutung on textlog.de; the stored English is the standard Strachey rendering.
Q0438,I don't believe in ageing. I believe in forever altering one's aspect to the sun. Hence my optimism.,en,,prose,Virginia Woolf,"Diary entry, 2 October 1932; The Diary of Virginia Woolf, vol. IV, ed. Anne Olivier Bell (1982), and A Writer's Diary (1953)",Literature,age;optimism,verified,,"Verified: Confirmed in the Internet Archive full text of both the Bell edition and A Writer's Diary; the entry continues 'And to alter now, cleanly and sanely, I want to shuffle off this loose living randomness'. The bank quotes the opening three sentences exactly."
Q0439,Nothing great was ever achieved without enthusiasm.,en,,quote,Ralph Waldo Emerson,"Ralph Waldo Emerson, 'Circles', Essays: First Series (1841)",Motivation & Success,enthusiasm;greatness,verified,,Verified: A genuine Emerson line from his essay 'Circles'; one of his best-known aphorisms.
Q0440,Doing nothing is better than being busy doing nothing.,en,,quote,Lao Tzu,,Taoism,stillness;purpose,unverified,,Attribution unverified: Listed among the fake Lao Tzu quotes by Stefan Stenudd (taoistic.com); the wordplay is modern English and matches no chapter.
Q0441,He who lives in harmony with himself lives in harmony with the world.,en,,quote,Marcus Aurelius,,Stoicism,harmony;self,unverified,,"Attribution unverified: Absent from Long, Hays and Hammond; since the Meditations is Marcus’s only work, absence there settles the matter."
Q0442,"Wenn ich trotzdem weiß, was Liebe ist, so ist es deinetwegen.",de,,quote,Hermann Hesse,"Narziß und Goldmund (1930), Narziß zu Goldmund am Sterbebett",Love,love,verified,tg-142,Verified: The wording matches the text of the novel exactly. Holds the original of Q0443.
Q0443,"If I know what love is, it is because of you.",en,,quote,Hermann Hesse,"Narcissus and Goldmund (1930), Narcissus to Goldmund",Love,love,verified,tg-142,English translation of the German original. Verified: The standard English translation of the attested German passage; the German original is documented in the text of the novel.
Q0444,"You lethargic, waiting upon me, waiting for the fire and I attendant upon you, shaken by your beauty, shaken by your beauty, shaken.",en,,poem,William Carlos Williams,"William Carlos Williams, Paterson (1946)",Literature,love;beauty;poetry,verified,,Verified: Confirmed verbatim in the text of Williams's Paterson.
Q0445,Cherish your visions and your dreams as they are the children of your soul; the blueprints of your ultimate achievements.,en,,quote,Napoleon Hill,,Creativity & Art,dreams;vision,unverified,,"Attribution unverified: The Internet Archive indexes the full text of many editions of Think and Grow Rich, including the 1937 first edition, and this sentence appears in none of them; all 222 printings of 'children of your soul' found are quotation anthologies and self-help books. The wording looks like a rewrite of James Allen, As a Man Thinketh (1903): 'Cherish your visions; cherish your ideals; cherish the music that stirs in your heart.'"
Q0446,Your big opportunity may be right where you are now.,en,,quote,Napoleon Hill,Napoleon Hill,Motivation & Success,opportunity;present,verified,,"Verified: Confirmed as Napoleon Hill's and reproduced verbatim (e.g. quoted as his in Bob Proctor, Thoughts Are Things)."
Q0447,Fortune befriends the bold.,en,,quote,John Dryden,"Virgil's Aeneid, Book X, in John Dryden's verse translation (1697) - Turnus urging his men ashore",Motivation & Success,courage;fortune,verified,,Verified: The Project Gutenberg text of Dryden's Aeneid (ebook 228) contains 'Fortune befriends the bold' verbatim; it renders Virgil's 'audentis Fortuna iuvat' (Aeneid X.284). Quote books variously reassign the English line to Cicero and even to Emily Dickinson.
Q0448,"Gratitude makes sense of our past, brings peace for today, and creates a vision for tomorrow.",en,,quote,Melody Beattie,"Melody Beattie, Gratitude: Affirming the Good Things in Life (1992)",Personal Growth,gratitude;peace,verified,,Verified: Confirmed verbatim in Beattie's Gratitude (1992); also widely quoted from The Language of Letting Go.
Q0449,We must overcome the notion that we must be regular. It robs you of the chance to be extraordinary and leads you to the mediocre.,en,,quote,Uta Hagen,"Respect for Acting (1973), Part One 'The Actor', p. 32",Creativity & Art,individuality;excellence;vision,paraphrase,,"Renders the source loosely: Hagen's text reads: 'We must overcome the notion that we must be regular. (""Be like one of us."" ""Don't put on airs."" ""Don't get so fancy."") It robs you of the chance to be extraordinary and leads you to the mediocre.' The bank's line is that passage with the parenthetical asides dropped; the retained words are exact."
Q0450,The worst enemy to creativity is self-doubt.,en,,quote,Sylvia Plath,,Creativity & Art,creativity;doubt,unverified,,"Attribution unverified: Universally attributed to Sylvia Plath but located only in inspirational collections and Goodreads, never in her published journals or works; no primary source could be confirmed."
Q0451,The power of intuitive understanding will protect you from harm until the end of your days.,en,,quote,Lao Tzu,,Taoism,intuition;wisdom,unverified,,Attribution unverified: Traceable only to a 2009 self-help book; it loosely echoes 知常曰明 and 歿身不殆 in ch. 16 but no published translation with this wording could be found.
Q0452,We are Divine enough to ask and we are important enough to receive.,en,,quote,Wayne Dyer,Wayne Dyer,Personal Growth,worthiness,verified,,"Verified: Confirmed as Wayne Dyer's; quoted verbatim as his in Nancy Levin, Jump... and Your Life Will Appear."
Q0453,"Difficulties strengthen the mind, as labor does the body.",en,,quote,Seneca,,Stoicism,adversity;strength,unverified,,Attribution unverified: No matching passage turned up in searches of the Latin Library and Tesserae texts; it circulates as an unsourced aphorism whose nearest genuine parallel is De Providentia 4.12-13.
Q0454,Staying in one place is the best path to be taken over and surpassed by many.,en,,quote,Byron Pulsifer,,Motivation & Success,growth;progress,unverified,,Attribution unverified: Byron Pulsifer is a motivational-website writer; the line appears only on such sites with no published source and cannot be independently verified.
Q0455,"Live each season as it passes; breathe the air, drink the drink, taste the fruit, and resign yourself to the influences of each.",en,,quote,Henry David Thoreau,"Henry David Thoreau, Journal (23 August 1853)",Nature & Wonder,nature;presence,verified,,Verified: A genuine Thoreau journal entry; confirmed verbatim in numerous sources.
Q0456,"Our greatest glory is not in never falling, but in rising every time we fall.",en,,quote,Oliver Goldsmith,"The Citizen of the World (1760-62), Letter VII",Personal Growth,resilience;failure,reattributed,,"Previously attributed to Confucius. Reattributed: Goldsmith wrote ""Our greatest glory consists not in never falling, but in rising every time we fall""; Wikiquote lists it under Confucius misattributions."
Q0457,You always succeed in producing a result.,en,,quote,Tony Robbins,Tony Robbins,Motivation & Success,action;results,verified,,"Verified: Confirmed as Tony Robbins's teaching (from his self-help work), quoted as his in print."
Q0458,"The moment one gives close attention to anything, even a blade of grass, it becomes a mysterious, awesome, indescribably magnificent world in itself.",en,,quote,Henry Miller,,Nature & Wonder,attention;wonder;nature,unverified,,"Attribution unverified: Internet Archive full-text search returns 157 printings, every one a gift book, journal, mindfulness anthology or photography book; the sentence appears in no book by Miller. The longer online version beginning 'I have a theory that the moment one gives close attention' and credited to Black Spring returns zero hits in printed books, so that attribution is worthless."
Q0459,Divide each difficulty into as many parts as is feasible and necessary to resolve it.,en,,quote,René Descartes,"Discours de la méthode (1637), deuxième partie, second précepte",Philosophy & Wisdom,problem-solving,verified,tg-143,"Verified: Confirmed against Wikisource, the Chicoutimi classiques edition and the Université de Lausanne text of the Discours."
Q0460,Bold is not the act of foolishness but the attribute and inner strength to act when others will not so as to move forward not backward.,en,,quote,Byron Pulsifer,,Motivation & Success,courage;action,unverified,,"Attribution unverified: Byron Pulsifer is a motivational-website writer; the line appears only on such sites, with no published source to verify against."
Q0461,Only those who risk going too far can possibly find out how far one can go.,en,,quote,T.S. Eliot,"T.S. Eliot, Preface to Harry Crosby's Transit of Venus: Poems (Black Sun Press, 1931)",Motivation & Success,risk;limits,verified,,Verified: Attributed to Eliot's 1931 preface to Crosby's Transit of Venus. The primary form reads 'Only those who WILL risk going too far...'; the bank omits 'will'. The exact primary text was not fully confirmable (variant ending 'just how far to go' also circulates).
Q0462,"Numberless are the world's wonders, but none more wonderful than man.",en,,quote,Sophocles,"Sophocles, Antigone 332-333",Philosophy & Wisdom,humanity;wonder,verified,tg-144,Verified: This is Fitts and Fitzgerald’s 1938 translation of the Ode to Man; Greek from the Wikiquote Sophocles page.
Q0463,"I cannot give you the formula for success, but I can give you the formula for failure: which is: Try to please everybody.",en,,quote,Herbert Swope,"Remarks at a dinner in his honour, December 1950, reported in Leonard Lyons's syndicated column, 27 December 1950; cited to an address of 20 December 1950 by the Columbia Dictionary of Quotations and The American Treasury 1455-1955 (1955), p. 703",Motivation & Success,success;authenticity,verified,,"Verified: Barry Popik's files give Lyons's contemporaneous report, in which Swope said 'I can not give you that, but I can give you the formula for failure - which is: Try to please everybody', the antecedent having been supplied by the reporter's narration. The bank carries the standard reference-work form, which spells the antecedent out; the substance is Swope's."
Q0464,Don't compromise yourself. You are all you've got.,en,,quote,Janis Joplin,Janis Joplin,Personal Growth,authenticity;self,verified,,"Verified: Attributed to Janis Joplin (from a 1970 interview) and reproduced verbatim; occasionally also credited to Betty Ford in gift books, but the original is Joplin."
Q0465,Avoid destructive thinking. Improper negative thoughts sink people.,en,,quote,Alfred A. Montapert,"Words of Wisdom to Live By (1986), p. 294; the second sentence earlier in Distilled Wisdom (1964), p. 378, and Success Planning Manual (1967)",Philosophy & Wisdom,mindset;positivity;attitude,verified,,"Verified: Both sentences stand together in Montapert's own 1986 encyclopedia of aphorisms on the Internet Archive, and the second appears in his earlier books, so this is his own text rather than something he anthologised."
Q0466,The price of greatness is responsibility.,en,,quote,Winston Churchill,"Winston Churchill, speech at Harvard University (6 September 1943)",Motivation & Success,greatness;responsibility;leadership,verified,,Verified: 'The price of greatness is responsibility' is the title/theme of Churchill's 1943 Harvard address; well documented.
Q0467,Every good product I've ever seen is because a group of people cared deeply about making something wonderful that they and their friends wanted.,en,,quote,Steve Jobs,Steve Jobs (interview),Creativity & Art,craft;care,verified,,"Verified: A genuine Steve Jobs remark, reproduced verbatim as an epigraph in technical books; from a Jobs interview on product design."
Q0468,Our passion is our strength.,en,,quote,Billie Joe Armstrong,,Motivation & Success,passion;strength,unverified,,"Attribution unverified: Attributed to Billie Joe Armstrong only on quote aggregators, with no primary source; the short phrase also echoes Henry James's 'our passion is our task' (The Middle Years, 1893)."
Q0469,"Never doubt that a small group of thoughtful, committed people can change the world. Indeed. It is the only thing that ever has.",en,,quote,Margaret Mead,,Personal Growth,change;community,unverified,,"Attribution unverified: Quote Investigator finds no documentation that Mead said this; it first appears in Donald Keys's 1982 Earth at Omega, credited to her without a source. QI assigns it to her only tentatively, by default. (The common form uses 'citizens', not 'people'.)"
Q0470,"Exile, for no other motive than ease, would be the last defeat, with no seed of future victory in it.",en,,prose,Lois McMaster Bujold,"Lois McMaster Bujold, Shards of Honor (1986)",Literature,courage;defeat,verified,,"Verified: Confirmed verbatim in Bujold's novel Shards of Honor; her prose, correctly credited to the author."
Q0471,I allow my intuition to lead my path.,en,,quote,Manuel Puig,"Entretien avec Jorgelina Corbatta, publié en anglais dans Review of Contemporary Fiction (trad. Ilan Stavans)",Personal Growth,intuition,paraphrase,,"Renders the source loosely: Puig's real sentence is ""I am very interested in those areas and I allow my intuition to lead my path toward them""; the circulating quote is a truncation, and I could not locate the Spanish original of the interview."
Q0472,"Grasp the subject, the words will follow.",en,,quote,Cato the Elder,"fragment quoted in C. Iulius Victor, Ars Rhetorica 1 (p. 374 Halm)",Creativity & Art,writing;clarity,verified,tg-145,"Verified: The digiliblt edition of Julius Victor cites it as ""Catonis praeceptum paene divinum"", and the Oxford Classical Dictionary treats it as Cato's."
Q0473,Who sows virtue reaps honour.,en,,quote,Leonardo da Vinci,"Leonardo da Vinci, Notebooks",Philosophy & Wisdom,virtue;honor,verified,,"Verified: From Leonardo's notebooks ('...more fleeting than the years, but he who sows virtue reaps honour'); confirmed in Leonardo da Vinci: In His Own Words."
Q0474,"It's not the load that breaks you down, it's the way you carry it.",en,,quote,Lena Horne,,Personal Growth,burden;attitude;resilience,unverified,,"Attribution unverified: 135 printings in the Internet Archive corpus, all quote anthologies; the earliest found is an unattributed line in Handy Helpful Household Hints (1979). The saying also circulates under Lou Holtz and, wrongly, C. S. Lewis. No interview, article, memoir or recording of Horne's could be tied to it."
Q0475,"With the realization of one's own potential and self-confidence in one's ability, one can build a better world.",en,,quote,Dalai Lama,"The Dalai Lama, The Heart of the Buddha's Path (1999); also in his Little Book of Wisdom",Personal Growth,potential;confidence,verified,,"Consistently cited to that book; whether it was spoken in English or interpreted from Tibetan could not be established, so no original is supplied. Verified: A genuine Dalai Lama line, confirmed verbatim in his Little Book of Wisdom; the bank's cited source is a real Dalai Lama book."
Q0476,Learn to get in touch with the silence within yourself and know that everything in this life has a purpose.,en,,quote,Elisabeth Kübler-Ross,"Interview Elisabeth Kübler-Ross: Messenger of Love by Lennie Kronisch, Yoga Journal Nr. 11 (November-Dezember 1976), S. 18-20",Mindfulness,silence;purpose,verified,,"Spoken or written in English, so no original is owed: English Wikiquote sources it to this 1976 American interview, so it was spoken in English and no German original is owed."
Q0477,"When one tugs at a single thing in nature, he finds it attached to the rest of the world.",en,,quote,John Muir,"John Muir, My First Summer in the Sierra (1911)",Nature & Wonder,nature;interconnection,verified,,Verified: A genuine Muir line from My First Summer in the Sierra; confirmed verbatim across sources.
Q0478,"No pessimist ever discovered the secrets of the stars, or sailed to an uncharted land, or opened a new heaven to the human spirit.",en,,quote,Helen Keller,"Optimism: An Essay (1903), Part I",Personal Growth,optimism;discovery,verified,,"Verified: The Project Gutenberg text (ebook 31622) has the sentence verbatim, following her remark about Valentin Hauy and the fingers of the blind."
Q0479,From wonder into wonder existence opens.,en,,quote,Lao Tzu,Tao Te Ching ch. 1,Taoism,wonder;existence,paraphrase,tg-146,"Renders the source loosely: Witter Bynner's very free 1944 ""American version"" of ch. 1; Stenudd lists it as a false Lao Tzu quote because the wording is Bynner's."
Q0480,"You don't become great by trying to be great. You become great by wanting to do something, and then doing it so hard that you become great in the process.",en,,quote,Randall Munroe,"Randall Munroe, xkcd #896 'Marie Curie' (2011)",Motivation & Success,greatness;effort,verified,,Verified: Confirmed as the text of xkcd #896 by Randall Munroe.
Q0481,Never bend your head. Always hold it high. Look the world straight in the face.,en,,quote,Helen Keller,"Helen Keller, remark to Dorothy Ann Ciccoli, Tokyo (Associated Press, 30 May 1955)",Motivation & Success,confidence;dignity,verified,,"Wording as collected was: Never bend your head. Always hold it high. Look the world right in the eye. Wording corrected against the source: A genuine 1955 Keller remark (per Snopes / AP wire), but she said 'Look the world straight in the FACE'; the bank's 'right in the eye' is a later corruption (the 'eye' variant dates to Simpson's Contemporary Quotations, 1988). Corrected."
Q0482,There is nothing happens to any person but what was in his power to go through with.,en,,quote,Marcus Aurelius,Meditations 5.18,Stoicism,resilience;fate,paraphrase,tg-147,"Renders the source loosely: An archaic loose rendering of 5.18, which Long gives as ""Nothing happens to any man which he is not formed by nature to bear""."
Q0483,Ignorance is bliss.,en,,quote,Thomas Gray,"Thomas Gray, 'Ode on a Distant Prospect of Eton College' (1742)",Philosophy & Wisdom,ignorance,verified,,"Phrase coined by Thomas Gray (1742, 'where ignorance is bliss, 'tis folly to be wise'); in the source file it was quoted as Cypher's line from The Matrix (1999). Verified: 'Ignorance is bliss' is a verbatim fragment of Gray's line 'where ignorance is bliss, / 'Tis folly to be wise.' Attribution and source hold."
Q0484,Think long. Write short.,en,,quote,George Lois,"George Lois, Damn Good Advice (For People with Talent!) (2012)",Creativity & Art,writing;brevity,verified,,Verified: Confirmed verbatim in Lois's book Damn Good Advice.
Q0485,"If we learn to open our hearts, anyone, including the people who drive us crazy, can be our teacher.",en,,quote,Pema Chödrön,,Mindfulness,openness;teaching,unverified,,"Attribution unverified: The Internet Archive indexes the full text of When Things Fall Apart, The Pocket Pema Chodron and The Pema Chodron Collection - a control phrase from When Things Fall Apart is found at once - yet this sentence appears in none of them. All ten printings found are mindfulness anthologies from 2006 on; one site traces it only to the compilation Shift Your Mood."
Q0486,Knowledge is a process of piling up facts; wisdom lies in their simplification.,en,,quote,Martin Fischer,Martin H. Fischer,Philosophy & Wisdom,knowledge;wisdom,verified,,Verified: Confirmed as Martin H. Fischer's aphorism (from the 'Fischerisms' collection); reproduced verbatim.
Q0487,"Do not expect the world to look bright, if you habitually wear gray-brown glasses.",en,,quote,Charles W. Eliot,"Charles W. Eliot, The Happy Life",Philosophy & Wisdom,perspective;positivity;attitude,verified,,"By Charles W. Eliot (president of Harvard), from his essay 'The Happy Life'; the source file misnamed him 'Thomas Eliot'. Verified: A genuine line from Eliot's The Happy Life (in print by 1916, e.g. Just Being Happy); confirmed verbatim."
Q0488,A man sees in the world what he carries in his heart.,en,,quote,Johann Wolfgang von Goethe,"Faust I (1808), Vorspiel auf dem Theater, Vers 179",Philosophy & Wisdom,perception;heart,paraphrase,tg-148,"Renders the source loosely: The Reclam text of Faust I confirms the line, but the English adds in the world and generalises it, so it is a loose rendering rather than a translation."
Q0489,"All great men are gifted with intuition. They know without reasoning or analysis, what they need to know.",en,,quote,Alexis Carrel,"L'Homme, cet inconnu (1935), ch. IV (Les activités mentales)",Philosophy & Wisdom,intuition,verified,tg-149,"Verified: Found verbatim in the French Wikisource text of L'Homme, cet inconnu, ch. IV, in the section on intuition."
Q0490,A goal without a plan is just a wish.,en,,quote,,,Motivation & Success,goals;planning,unverified,,"Anonymous saying; earliest known appearance 1995 (Joan Horbiak); popularly misattributed to Antoine de Saint-Exupéry and to Larry Elder. Attribution unverified: A management maxim of uncertain origin, frequently and falsely attributed to Antoine de Saint-Exupery; no primary source. The bank's 'Unknown' is apt."
Q0491,Most folks are about as happy as they make up their minds to be.,en,,quote,Abraham Lincoln,,Philosophy & Wisdom,happiness;mindset;life,unverified,,Attribution unverified: Quote Investigator finds no substantive evidence Lincoln said this; it first appears in Dr. Frank Crane's newspaper column on 1 January 1914 (~50 years after Lincoln's death) and was popularised by Dale Carnegie (1936). Ralph Keyes notes it 'doesn't sound like him.'
Q0492,"Não vou deitar pra tua insegurança, minha autoestima me faz levantar.",pt,,lyric,Pabllo Vittar,,Music,self-esteem;empowerment,unverified,tg-150,Attribution unverified: Pabllo Vittar's Não Vou Deitar has entirely different lyrics and the exact phrase returns no hits in any lyrics database.
Q0493,"I won't lie down for your insecurity, my self-esteem makes me stand up.",en,,lyric,Pabllo Vittar,,Music,self-esteem;empowerment,unverified,tg-150,"English translation of the Portuguese lyric. The text this renders does not exist in the language it was written in, so the same finding applies here."
Q0494,"Eu não sou passiva, nem fico à deriva, eu que decido se eu vou ou se fico.",pt,,lyric,Linn da Quebrada,,Music,autonomy;empowerment,unverified,tg-151,"Attribution unverified: Not found in Linn da Quebrada's discography on vagalume and letras, and the exact phrase returns no hits anywhere."
Q0495,"I'm not passive, nor do I drift, I decide if I go or if I stay.",en,,lyric,Linn da Quebrada,,Music,autonomy;empowerment,unverified,tg-151,"English translation of the Portuguese lyric. The text this renders does not exist in the language it was written in, so the same finding applies here."
Q0496,Que a minha loucura seja perdoada. Porque metade de mim é amor e a outra metade também.,pt,,poem,Oswaldo Montenegro,"Oswaldo Montenegro, Metade",Music,love;madness,verified,tg-152,"Verified: Matches the closing lines per letras.mus.br; the poem is often wrongly credited to Ferreira Gullar, so the bank's attribution is right."
Q0497,"May my madness be forgiven. Because half of me is love, and the other half too.",en,,poem,Oswaldo Montenegro,"Oswaldo Montenegro, 'Metade'",Music,love;madness,verified,tg-152,English translation of the Portuguese lyric. Verified: A faithful English rendering of Montenegro's Portuguese poem/song 'Metade'; original supplied.
Q0498,Thought never knows affliction except by constraint.,en,,prose,Simone Weil,"Pensées sans ordre concernant l'amour de Dieu (Gallimard, 1962), ""Pages retrouvées faisant suite à L'amour de Dieu et le malheur"", p. 113",Literature,thought;affliction,verified,tg-153,"A fuller passage also appears in the same file. Verified: Traced via Peter Winch's citation (On Science, Necessity and the Love of God, p. 187) to the French text in the UQAM classiques edition of Pensées sans ordre."
Q0499,"Thought never knows affliction except by constraint. Unless constrained by experience, it is impossible to believe that everything in the soul - all its thoughts and feelings, its every attitude towards ideas, people, and the universe, and, above all, the most intimate attitude towards itself - that all this is entirely at the mercy of circumstances.",en,,prose,Simone Weil,"Pensées sans ordre concernant l'amour de Dieu (Gallimard, 1962), ""Pages retrouvées faisant suite à L'amour de Dieu et le malheur"", p. 113-114",Literature,thought;affliction,verified,tg-154,"Fuller version of the shorter aphorism. Verified: Same locus as Q0498; the English is Winch's accurate translation, and the passage is absent from the shorter Attente de Dieu version of the essay."
Q0500,Happiness depends upon ourselves.,en,,quote,J. A. K. Thomson,Nicomachean Ethics 1.9 at 1099b29 in Thomson’s 1955 translation,Philosophy & Wisdom,happiness;self;life,reattributed,,Previously attributed to Aristotle. Reattributed: Wikiquote shows Thomson inserted this clause as a gloss; the Greek says only that the conclusion agrees with what was said at the outset.
Q0501,Turn your face toward the sun and the shadows will fall behind you.,en,,proverb,,,Personal Growth,optimism;positivity,unverified,,"Maori proverb. Attribution unverified: Attributed variously to a Maori proverb, Walt Whitman and Helen Keller; no definitive source. Nothing in the book corpus. The bank's 'Unknown' is appropriate."
Q0502,"Be not afraid of growing slowly, be afraid only of standing still.",en,,proverb,,,Personal Growth,patience;progress,unverified,,"Chinese proverb. Attribution unverified: Universally labelled a Chinese proverb but never sourced. Internet Archive full-text search returns 227 printings, all English-language gift, devotional and self-help books, the earliest found being Attitude Is Everything (1995); no Chinese text or older English attestation could be traced."
Q0503,What is not started today is never finished tomorrow.,en,,quote,Johann Wolfgang von Goethe,"Faust I (1808), Vorspiel auf dem Theater, Vers 225",Motivation & Success,action;procrastination,paraphrase,tg-155,"Renders the source loosely: Confirmed in the Reclam text of Faust I as the Direktor's line, of which the stored English is the familiar loose paraphrase."
Q0504,"We do not quit playing because we grow old, we grow old because we quit playing.",en,,quote,Oliver Wendell Holmes,,Philosophy & Wisdom,play;age;life,unverified,,"Attribution unverified: Quote Investigator finds no evidence for the Oliver Wendell Holmes (or Shaw/Spencer) attribution; the saying evolved over time, with the earliest strong match in G. Stanley Hall's Adolescence (1904). The Holmes credit is unsupported."
Q0505,Tension is who you think you should be. Relaxation is who you are.,en,,proverb,,,Mindfulness,authenticity;relaxation,unverified,,"Chinese proverb. Attribution unverified: Also given as a Chinese proverb in nearly every printing, and once as 'Ancient Chinese'. All 113 printings found in the Internet Archive corpus are Western relaxation, colouring and gift books, none earlier than the late 1990s; no Chinese original is traceable."
Q0506,A person who never made a mistake never tried anything new.,en,,quote,Albert Einstein,,Motivation & Success,mistakes;courage,unverified,,Attribution unverified: Quote Investigator and Zitatforschung find no trace in Einstein's writings and only late twentieth-century attributions.
Q0507,The possibilities are numerous once we decide to act and not react.,en,,quote,George Bernard Shaw,,Motivation & Success,action;agency,unverified,,"Attribution unverified: The attribution is contested: quotation collections split between George Bernard Shaw and Gloria Anzaldua, and neither has a primary source. It is not documented in Shaw's works. Cannot be verified."
Q0508,All is flux; nothing stays still.,en,,quote,Heraclitus,"Plato, Cratylus 402a",Personal Growth,change;impermanence,verified,tg-156,"Verified: Wikiquote lists ""All is flux, nothing stays still"" as a variant translation of this Heraclitean sentence quoted by Plato."
Q0509,"I have made it a rule of my life never to regret and never to look back. Regret is an appalling waste of energy, and no one who intends to be a writer can afford to indulge in it. You can't get it into shape; you can't build on it; it's only good for wallowing in.",en,,quote,Katherine Mansfield,"'Je ne parle pas francais', in Bliss, and Other Stories (1920) - spoken by the narrator Raoul Duquette",Philosophy & Wisdom,regret;energy;life,verified,,Wording as collected was: Make it a rule of life never to regret and never to look back. Regret is an appalling waste of energy; you can't build on it; it's only for wallowing in. Wording corrected against the source: Verified against the Project Gutenberg text of Bliss (ebook 44385). The bank's imperative 'Make it a rule of life' and its 'only for wallowing in' are quote-book corruptions of a first-person passage; Wikiquote compounds the error by filing the line as a journal entry.
Q0510,Doing what you love is the cornerstone of having abundance in your life.,en,,quote,Wayne Dyer,"Everyday Wisdom (1993), p. 45",Motivation & Success,passion;abundance,verified,,"Verified: Found verbatim in the Internet Archive full text of Dyer's own book of aphorisms, where it stands next to 'Emotions are choices.'"
Q0511,"You never change things by fighting the existing reality. To change something, build a new model that makes the existing model obsolete.",en,,quote,Buckminster Fuller,,Creativity & Art,change;innovation,unverified,,"Attribution unverified: Quote Investigator finds the idea plausibly Fuller's (from Mike Vance's 1995 report of a pre-1983 interview, where the wording differs: 'You never change anything by fighting it...'), but this polished 'build a new model' phrasing has no direct source in Fuller."
Q0512,Action is the foundational key to all success.,en,,quote,Pablo Picasso,,Motivation & Success,action;success,unverified,,"Attribution unverified: Found only on motivational sites, several of which credit it jointly to Tony Robbins; no Picasso source, and Quote Investigator has no entry supporting it."
Q0513,"Without leaps of imagination, or dreaming, we lose the excitement of possibilities. Dreaming, after all, is a form of planning.",en,,quote,Gloria Steinem,Gloria Steinem,Creativity & Art,imagination;dreams;vision,verified,,Verified: Confirmed as Steinem's (from her essays/Revolution from Within); the full sentence is reproduced verbatim.
Q0514,"Our virtues and our failings are inseparable, like force and matter. When they separate, man is no more.",en,,quote,Nikola Tesla,"Nikola Tesla, 'The Problem of Increasing Human Energy', Century Magazine (June 1900)",Philosophy & Wisdom,virtue;humanity,verified,,"Verified: The exact sentence appears in Tesla's 1900 Century Magazine essay, confirmed via full-text scans of The Problem of Increasing Human Energy."
Q0515,Let us be grateful to people who make us happy; they are the charming gardeners who make our souls blossom.,en,,quote,Marcel Proust,"Les Plaisirs et les Jours (1896), ""Éphémère efficacité du chagrin""",Personal Growth,gratitude;happiness,verified,tg-157,Verified: Confirmed in the full text of Les Plaisirs et les Jours (Atramenta) and corroborated by Proust-Ink's bilingual citation.
Q0516,No one can make you feel inferior without your consent.,en,,quote,Eleanor Roosevelt,,Personal Growth,self-worth;dignity,unverified,,"Attribution unverified: Quote Investigator finds no evidence Roosevelt used this polished wording: she voiced the underlying idea in 1935, but the maxim first appeared (credited to her, undocumented) in Reader's Digest 1940. The exact quote cannot be traced to her writings."
Q0517,"Glücklich sein kostet Kraft, unglücklich wird man von ganz alleine.",de,,quote,,,Philosophy & Wisdom,happiness;effort;life,unverified,tg-158,Attributed to Unknown in source. Attribution unverified: No author and no first attestation could be found; it circulates only as an anonymous saying.
Q0518,"Being happy takes effort, becoming unhappy happens by itself.",en,,quote,,,Philosophy & Wisdom,happiness;effort;life,unverified,tg-158,"English translation of the German original. The text this renders does not exist in the language it was written in, so the same finding applies here."
Q0519,The whole is other than the sum of its parts.,en,,quote,Aristotle,"Aristotle, Metaphysics 8.6 at 1045a8-10",Philosophy & Wisdom,holism;systems,verified,tg-159,Verified: Greek from the Perseus text; the English condenses Aristotle’s point that a whole is not a mere heap of its parts.
Q0520,"Uma lua e um sol, sua vida, portas abertas.",pt,,lyric,Marcelo Falcão,"O Rappa, Anjos (Pra Quem Tem Fé), album Nunca Tem Fim (2013)",Music,life;openness,verified,tg-160,"Verified: Verbatim line of the song, whose lyrics are credited to Marcelo Falcão with Tom Saboia."
Q0521,"A moon and a sun, your life, open doors.",en,,lyric,Marcelo Falcão,,Music,life;openness,unverified,tg-160,English translation of the Portuguese lyric. Attribution unverified: Attributed to Marcelo Falcao (of O Rappa) but the Portuguese source lyric could not be located; it appears to be an English rendering with no traceable original.
Q0522,"When you make a choice, you change the future.",en,,quote,Deepak Chopra,"Deepak Chopra, The Seven Spiritual Laws of Success (1994), the Law of Karma",Motivation & Success,choice;future,verified,,"Verified: The line is one of Chopra's spiritual laws, confirmed in quotations of The Seven Spiritual Laws of Success."
Q0523,"Life is the reason I'm still holding ground / Life is imperfect bodies and perfect sounds / Death is in season and it's pushing me round / And round and round / A bottle cap, a rusted crown / When one pushes up the other pulls me down / And I don't know if I'll get up, if I'll get out / This one makes you big in a cruel world / This one makes you small in a lonely world / This one takes it all away, all the pain / But I'm not giving up, not today, not today / There's life in this tunnel, we're just hanging around / Please, if you see my hand just pull me out / There's death in this tunnel still hanging on me / Still begging of me / 'Cause when one pushes up the other pulls me down / And I don't know if I'll get up, if I'll be found / This one makes you big, what a cruel world / This one makes you small, feel that lonely world / This one takes it all away, but I'll stay / 'Cause I won't give you up, not today / I won't, I won't give you up",en,,lyric,Future Islands,"'Peach', As Long As You Are (2020)",Music,mental health;resilience;survival;hope;song lyric,reattributed,,"Full song lyric; written by Stephan Jenkins. Line breaks rendered with ' / '. Also collected as: Life is the reason I'm still holding ground / Life is imperfect bodies and perfect sounds / Death is in season and it's pushing me 'round / A bottle cap, a rusted crown / When one pushes up, the other pulls me down / And I don't know if I'll get up, if I'll get out / This one makes you big in a cruel world / This one makes you small in a lonely world / This one takes it all away, all the pain / But I'm not giving up, not today / There's life in this tunnel, we're just hanging around / Please, if you see my hand, just pull me out / 'Cause I won't give you up, not today Two records of one Third Eye Blind lyric from the same note, one full and one condensed. The full one is kept. Previously attributed to Third Eye Blind. Reattributed: This is not a Third Eye Blind song called 'Tunnel'; the lyric is from Future Islands' 'Peach' (2020). All the distinctive lines ('death is in season', 'a bottle cap, a rusted crown', 'there's life in this tunnel') match that song, confirmed on multiple lyric sites. Author corrected."
Q0524,He who deliberates fully before taking a step will spend his entire life on one leg.,en,,proverb,,Traditional Chinese proverb,Philosophy & Wisdom,action;decision,verified,,Chinese proverb. Verified: Widely recorded as a Chinese proverb (e.g. The Gift of Great Chinese Wisdom); the bank's 'Unknown'/anonymous attribution is appropriate.
Q0525,All children are artists. The problem is how to remain an artist once he grows up.,en,,quote,Pablo Picasso,,Creativity & Art,childhood;art,unverified,,"Attribution unverified: Quote Investigator traces the earliest attribution to Time magazine, October 1976, three years after Picasso's death, with no source or original-language wording given."
Q0526,"To see things in the seed, that is genius.",en,,quote,Lao Tzu,,Taoism,genius;insight,unverified,,Attribution unverified: Listed among the fake Lao Tzu quotes by Stefan Stenudd (taoistic.com); no chapter of the Tao Te Ching contains it.
Q0527,"When you begin to touch your heart or let your heart be touched, you begin to discover that it's bottomless.",en,,quote,Pema Chödrön,"Pema Chodron, The Wisdom of No Escape (1991)",Mindfulness,heart;openness;compassion,verified,,"Verified: Confirmed as Pema Chodron's; the full passage ('...it's bottomless, that it doesn't have any resolution') is quoted from her teaching."
Q0528,"I have just three things to teach: simplicity, patience, compassion. These three are your greatest treasures.",en,,quote,Lao Tzu,Tao Te Ching ch. 67,Taoism,simplicity;compassion,paraphrase,tg-161,"Renders the source loosely: Stephen Mitchell's ch. 67, which recasts 慈/儉/不敢為天下先 as compassion, simplicity and patience."
Q0529,"How we spend our days is, of course, how we spend our lives.",en,,quote,Annie Dillard,"Annie Dillard, The Writing Life (1989)",Philosophy & Wisdom,time;life,verified,,"Verified: A genuine line from Dillard's The Writing Life, confirmed in many citations (occasionally mis-set next to Maslow in gift books due to layout)."
Q0532,Take it easy but take it.,en,,quote,Woody Guthrie,"Sign-off dated 19 September 1940, New York, printed in Pastures of Plenty: A Self-Portrait, ed. Dave Marsh and Harold Leventhal (1990)",Philosophy & Wisdom,balance;action;life,verified,,"Verified: The Internet Archive full text of Pastures of Plenty shows 'Take It Easy but take it - Woody Guthrie, Sept. 19th 1940, New York' at the foot of a piece; Pete Seeger, in This Land Is Your Land (1998), records it as Guthrie's habitual sign-off."
Q0533,"It's easier to do trivial things that are urgent than it is to do important things that are not, like thinking. And it's also easier to do little things we know we can do than to start on big things that we're not so sure about.",en,,quote,John Cleese,"John Cleese, 'Lecture on Creativity' (1991 talk)",Creativity & Art,focus;procrastination,verified,,"Verified: From Cleese's celebrated talk on creativity; quoted verbatim in Sean Covey, The 7 Habits of Highly Effective College Students."
Q0535,What we do see depends mainly on what we look for.,en,,quote,John Lubbock,"The Beauties of Nature and the Wonders of the World We Live In (1892), ch. 1",Philosophy & Wisdom,perception;attention,verified,,"Wording as collected was: What we see depends mainly on what we look for. Wording corrected against the source: The Project Gutenberg text (ebook 28274) reads 'What we do see depends mainly on what we look for', in the passage about how little of the earth we ever see. The clipped form without 'do' has been circulating in quotation books since at least Catchwords of Cheer (1900)."
Q0536,Things that were hard to bear are sweet to remember.,en,,quote,Seneca,Hercules Furens 656-657,Stoicism,memory;adversity,verified,tg-162,"Verified: Latin Wikisource confirms Amphitryon's lines 656-657, matching Wikiquote's alternate translation exactly."
Q0537,'I have done my best.' That is about all the philosophy of living that one needs.,en,,quote,Lin Yutang,"Lin Yutang's contribution to Clifton Fadiman (ed.), I Believe: The Personal Philosophies of Certain Eminent Men and Women of Our Time (1939), p. 500",Philosophy & Wisdom,effort;contentment;life,verified,,"Source spells 'Lin-yutang'. Wording as collected was: I have done my best: that is about all the philosophy of living one needs. Wording corrected against the source: Traced through the Internet Archive to Lin's own essay in Fadiman's symposium, and reprinted in Lin Yutang: The Best of an Old Friend (1975), p. 250; both read 'the philosophy of living that one needs'. The bank's colon-spliced, 'that'-less version appears only in twenty-first-century quote books."
Q0538,He who obtains has little. He who scatters has much.,en,,quote,Lao Tzu,,Taoism,generosity;paradox,unverified,,Attribution unverified: Earliest traceable appearance is a 2010 self-help book; it may distort 少則得，多則惑 (ch. 22) but no matching published translation was located.
Q0539,"A fine quotation is a diamond on the finger of a man of wit, and a pebble in the hand of a fool.",en,,quote,Joseph Roux,"Pensées (1866; Lemerre ed. 1885, p. 74)",Philosophy & Wisdom,words;wit,verified,tg-163,"Verified: Sourced to Roux's Pensées with page reference; the English title ""Meditations of a Parish Priest"" is Hapgood's 1886 translation of that book."
Q0540,He who is contented is rich.,en,,quote,Lao Tzu,Tao Te Ching ch. 33,Taoism,contentment;wealth,verified,tg-164,"Verified: A standard and accurate rendering of this clause, verified against the Chinese Wikisource text."
Q0541,"If you propose to speak, always ask yourself, is it true, is it necessary, is it kind.",en,,poem,Buddha,,Buddhism,speech;kindness;wisdom,unverified,,"Attribution unverified: Bodhipaksa traces the three questions to Victorian Christian sources, Mary Ann Pietzker's 1872 poem ""Is It True? Is It Necessary? Is It Kind?"" and an earlier Rev. Stewart, whereas the canon always lists four or five criteria for right speech."
Q0542,Trust your hunches. They're usually based on facts filed away just below the conscious level.,en,,quote,Joyce Brothers,,Personal Growth,intuition,unverified,,"Attribution unverified: 88 printings in the Internet Archive corpus, all quotation, business and advice anthologies from 1994 onward, several of them silently altering the wording. Nothing in Brothers's own books or syndicated columns could be reached, and no interview or date is ever given."
Q0543,"You cannot change anything in your life with intention alone, which can become a watered-down, occasional hope that you'll get to tomorrow. Intention without action is useless.",en,,quote,Caroline Myss,Caroline Myss,Motivation & Success,intention;action,verified,,"Verified: Confirmed as Caroline Myss's, quoted verbatim including the full first sentence about intention alone."
Q0544,In the middle of every difficulty lies opportunity.,en,,quote,John Archibald Wheeler,"John Archibald Wheeler, Newsweek essay on Einstein (1979)",Motivation & Success,opportunity;adversity,verified,,"Phrasing credited to physicist John Archibald Wheeler (1979, describing Einstein's approach); widely misattributed to Einstein himself. Verified: Commonly and wrongly attributed to Einstein (listed under 'Misattributed to Einstein' in The Ultimate Quotable Einstein); Quote Investigator traces it to Wheeler. The bank correctly credits Wheeler."
Q0545,Want what you have. Do what you can. Be who you are.,en,,quote,Forrest Church,"Forrest Church, The Cathedral of the World (2009); also his memoir Love and Death",Philosophy & Wisdom,contentment;authenticity;life,verified,,Wording as collected was: Do what you can. Want what you have. Be who you are. Wording corrected against the source: Church's mantra runs 'Want what you have; do what you can; be who you are'; the bank reorders the three clauses. Canonical order restored.
Q0546,"There are only two mistakes one can make along the road to truth; not going all the way, and not starting.",en,,quote,Buddha,,Buddhism,truth;action;wisdom,unverified,,Attribution unverified: Bodhipaksa finds the earliest attribution in Alan Cohen's Healing of the Planet Earth (1987) and suspects Shantideva's Bodhicaryavatara as distant inspiration; nothing canonical.
Q0547,"Make the most of yourself, for that is all there is of you.",en,,quote,Ralph Waldo Emerson,,Personal Growth,self;potential,unverified,,"Source spells 'Ralph Emerson'. Attribution unverified: Attributed to Emerson since at least 1907, but the line could not be located in any of his published works; the source cannot be confirmed or disproved."
Q0548,I will prepare and some day my chance will come.,en,,quote,Abraham Lincoln,,Motivation & Success,preparation;opportunity,unverified,,"Attribution unverified: No source in Lincoln's collected works; the saying first appears in print in 1931, decades after his death, with a competing variant ('I will study and get ready'). Very likely apocryphal but not disprovable."
Q0549,The amount of happiness that you have depends on the amount of freedom you have in your heart.,en,,quote,Thích Nhất Hạnh,"Thich Nhat Hanh; found in Taming the Tiger Within (2004), a compilation of his writings (bank cites No Death, No Fear, 2002)",Mindfulness,happiness;freedom,verified,,"Composed in English for Riverhead, so this is the original wording. Verified: Confirmed as Thich Nhat Hanh's; the exact wording appears in his Taming the Tiger Within. Its origin in No Death, No Fear is plausible but was not independently confirmed."
Q0550,Be yourself; everyone else is already taken.,en,,quote,,,Personal Growth,authenticity,unverified,,"Misattributed to Oscar Wilde (not in his works); earliest exact match anonymous (1999), later credited to one Gilbert Perreira. Attribution unverified: Commonly credited to Oscar Wilde, but Quote Investigator finds no evidence he said it (absent from Keyes's Wit & Wisdom of Oscar Wilde); earliest instances are anonymous. The bank's 'Unknown' is correct."
Q0551,"You have enemies? Good. That means you've stood up for something, sometime in your life.",en,,quote,Ed Greenwood,"Ed Greenwood, The Code of the Harpers (1993), epigraph spoken by the character Elminster",Motivation & Success,courage;conviction,verified,,"Modern phrasing coined by Ed Greenwood (1993) for the character Elminster; the sentiment echoes Victor Hugo (1845); widely misattributed to Churchill. Verified: Widely misattributed to Churchill or Victor Hugo; Quote Investigator's earliest match is Greenwood's 1993 Forgotten Realms book, and Greenwood confirmed to QI that he coined it. Original epigraph is phrased 'Ye have enemies? Good, good...'"
Q0552,"We are the leaves of one branch, the drops of one sea, the flowers of one garden.",en,,quote,Henri-Dominique Lacordaire,,Philosophy & Wisdom,unity;humanity,unverified,,"Source spells 'Jean Lacordair'. Previously attributed to Jean Lacordaire. Attribution unverified: Name is properly Henri-Dominique Lacordaire, not ""Jean""; the saying occurs only in English aggregator sites, is absent from his Conférences de Notre-Dame, and closely echoes the Bahá'í formula ascribed to 'Abdu'l-Bahá."
Q0553,It takes courage to grow up and become who you really are.,en,,quote,E. E. Cummings,,Personal Growth,courage;authenticity,unverified,,"Attribution unverified: Not found in Cummings's works; it surfaces only in inspirational gift-book collections from the 2000s onward with no citation. Cummings's genuine statement on this theme is 'To be nobody-but-yourself...' (A Poet's Advice to Students, 1955)."
Q0554,Nothing happens unless first a dream.,en,,poem,Carl Sandburg,"Carl Sandburg, 'Washington Monument by Night', in Slabs of the Sunburnt West (1922)",Creativity & Art,dreams;vision,verified,,Wording as collected was: Nothing happens unless first we dream. Wording corrected against the source: Sandburg's line reads 'Nothing happens unless first a dream'; the bank's 'unless first we dream' alters it. Corrected to the poem's wording.
Q0555,A good decision is based on knowledge and not on numbers.,en,,quote,Plato,"Plato, Laches 184e",Philosophy & Wisdom,decision;knowledge,verified,tg-165,Verified: Socrates argues a decision must be judged by knowledge and not by numbers; Greek from the Perseus text of the Laches.
Q0556,"You can't stop the waves, but you can learn to surf.",en,,quote,Jon Kabat-Zinn,"Wherever You Go, There You Are: Mindfulness Meditation in Everyday Life (1994), ch. 29, 'You Can't Stop the Waves But You Can Learn to Surf', p. 30",Mindfulness,acceptance;resilience,verified,,"Verified: The line is the title and refrain of that chapter in Kabat-Zinn's own book, confirmed in the Internet Archive full text. He is candid there that the words are not his: he reports them as the caption of a 1970s poster showing Swami Satchidananda in tree pose on a surfboard, an image Jack Kornfield describes too. His book is where the saying entered general circulation."
Q0557,"It is the quality of our work which will please God, not the quantity.",en,,quote,Mahatma Gandhi,,Philosophy & Wisdom,work;quality,unverified,,"Attribution unverified: The sentiment matches Gandhi's writing on work as worship, but it is not locatable in CWMG or the sourced mkgandhi.org collections."
Q0558,I cannot make my days longer so I strive to make them better.,en,,quote,Henry David Thoreau,,Philosophy & Wisdom,time;improvement;life,unverified,,Attribution unverified: Attributed on aggregators to both Henry David Thoreau and Paul Theroux; not present in Walden (checked against the full Gutenberg text) and no primary source in Thoreau's works could be found.
Q0559,You cannot be lonely if you like the person you're alone with.,en,,quote,Wayne Dyer,"Wayne Dyer, Your Erroneous Zones (1976)",Personal Growth,solitude;self-love,verified,,"Verified: Confirmed as Wayne Dyer's, quoted verbatim as his in multiple sources."
Q0560,"When you doubt your power, you give power to your doubt.",en,,quote,Honoré de Balzac,,Motivation & Success,doubt;power,unverified,,Attribution unverified: Circulates solely on English motivational quote sites with no source; no French wording is attested anywhere in Balzac's corpus or French quotation databases.
Q0561,A man who doesn't trust himself can never really trust anyone else.,en,,quote,Cardinal de Retz (Jean François Paul de Gondi),"Mémoires (attributed, no locus found)",Philosophy & Wisdom,trust;self,unverified,,"Source spells 'Cardinal Retz'. Previously attributed to Cardinal de Retz. Attribution unverified: French aggregators give ""Un homme qui ne se fie pas à soi-même ne se fie véritablement à personne"" and cite the Mémoires, but I could not confirm it in the Wikisource text, so I do not vouch for the wording."
Q0562,Of course there is no formula for success except perhaps an unconditional acceptance of life and what it brings.,en,,quote,Arthur Rubinstein,,Motivation & Success,success;acceptance,unverified,,"Attribution unverified: 57 printings, all quote anthologies. The earliest found, Contradictory Quotations (1983), dates the remark to 1974 but gives no source; Rubinstein's memoirs and his 1977 interview with Robert MacNeil contain related sentiments in quite different words ('providence seems to favor human beings who accept and love life unconditionally'). No 1974 interview or article could be located."
Q0563,All things change; nothing perishes.,en,,quote,Ovid,Metamorphoses 15.165,Personal Growth,change;impermanence,verified,tg-166,"Verified: The Latin Library text of Metamorphoses 15.165, in Pythagoras' speech, matches word for word."
Q0564,It is not uncommon for people to spend their whole life waiting to start living.,en,,quote,Eckhart Tolle,"Eckhart Tolle, The Power of Now (also Practising the Power of Now, 2001)",Mindfulness,present;living,verified,,"Verified: Confirmed as Tolle's, appearing in Practising the Power of Now."
Q0565,How do you defeat terrorism? Don't be terrorized.,en,,quote,Salman Rushdie,"Salman Rushdie, Step Across This Line: Collected Nonfiction 1992-2002 (2002)",Philosophy & Wisdom,fear;courage,verified,,Verified: A genuine Rushdie line from his collected nonfiction; the fuller passage runs 'How to defeat terrorism? Don't be terrorized. Don't let fear rule your life.'
Q0566,Those who make the worse use of their time are the first to complain of its shortness.,en,,quote,Jean de la Bruyère,"Les Caractères (1688), ""Des jugements""",Philosophy & Wisdom,time,verified,tg-167,"Verified: Confirmed on the Wikisource page images of the Flammarion 1880 edition, chapter ""Des jugements"" (not ""De l'homme"")."
Q0567,"Success means having the courage, the determination, and the will to become the person you believe you were meant to be.",en,,quote,George Sheehan,,Motivation & Success,courage;purpose,unverified,,"Attribution unverified: 34 printings in the Internet Archive corpus, all graduation-gift and motivational anthologies, the earliest found from 2008 - nearly a decade after Sheehan's death. Nothing in Running and Being, This Running Life or his Runner's World columns could be reached that contains it."
Q0568,"I'm in Hell's Kitchen with an apron and a hairnet / Devil on my shoulder, the Lord as my witness / So on my Libra scale I'm weighing sins and forgiveness",en,,poem,Lil Wayne,"Lil Wayne, 'She Will' (feat. Drake), Tha Carter IV (2011)",Music,wordplay;morality;song lyric,verified,,Collected as a single line; restored to the full three-bar run. Verified: The three lines are confirmed as Lil Wayne's verse in 'She Will' via lyric sources; attribution and wording hold.
Q0569,"All action results from thought, so it is thoughts that matter.",en,,quote,Sai Baba,,Philosophy & Wisdom,thought;action,unverified,,"Attribution unverified: Not found in the Sri Sathya Sai Speaks discourse archive or any primary source, only on quote aggregators."
Q0570,A man's dreams are an index to his greatness.,en,,quote,Zadok Rabinowitz,,Creativity & Art,dreams;greatness;vision,unverified,,"Attribution unverified: Reb Zadok wrote on dreams as self-revelation in Divrei Chalomot, but this English one-liner appears only in quotation dictionaries, and his works are Hebrew rather than Yiddish."
Q0571,"Simply put, you believe that things or people make you unhappy, but this is not accurate. You make yourself unhappy.",en,,quote,Wayne Dyer,"Your Erroneous Zones (1976), the passage on blaming others for one's own feelings (Internet Archive scan of the 1976 Funk and Wagnalls edition, leaf 262)",Personal Growth,responsibility;happiness,paraphrase,,"Renders the source loosely: Dyer's sentence runs on: 'Simply put, you believe that things or people make you unhappy, but this is not accurate. You make yourself unhappy because of the thoughts that you have about the people or events in your life.' The bank stops at the clause that carries the point, and nothing is misstated."
Q0572,Passion creates the desire for more and action fuelled by passion creates a future.,en,,quote,Byron Pulsifer,,Motivation & Success,passion;action,unverified,,"Attribution unverified: Byron Pulsifer is a motivational-website writer; the line appears only on such sites (wow4u/livelifehappy) with no published source, so it cannot be independently verified."
Q0573,There is no duty we so much underrate as the duty of being happy. By being happy we sow anonymous benefits upon the world.,en,,quote,Robert Louis Stevenson,"Robert Louis Stevenson, 'An Apology for Idlers', in Virginibus Puerisque (1881)",Philosophy & Wisdom,happiness;duty;life,verified,,Wording as collected was: There is no duty we so underrate as the duty of being happy. By being happy we sow anonymous benefits upon the world. Wording corrected against the source: Stevenson wrote 'no duty we so MUCH underrate'; the bank drops 'much'. Corrected against the essay.
Q0574,"Setting an example is not the main means of influencing another, it is the only means.",en,,quote,Albert Schweitzer,,Motivation & Success,example;influence;leadership,reattributed,,"Previously attributed to Albert Einstein. Reattributed: German sources including Zitatforschung and German quotation collections give this to Albert Schweitzer, not Einstein, though even the Schweitzer attribution lacks a primary passage, so no original text is supplied."
Q0575,Listen to your intuition. It will tell you everything you need to know.,en,,quote,Anthony D'Angelo,"Anthony J. D'Angelo, The College Blue Book (entry 303)",Personal Growth,intuition,verified,,Verified: Confirmed verbatim as item 303 in D'Angelo's Inspirational College Blue Book.
Q0577,"Cities have the capability of providing something for everybody, only because, and only when, they are created by everybody.",en,,quote,Jane Jacobs,"Jane Jacobs, The Death and Life of Great American Cities (1961)",Cities & Society,cities;participation;urbanism,verified,,"Verified: The bank's line is Jacobs's, confirmed via The Urban Wisdom of Jane Jacobs; it is the famous closing sentiment of Death and Life (sometimes used as an epigraph in books about Robert Moses)."
Q0578,"First life, then spaces, then buildings - the other way around never works.",en,,quote,Jan Gehl,"Life, Spaces, Buildings - And in Said Order, Please (2006); restated in his lectures, e.g. Roca London Gallery, January 2019",Cities & Society,cities;planning;urbanism,verified,,"Spoken or written in English, so no original is owed: Gehl repeats this maxim in his English lectures and writing, so it was formulated in English and no Danish original is owed."
Q0579,Forget the damned motor car and build the cities for lovers and friends.,en,,quote,Lewis Mumford,My Works and Days: A Personal Chronicle (1979),Cities & Society,cities;mobility;urbanism;friendship,verified,,"Verified: Simpson's Contemporary Quotations (1988) and the New York Public Library Book of Twentieth-Century American Quotations (1992) both file the sentence under 1979, and Mumford's My Works and Days is the book they point to; the bike-touring anthology that reprints it cites the same title. The Internet Archive has no searchable full text of that book, so the page could not be confirmed, but every trail leads to Mumford's own chronicle rather than to a compiler."
Q0580,"The cities we build affect our thoughts, our feelings, and our happiness, yet we typically have little input as to how they are built.",en,,quote,Charles Montgomery,,Cities & Society,cities;happiness;urbanism,unverified,,"Attribution unverified: Reflects the central thesis of Charles Montgomery's Happy City (2013), but the exact wording could not be located in that book or elsewhere; likely a paraphrase."
Q0581,Complexity is not a vice of urban life but a sign of intelligence.,en,,quote,Richard Sennett,,Cities & Society,cities;complexity;urbanism,unverified,,"Attribution unverified: Consistent with Richard Sennett's known views on urban complexity (Building and Dwelling), but the exact sentence could not be located in any source."
Q0582,"A good city is like a good party - people stay longer than necessary, because they are enjoying themselves.",en,,quote,Jan Gehl,"Interview, Sydney Morning Herald, 1 December 2007",Cities & Society,cities;joy;urbanism,reattributed,,"Previously attributed to Enrique Penalosa. Reattributed: The line is the Danish urbanist Jan Gehl's, quoted in the Sydney Morning Herald and repeated in his lectures; it was said in English, so no romance-language original applies."
Q0583,"Each city has the capability to create new orders of complexity, and in this capability rests, ultimately, its creativity.",en,,quote,Saskia Sassen,,Cities & Society,cities;creativity;urbanism,unverified,,"Attribution unverified: Aligns with Saskia Sassen's writing on cities, complexity and 'making', but the exact wording could not be traced to a specific text."
Q0584,"The great good places at the heart of communities are not profit centers, but centers of vital public life.",en,,quote,Ray Oldenburg,,Cities & Society,cities;community;urbanism,unverified,,"Attribution unverified: Reflects Ray Oldenburg's 'third place' thesis (The Great Good Place, 1989), but the exact sentence could not be located; likely a paraphrase of his argument."
Q0585,The areas of consensus shift unbelievably fast; the bubbles of certainty are constantly exploding.,en,,quote,Rem Koolhaas,Interview in Icon Magazine (2004),Cities & Society,change;certainty;urbanism,verified,,"Spoken or written in English, so no original is owed: Koolhaas gave this interview in English, so no Dutch original is owed."
Q0586,"If you plan cities for cars and traffic, you get cars and traffic. If you plan for people and places, you get people and places.",en,,quote,Fred Kent,"Attributed to Fred Kent of Project for Public Spaces; quoted in Melody Warnick, This Is Where You Belong (2016) and The City Reader (2015)",Cities & Society,cities;planning;urbanism,verified,,Verified: Full-text search finds the exact wording credited to Fred Kent (Project for Public Spaces) in Warnick's book and the Routledge City Reader.
Q0587,A city is hard to grasp because of its complexity. We need to use simplifications to make sense of it.,en,,quote,Kevin Lynch,,Cities & Society,cities;complexity;urbanism,unverified,,Attribution unverified: No verbatim match in the Internet Archive corpus or on Lynch's Wikiquote page; it loosely paraphrases the legibility argument of The Image of the City (1960) but is not a traceable quotation.
Q0588,"Building and thinking are, each in its own way, inescapable for dwelling, yet they also remain inadequate unless they are capable of listening to the call of the essence of dwelling.",en,,quote,Martin Heidegger,"Bauen Wohnen Denken (1951), in: Vorträge und Aufsätze; GA 7, S. 163",Cities & Society,dwelling;philosophy;urbanism,paraphrase,tg-168,"Renders the source loosely: The passage is genuine (checked against beyng.com's GA 7 page 163), but the stored English replaces listening to one another with listening to the call of the essence of dwelling."
Q0589,"The house shelters daydreaming, the house protects the dreamer, the house allows one to dream in peace.",en,,quote,Gaston Bachelard,"La Poétique de l'espace (1957), ch. 1 ""La maison"", PUF Quadrige p. 26",Cities & Society,home;dreams;urbanism,verified,tg-169,"Verified: Confirmed against the full-text PDF hosted by gastonbachelard.org and a page-referenced quotation (PUF Quadrige, pp. 24-28)."
Q0590,The city: a place where a multitude of people live who do not know each other.,en,,quote,Friedrich Nietzsche,,Cities & Society,cities;anonymity;urbanism,unverified,,"Attribution unverified: No passage of this kind could be found in Nietzsche and German searches return it only as a commonplace of urban sociology in the Weber and Simmel tradition, so the attribution can be neither confirmed nor formally refuted."
Q0591,"A man's work is nothing but this slow trek to rediscover, through the detours of art, those two or three great and simple images in whose presence his heart first opened.",en,,quote,Albert Camus,"L'Envers et l'Endroit (1958), Préface",Creativity & Art,art;work,verified,tg-170,"Verified: Confirmed verbatim in the UQAM classiques full text of L'Envers et l'Endroit, preface, p. 20."
Q0592,The environment is where we all meet; where we all have a mutual interest; it is the one thing all of us share.,en,,quote,Lady Bird Johnson,"Speech at Yale University, 9 October 1967",Nature & Wonder,environment;commons;sustainability,reattributed,,Previously attributed to Dalai Lama. Reattributed: Documented by the Lady Bird Johnson Wildflower Center as her Yale speech; there is no connection to the Dalai Lama.
Q0593,Start by doing what's necessary; then do what's possible; and suddenly you are doing the impossible.,en,,quote,Francis of Assisi,,Motivation & Success,action;perseverance,unverified,,Attribution unverified: Absent from Francis's writings and the early lives; Wikiquote removed it for lack of a source and the earliest located print appearance is Reader's Digest in 1987.
Q0594,You are a function of what the whole universe is doing in the same way that a wave is a function of what the whole ocean is doing.,en,,quote,Alan Watts,"Attributed to Alan Watts's lectures; quoted in Mike Doughty, The Book of Drugs (2012) and quote collections",Philosophy & Wisdom,interconnection;self,verified,,Verified: The wave/ocean formulation is Watts's signature teaching and appears verbatim in print attributed to him; it comes from his recorded talks rather than a single book.
Q0595,"Not everything that can be counted counts, and not everything that counts can be counted.",en,,quote,William Bruce Cameron,Informal Sociology: A Casual Introduction to Sociological Thinking (1963),Cities & Society,metrics;value;measurement,verified,,"Often misattributed to Albert Einstein. Verified: Confirmed by Garson O'Toole (Quote Investigator), Hemingway Didn't Say That (2017): the line is Cameron's from Informal Sociology and is frequently misattributed to Einstein."
Q0596,"The city is a language, and we are its lexicographers.",en,,quote,Jonathan Raban,,Cities & Society,cities;language;urbanism,unverified,,"Attribution unverified: The formulation 'and we are its lexicographers' appears in no book (0 hits); 'the city is a language' is Roland Barthes's idea, and Raban's actual Soft City line is 'Cities... are plastic by nature'. This wording traces only to aggregators, not to Raban."
Q0597,The limits of my language mean the limits of my world.,en,,quote,Ludwig Wittgenstein,"Tractatus logico-philosophicus (1921), Satz 5.6",Philosophy & Wisdom,language;perception,verified,tg-171,Verified: Verified against the German text of the Tractatus; the stored English is Ogden's translation of proposition 5.6.
Q0598,We do not inherit the Earth from our ancestors; we borrow it from our children.,en,,proverb,,,Nature & Wonder,environment;future;sustainability,unverified,,"Native American proverb; also attributed to Wendell Berry and to a Haida saying. Attribution unverified: Quote Investigator (2013) documents this as a modern environmental proverb with no established origin, variously linked to Wendell Berry, David Brower and unnamed Native American sources; the bank's 'Unknown' is apt."
Q0599,"In nature, nothing exists alone.",en,,quote,Rachel Carson,"Silent Spring (1962), ch. 6",Nature & Wonder,nature;interconnection;sustainability,verified,,"Verified: The line is quoted as Carson's from Silent Spring (p. 55) in multiple works, e.g. H. Patricia Hynes, The Recurring Silent Spring (1989)."
Q0600,You can't solve a problem on the same level that it was created. You have to rise above it to the next level.,en,,quote,Albert Einstein,,Motivation & Success,thinking;perspective;problem-solving,unverified,,Widely attributed to Einstein; exact wording unverified. Attribution unverified: Calaprice in The New Quotable Einstein and English Wikiquote treat all such level of thinking versions as unsourced twentieth-century paraphrases of Einstein's genuine 1946 statement.
Q0601,It is only with the heart that one can see rightly; what is essential is invisible to the eye.,en,,quote,Antoine de Saint-Exupery,"Le Petit Prince (1943), ch. XXI (the fox)",Literature,love;perception;le petit prince,verified,tg-004,English translation of the French original. Verified: The fox's line in Le Petit Prince; French original supplied. Widely confirmed.
Q0602,Human beings are at the center of concerns for sustainable development.,en,,quote,,"Rio Declaration on Environment and Development (1992), Principle 1",Nature & Wonder,sustainability;humanity,verified,,"Principle 1 of the 1992 Rio Declaration. Verified: The wording is Principle 1 of the 1992 Rio Declaration, confirmed against many reference texts; a collective UN document, so 'Unknown' author is correct."
Q0603,"Night, the beloved. Night, when words fade and things come alive. When the destructive analysis of day is done, and all that is truly important becomes whole and sound again.",en,,quote,Antoine de Saint-Exupery,"Flight to Arras (Pilote de guerre, 1942), trans. Lewis Galantiere",Nature & Wonder,night;wonder,verified,,"Verified: Attribution to Saint-Exupery and the wording are correct, but the passage is from Flight to Arras (Galantiere translation, 1942), not Wind, Sand and Stars; multiple editions of Flight to Arras carry it. Source corrected."
Q0604,"In wide arcs of wandering through the city / I saw to either side of what is seen, and noticed treasures where it was thought there were none. / I passed through a more fluid city. / I broke up the imprint of familiar places, shutting my eyes to the boredom of modern contours.",en,,poem,A. A. Dun,"Aidan Andrew Dun, Vale Royal (1995)",Nature & Wonder,cities;wandering;poem;night,verified,,"Published 1995. Verified: The lines match those quoted in urban-studies works (Jane Rendell's 'Spatial Stories'; Nick Dunn, Dark Matters, 2016); 'A. A. Dun' is Aidan Andrew Dun and the epic poem is Vale Royal."
Q0605,"Listen, jerk-off, I can do anything you can and a lot of things you'll never do. I'm blind, that's all.",en,,quote,Blind Woman,"Night on Earth (1991), Paris segment; written and directed by Jim Jarmusch",Film & Television,blindness;defiance,verified,,"Jim Jarmusch, Night on Earth (1991); Paris episode, Beatrice Dalle. Verified: Confirmed as the Blind Woman's (Beatrice Dalle) line in the Paris segment; film dialogue, so it belongs to the character per bank policy. Writer: Jim Jarmusch."
Q0606,Don't blind people usually wear dark glasses? / Do they? I've never seen a blind person.,en,,quote,,"Night on Earth (1991), Paris segment; written and directed by Jim Jarmusch",Film & Television,blindness;perception,verified,,"Exchange between the Paris driver and the Blind Woman. Verified: Driver/Blind Woman exchange confirmed verbatim on the IMDb and moviequotes quote listings for the film; a two-speaker exchange, so left unattributed. Writer: Jim Jarmusch."
Q0607,"I'm just like you. I drink, I eat, I taste things. I listen to music. I feel music. I do whatever I want. I even go to the movies. / The movies? And what do you see at the movies? / Sometimes I feel the film.",en,,quote,,"Night on Earth (1991), Paris segment; written and directed by Jim Jarmusch",Film & Television,blindness;senses,verified,,"Exchange between the Paris driver and the Blind Woman. Verified: Blind Woman/Driver exchange from the same Paris segment about the cinema; consistent with the film's dialogue. A two-speaker exchange, left unattributed. Writer: Jim Jarmusch."
Q0608,"Beauty before me, with it I wander / Beauty behind me, with it I wander / Beauty below me, with it I wander / Beauty above me, with it I wander / Beauty all around me, with it I wander",en,,poem,Traditional Diné (Navajo) Blessingway,"Navajo Night Chant (Nightway), closing 'Walking in Beauty' prayer; trans. Washington Matthews, The Night Chant, a Navaho Ceremony (1902)",Literature,blessing;nature;poem;beauty;poetry,verified,,"Source note holds only the fragment ""Be it beautiful beside me / Above / Below"" under the heading ""Indianisches Gedicht""; restored to the canonical Blessingway lines. Verified: Wording and translator (Matthews) are correct, but this 'In beauty I walk' finishing prayer is from the Night Chant (Nightway), not the Blessingway; found in Matthews's Navaho Myths, Prayers and Songs. Ceremony corrected in source."
Q0609,"Même si là, t'as tort, bah, j'suis de ton côté / Avec moi t'auras tout, et tout ça sans négocier",fr,,lyric,,,Music,loyalty;love;song lyric,unverified,,"French song lyric noted under ""Lyrik""; accents restored from the source note. Performer could not be identified. Attribution unverified: Second line is verbatim from Lartiste's Vaï et Viens per paroles.net, but the first line appears in no attested lyric."
Q0610,"Neither a lofty degree of intelligence nor imagination nor both together go to the making of genius. Love, love, love, that is the soul of genius.",en,,quote,Gottfried von Jacquin,"Eintrag in Mozarts Stammbuch, Wien, 11. April 1787",Creativity & Art,genius;love,reattributed,tg-172,"Previously attributed to Wolfgang Amadeus Mozart. Reattributed: The University of Vienna Library documents these words as Emilian Gottfried von Jacquin's entry in Mozart's album, not as Mozart's own."
Q0611,"Knowing is not enough, we must apply. Willing is not enough, we must do.",en,,quote,Johann Wolfgang von Goethe,"Wilhelm Meisters Wanderjahre (1829), 'Betrachtungen im Sinne der Wanderer'",Motivation & Success,action;knowledge,reattributed,tg-173,"Bruce Lee quoting Goethe. Previously attributed to Bruce Lee. Reattributed: The English is a translation of Goethe's aphorism from Wilhelm Meisters Wanderjahre; Bruce Lee adopted and popularised it (it is on his memorial), but the words are Goethe's. German original supplied."
Q0612,"The superior man is modest in his speech, but exceeds in his actions.",en,,poem,Confucius,Analects 14.29 (憲問),Philosophy & Wisdom,modesty;action,verified,tg-174,"Verified: Legge's translation of a genuine passage, though most modern scholars read it as ""is ashamed that his words outstrip his deeds"", nearly the reverse."
Q0613,"It is through science that we prove, but through intuition that we discover.",en,,quote,Henri Poincaré,"Science et méthode (1908), livre II, ch. II",Philosophy & Wisdom,intuition;science,paraphrase,tg-175,"Source note spells the name ""Jules Poincare""; the mathematician is Henri Poincare. Previously attributed to Henri Poincare. Renders the source loosely: Poincaré wrote ""logique/invente"", not ""science/discover""; confirmed on Wikisource and in his 1899 Enseignement mathématique article, so the English is a loose rendering. Accent added to the surname."
Q0614,"We know the truth, not only by the reason, but by the heart.",en,,quote,Blaise Pascal,"Pensées, Lafuma 110 / Brunschvicg 282",Philosophy & Wisdom,truth;heart;intuition,verified,tg-176,Verified: Confirmed as the opening of fragment Lafuma 110 in the penseesdepascal.fr critical edition and other scholarly transcriptions.
Q0615,"Live through feeling and you will live through love. For feeling is the language of the soul, and feeling is truth.",en,,quote,Matt Zotti,,Love,feeling;truth;love,unverified,,"Attribution unverified: Appears only on quote aggregators attributed to 'Matt Zotti', with no published source; the core phrase 'feeling is the language of the soul' echoes Neale Donald Walsch's Conversations with God."
Q0616,All fixed set patterns are incapable of adaptability or pliability. The truth is outside of all fixed patterns.,en,,quote,Bruce Lee,"Bruce Lee, Striking Thoughts (2002); also Tao of Jeet Kune Do",Philosophy & Wisdom,adaptability;truth,verified,,"Verified: Confirmed as Bruce Lee's in Striking Thoughts (John Little, ed., 2002), drawn from his Jeet Kune Do writings."
Q0617,There are only two ways to live your life. One is as though nothing is a miracle. The other is as though everything is a miracle.,en,,quote,Albert Einstein,,Nature & Wonder,wonder;perspective,unverified,,Attribution unverified: Quote Investigator and Zitatforschung find no Einstein source; the saying spread only in the later twentieth century.
Q0618,The cosmos is neither moral or immoral; only people are. He who would move the world must first move himself.,en,,quote,Edward Ericson,,Philosophy & Wisdom,morality;self,unverified,,"Attribution unverified: Traceable only to Pinterest and inspirational-quote sites attributed to 'Edward Ericson', with no identifiable work; the second sentence is the (itself dubious) line commonly ascribed to Socrates."
Q0619,To be aware of a single shortcoming within oneself is more useful than to be aware of a thousand in someone else.,en,,quote,Tenzin Gyatso,"The Dalai Lama: A Policy of Kindness, ed. Sidney Piburn (Snow Lion, 1990); reprinted as the entry for 3 January in The Path to Tranquility: Daily Wisdom (1998)",Personal Growth,self-awareness;humility,verified,,"Tenzin Gyatso is the 14th Dalai Lama. Genuine teaching in Mullin's translation; no attested Tibetan wording was locatable, so no original is supplied. Wording as collected was: To be aware of a single shortcoming in oneself is more useful than to be aware of a thousand in someone else. Wording corrected against the source: Every printing reads 'within oneself'. The source the bank records is also wrong: the Internet Archive holds the full text of The Path to Enlightenment (Snow Lion, 1995) and the sentence is not in it. Ancient Wisdom, Modern World (1999) gives a further variant, 'far more useful to be aware of a single shortcoming in ourselves than ... a thousand in somebody else'."
Q0620,Creativity comes from trust. Trust your instincts. And never hope more than you work.,en,,quote,Rita Mae Brown,"Rita Mae Brown, Starting from Scratch: A Different Kind of Writers' Manual (1988)",Creativity & Art,creativity;trust;work,verified,,"Verified: Attributed to Rita Mae Brown in multiple quote collections (e.g. Richard Bach, Commitment to Excellence); from her writers' manual."
Q0621,"Wenn ihr steht, dann lauft ihr schon; wenn ihr geht, seid ihr schon angekommen; wenn ihr sitzt, dann strebt ihr schon weiter.",de,,quote,Überliefert (Lehrgeschichte vom Mönch),"u. a. bei Willigis Jäger, Die Welle ist das Meer",Mindfulness,presence;journey;arrival,unverified,,The monk's reply in the well-known mindfulness teaching story; the note held only the middle clause and guessed at a biblical origin. Attribution unverified: A Zen teaching story passed on orally; no printed occurrence in Willigis Jäger or anywhere else could be established.
Q0623,"Ich lebe mein Leben in wachsenden Ringen, / die sich über die Dinge ziehn. / Ich werde den letzten vielleicht nicht vollbringen, / aber versuchen will ich ihn. / Ich kreise um Gott, um den uralten Turm, / und ich kreise jahrtausendelang; / und ich weiß noch nicht: bin ich ein Falke, ein Sturm / oder ein großer Gesang.",de,,poem,Rainer Maria Rilke,"Das Stunden-Buch (1905), Das Buch vom mönchischen Leben, Nr. 2 (geschrieben 1899)",Literature,life;seeking;poem;poetry,verified,,"Also collected as: Ich lebe mein Leben in wachsenden Ringen, die sich über die Dinge ziehn. Ich werde den letzten vielleicht nicht vollbringen, aber versuchen will ich ihn. Ich kreise um Gott, um den uralten Turm, und ich kreise jahrtausendelang; und ich weiß noch nicht: bin ich ein Falke, ein Sturm oder ein großer Gesang. One Rilke poem entered twice, once with verse line breaks and once run together as prose. The verse form is kept. Wording as collected was: Ich lebe mein Leben in wachsenden Ringen, / die sich über die Dinge ziehn. / Ich werde den letzten vielleicht nicht vollbringen, / aber versuchen will ich ihn. / Ich kreise um Gott, um den uralten Turm, / und ich weiß noch nicht: bin ich ein Falke, ein Sturm / oder ein großer Gesang. Wording corrected against the source: The bank's version is missing the line ""und ich kreise jahrtausendelang;"", which costs the stanza its rhyme on ""Gesang"" (Zeno.org and the Insel edition, vol. 1, p. 157)."
Q0624,the universe took its time on you / crafted you to offer the world / something different from everyone else,en,,poem,Rupi Kaur,"Rupi Kaur, The Sun and Her Flowers (2017)",Literature,self-worth;uniqueness;poem;poetry,verified,,"Wording as collected was: The universe took its time on you / so you could offer the world / something distinct from everyone else Wording corrected against the source: The passage is from The Sun and Her Flowers (2017), not Milk and Honey, and the bank misstates it ('so you could offer'/'distinct' for 'crafted you to offer'/'different'); source and wording corrected."
Q0625,"Als ich verliebt war, war ich der glücklichste Mann auf Erden. Aber niemand kann lieben, der kein Herz hat, und deshalb bin ich entschlossen, Oz um ein Herz zu bitten.",de,,prose,L. Frank Baum,"The Wonderful Wizard of Oz (1900), Kapitel 5 ""The Rescue of the Tin Woodman"", der Blechholzfäller",Literature,love;heart,verified,,"Spoken by the Tin Woodman. Verified: A faithful translation of ""While I was in love I was the happiest man on earth; but no one can love who has not a heart, and so I am resolved to ask Oz to give me one."" (Project Gutenberg 55)."
Q0626,"Ich werde um Verstand statt um ein Herz bitten, denn ein Dummkopf wüßte nicht, was er mit einem Herz anfangen soll, falls er eins hat.",de,,prose,L. Frank Baum,"The Wonderful Wizard of Oz (1900), Kapitel 5 ""The Rescue of the Tin Woodman"", die Vogelscheuche",Literature,heart;mind,verified,,"Spoken by the Scarecrow. Verified: A faithful translation of ""I shall ask for brains instead of a heart; for a fool would not know what to do with a heart if he had one."" (Project Gutenberg 55)."
Q0627,"Für die Welt bist du irgendjemand, aber für irgendjemand bist du die Welt.",de,,quote,,,Love,love;meaning,unverified,,"Common German saying; no reliable attribution. Attribution unverified: As with the other German version of this saying, it renders the anonymous English ""To the world you may be one person, but to one person you may be the world""; no author can be traced."
Q0628,"Tough times never last, but tough people do.",en,,quote,Robert H. Schuller,"Robert H. Schuller, Tough Times Never Last, But Tough People Do! (1983)",Philosophy & Wisdom,resilience;endurance;attitude,verified,,"Source note reads ""Tough Time never last."" Also collected as: Tough time never lasts. Only tough people last. The same saying twice, once with a typo and no attribution. Schuller's attributed form is kept. Wording as collected was: Tough times never last. Only tough people last. Wording corrected against the source: Schuller's actual line (and 1983 book title) is 'Tough times never last, but tough people do'; the bank's 'Only tough people last' misquotes it. Corrected."
Q0629,"You are not a clown, you are the entire circus.",en,,quote,,,Personal Growth,self-worth;humor,unverified,,"No reliable attribution. Attribution unverified: Originates as a June 2019 Twitter/meme line (documented on Know Your Meme), not a literary quotation; no authored source."
Q0630,"Wir gehören alle ein und derselben Welt an, Tiere und Menschen und Pflanzen.",de,,quote,Hermann Hesse,,Nature & Wonder,interconnection;nature;unity;sustainability,unverified,,"Attributed to Hesse in an earlier version of this bank, but the wording is not traceable to any published Hesse text – treat the attribution as unconfirmed. The source note records it without an author. Attribution unverified: Not traceable to any text of Hesse's; the sentence circulates only in unsourced quotation lists and at best summarises his idea of unity."
Q0631,Do not worry if all the candles in the world flicker and die. We have the spark that starts the fire.,en,,quote,Rumi,Divan-e Shams ghazal 110 (Foruzanfar),Personal Growth,hope;fire;inner fire,paraphrase,,"Renders the source loosely: A reworded internet version of Barks' ""Where Everything Is Music"", which his own reference list traces to ghazal 110; neither the wording nor the Persian is Rumi's."
Q0632,"This is Now. Now is all there is. Don't wait for Then; strike the spark, light the fire.",en,,quote,Rumi,,Personal Growth,presence;action;inner fire,unverified,,"Attribution unverified: Not present in The Essential Rumi and no Persian counterpart could be found, though the imagery resembles Barks' flint-and-spark lines."
Q0633,"Let the spark in you catch fire and burn into the air, so that it may light up the sky.",en,,quote,Saim A. Cheeda,,Personal Growth,potential;fire;inner fire,unverified,,"Attribution unverified: Found only on quote aggregators attributed to writer Saim A. Cheeda, with no locatable published source; nothing in the book corpus."
Q0634,A spark of every fire we seek is already within us.,en,,quote,Kamand Kojouri,,Personal Growth,self;potential;inner fire,unverified,,"Attribution unverified: Appears only on quote-aggregator sites (QuotesLyfe, Goodreads) attributed to Kamand Kojouri; no published source could be located."
Q0635,The smallest spark can become the greatest light.,en,,quote,George E. Miller,,Personal Growth,beginnings;potential;inner fire,unverified,,"Attribution unverified: Traceable only to quote-aggregator sites attributed to 'George E. Miller', with no identifiable work or date; nothing in the book corpus."
Q0636,"A spark can become a flame, a flame a fire.",en,,quote,Kathryn Lasky,"Kathryn Lasky, Lone Wolf (Wolves of the Beyond, Book 1, 2010)",Personal Growth,growth;fire;inner fire,verified,,Verified: The exact line is confirmed in the text of Lasky's Lone Wolf via full-text search.
Q0637,"He didn't create the spark, he set the fire.",en,,quote,Karolyn James,Stripped,Personal Growth,fire;agency;inner fire,unverified,,"Attribution unverified: Karolyn James is a real romance author with a book 'Stripped', but the line could not be located in the text or any reliable source, only aggregator-style listings."
Q0638,Every moment contains a spark of eternity.,en,,quote,Elie Wiesel,,Personal Growth,presence;eternity;inner fire,unverified,,"Attribution unverified: Appears only on quote-aggregator sites with no book, essay or interview cited; nothing matching turns up in Wiesel's published works or the 92nd Street Y archive transcripts."
Q0640,Logic will get you from A to B. Imagination will take you everywhere.,en,,quote,Albert Einstein,,Creativity & Art,imagination;logic,unverified,,"Widely attributed to Einstein; not found in his writings. Attribution unverified: No source in Einstein's writings according to Quote Investigator and Zitatforschung, which list it among the most common Einstein fakes."
Q0641,"We work as an eco-system, not an ego-system. Our aim is to grow a positive heartprint, not only shrink the negative footprint.",en,,quote,Emil Boc,,Nature & Wonder,ecology;community;sustainability,unverified,,"Mayor of Cluj-Napoca. Attribution unverified: Boc's eco-system not ego-system formula is documented from his English-language appearances, but the second sentence about a positive heartprint could not be traced to him at all, so the quotation as stored is unconfirmed."
Q0642,"I have been over into the future, and it works.",en,,quote,Lincoln Steffens,"The Autobiography of Lincoln Steffens (1931), p. 799 - his 1919 exchange with Bernard Baruch on returning from the Bullitt mission to Soviet Russia",Cities & Society,future;progress;politics,verified,,"Said in 1919 after visiting the Soviet Union; often quoted ironically. Wording as collected was: I have seen the future, and it works! Wording corrected against the source: Justin Kaplan's biography of Steffens cites Autobiography p. 799 directly: ""'So you've been over into Russia?' said Bernard Baruch, and I answered very literally, 'I have been over into the future, and it works.'"" 'I have seen the future' is the popular corruption, current since at least the 1960s."
Q0643,"When a measure becomes a target, it ceases to be a good measure.",en,,quote,Charles Goodhart,Goodhart's Law; this popular wording is Marilyn Strathern's restatement (1997),Cities & Society,metrics;incentives;measurement,verified,,"Known as Goodhart's Law, 1975; this phrasing is Marilyn Strathern's. Verified: Universally known as Goodhart's Law, but this pithy phrasing is Marilyn Strathern's 1997 restatement; Goodhart's own 1975 formulation is more technical. Attribution kept as conventional, with the nuance noted."
Q0644,"If all you have is a hammer, everything looks like a nail.",en,,quote,Abraham Maslow,"Abraham Maslow, The Psychology of Science (1966)",Cities & Society,tools;bias;measurement,paraphrase,,"Known as Maslow's Hammer, 1966. Renders the source loosely: A faithful condensation of Maslow's line: 'I suppose it is tempting, if the only tool you have is a hammer, to treat everything as if it were a nail.' Kept as collected per policy."
Q0645,Existence precedes essence.,en,,quote,Jean-Paul Sartre,L'existentialisme est un humanisme (1946),Philosophy & Wisdom,existentialism;freedom,verified,tg-177,"Verified: Confirmed in the standard French text of the 1946 lecture, where the formula is stated and then glossed at length."
Q0646,"You act like a mortal in all that you fear, and an immortal in all that you desire.",en,,quote,Lucius Annaeus Seneca,"Seneca, On the Shortness of Life (De Brevitate Vitae), 3.4",Stoicism,mortality;time,verified,tg-178,Verified: The English renders De Brevitate Vitae 3.4; the Latin original is confirmed in editions of Seneca's Opera. Latin supplied.
Q0647,There is no climate security for the world without a protected Amazon.,en,,quote,Luiz Inacio Lula da Silva,"Discours à la COP27, Charm el-Cheikh, 16 novembre 2022",Nature & Wonder,climate;amazon;sustainability,verified,tg-179,"Said at the COP27 climate summit. Verified: Confirmed in the full transcript of Lula's COP27 speech published by G1 and on lula.com.br; it is from COP27, not the 2023 inaugural address."
Q0648,"We have plenty of matches in our house / we keep them on hand always. / Currently our favourite brand is Ohio Blue Tip, / though we used to prefer Diamond Brand. / That was before we discovered Ohio Blue Tip matches. / They are excellently packaged, sturdy little boxes / with dark and light blue and white labels / with words lettered in the shape of a megaphone, / as if to say even louder to the world, / ""here is the most beautiful match in the world, / its one-and-a-half-inch soft pine stem capped / by a grainy dark purple head, so sober and furious / and stubbornly ready to burst into flame, / lighting, perhaps, the cigarette of the woman you love, / for the first time, and it was never really the same / after that. All this will we give you."" / That is what you gave me, I / become the cigarette and you the match, or I / the match and you the cigarette, blazing / with kisses that smoulder towards heaven.",en,,poem,Ron Padgett,"Ron Padgett, 'Love Poem', in New & Selected Poems (1995); used in the film Paterson (2016)",Literature,love;everyday;poem;poetry,verified,,"From Jim Jarmusch's film Paterson (2016). Verified: Padgett's own poem, confirmed in New & Selected Poems; the bank's British spelling ('favourite') differs from the original 'favorite'. Padgett's poem stands as his work per policy."
Q0649,"I'm in the house. / It's nice out: warm / sun on cold snow. / First day of spring / or last of winter. / My legs run up / the stairs and out / the door, my top / half here writing.",en,,poem,Ron Padgett,"Ron Padgett, 'Poem', in Collected Poems (2013); used in Paterson (2016)",Literature,spring;longing;poem;poetry,verified,,"From Jim Jarmusch's film Paterson (2016). Wording as collected was: I'm in the house. / It's nice out: warm / sun on cold snow. / First day of spring / or last day of winter. / My legs run up / the stairs and out / the door, my top / half here writing. Wording corrected against the source: Padgett's 'Poem' reads 'First day of spring / or last of winter'; the bank inserts a second 'day' ('or last day of winter'). Verse wording corrected against Collected Poems."
Q0650,"When I wake up earlier than you and you / are turned to face me, face / on the pillow and hair spread around, / I take a chance and stare at you, / amazed in love and afraid / that you might open your eyes and have / the daylights scared out of you. / But maybe with the daylights gone / you'd see how much my chest and head / implode for you, their voices trapped / inside like unborn children fearing / they will never see the light of day. / The opening in the wall now dimly glows / its rainy blue and grey. I tie my shoes / and go downstairs to put the coffee on.",en,,poem,Ron Padgett,"Ron Padgett, 'Glow', in Collected Poems (2013); used in Paterson (2016)",Literature,love;morning;poem;poetry,verified,,"From Jim Jarmusch's film Paterson (2016). Verified: Padgett's poem 'Glow', confirmed verbatim in Collected Poems; one of the existing poems Jarmusch selected for Paterson."
Q0651,"My little pumpkin, / I like to think about other girls sometimes, / but the truth is / if you ever left me / I'd tear my heart out / and never put it back. / There'll never be anyone like you. / How embarrassing.",en,,poem,Ron Padgett,"Ron Padgett, 'Pumpkin', in Collected Poems (2013); used in Paterson (2016)",Literature,love;devotion;poem;poetry,verified,,"From Jim Jarmusch's film Paterson (2016). Verified: Padgett's poem 'Pumpkin', confirmed verbatim in Collected Poems (p. 850)."
Q0652,"There's an old song / my grandfather used to sing / that has the question, / ""or would you rather be a fish?"" / In the same song / is the same question / but with a mule and a pig, / but the one I hear sometimes / in my head is the fish one. / Just that one line. / Would you rather be a fish? / As if the rest of the song / didn't have to be there.",en,,poem,Ron Padgett,"Ron Padgett, 'The Line', written for the film Paterson (2016)",Literature,memory;song;poem;poetry,verified,,"From Jim Jarmusch's film Paterson (2016). Verified: One of the three poems Padgett wrote for Paterson (per PBS NewsHour); his own work, correctly attributed."
Q0653,I go through / trillions of molecules / that move aside / to make way for me / while on both sides / trillions more / stay where they are. / The windshield wiper blade / starts to squeak. / The rain has stopped. / I stop. / On the corner / a boy in a yellow raincoat / holding his mother's hand.,en,,poem,Ron Padgett,"Ron Padgett, 'The Run', written for the film Paterson (2016)",Literature,movement;attention;poem;poetry,verified,,"From Jim Jarmusch's film Paterson (2016). Verified: One of the poems Padgett wrote for Paterson (per PBS NewsHour); his own work, correctly attributed."
Q0654,"Die Erde aus dem Weltraum anzusehen ist ein bisschen, wie wenn ein Kind sich im Spiegel ansieht und sich selbst erkennt.",de,,quote,Samantha Harvey,"Dankesrede zur Verleihung des Booker Prize, London, 12. November 2024",Nature & Wonder,earth;perspective;wonder,paraphrase,tg-180,"German paraphrase of Harvey's acceptance speech, not of the novel Orbital; English original filed alongside. Renders the source loosely: Faithfully shortened: according to AP and ABC, Harvey said ""To look at the Earth from space is a bit like a child looking into a mirror and realising for the first time that the person in the mirror is herself."""
Q0655,"Western psychotherapy rearranges the furniture in the room, Eastern techniques help you get out of the room.",en,,quote,Ram Dass,"Ram Dass, 'Psychotherapy and Meditation: A Forum', Inquiring Mind 5:1 (Summer 1988)",Mindfulness,meditation;therapy;ego,verified,tg-130,"English original of the German line collected in the source note. Verified: Wording confirmed as Ram Dass's, quoted in W. L. Mikulas, The Integrative Helper (2001) and elsewhere; the bank's specific forum citation holds."
Q0656,To look at the Earth from space is a bit like a child looking into a mirror and realising for the first time that the person in the mirror is herself. What we do to the Earth we do to ourselves.,en,,quote,Samantha Harvey,"Samantha Harvey, Booker Prize acceptance speech, 12 November 2024",Nature & Wonder,earth;perspective;stewardship;wonder,verified,tg-180,"Verified wording of the remark the source note paraphrased in German. Verified: Confirmed against news coverage of Harvey's 2024 Booker speech for Orbital (e.g. Al Jazeera); the wording matches, allowing for minor transcription of the spoken 'a bit like'."
Q0657,"Choose life. / Choose a job. / Choose a career. / Choose a family. / Choose a fucking big television. / Choose washing machines, cars, compact disc players, and electrical tin openers. / Choose good health, low cholesterol and dental insurance. / Choose fixed-interest mortgage repayments. / Choose a starter home. / Choose your friends. / Choose leisure wear and matching luggage. / Choose a three-piece suite on hire purchase in a range of fucking fabrics. / Choose DIY and wondering who the fuck you are on a Sunday morning. / Choose sitting on that couch watching mind-numbing, spirit-crushing game shows, stuffing fucking junk food into your mouth. / Choose rotting away at the end of it all, pishing your last in a miserable home, nothing more than an embarrassment to the selfish, fucked-up brats you have spawned to replace yourself. / Choose your future. / Choose life.",en,,quote,Mark Renton,"Trainspotting (1996); screenplay John Hodge, from Irvine Welsh's novel",Film & Television,consumerism;rebellion;monologue,verified,,Opening monologue; screenplay by John Hodge after the novel by Irvine Welsh. Verified: The 'Choose life' monologue spoken by Mark Renton; screenplay text confirmed against the published Trainspotting screenplay (John Hodge). Character attribution per policy; writer named.
Q0658,"Wo viel Licht ist, ist starker Schatten.",de,,quote,Johann Wolfgang von Goethe,"Götz von Berlichingen (1773), Erster Akt, Jagsthausen, Götz",Philosophy & Wisdom,light;shadow;duality,verified,,"Popular paraphrase runs ""Wo viel Licht ist, ist auch viel Schatten""; the text reads ""starker Schatten"". Verified: The wording matches the text of the play (German Wikiquote, Projekt Gutenberg-DE)."
Q0659,"Wer nicht neugierig ist, erfährt nichts.",de,,quote,Johann Wolfgang von Goethe,"Der Triumph der Empfindsamkeit (1778, Druck 1787), 5. Akt, Sora",Philosophy & Wisdom,curiosity;learning,verified,,Widely attributed to Goethe; no source in his works has been documented. Verified: Zeno.org gives the sentence word for word as Sora's speech in act 5.
Q0660,Irrend lernt man.,de,,quote,Johann Wolfgang von Goethe,"Brief an August von Goethe, 14. Januar 1814",Philosophy & Wisdom,error;learning,verified,,Verified: Zeno.org and TextGrid attest the sentence word for word at the end of the letter.
Q0661,"Alles Gescheite ist schon gedacht worden, man muss nur versuchen, es noch einmal zu denken.",de,,quote,Johann Wolfgang von Goethe,"Maximen und Reflexionen, aus Wilhelm Meisters Wanderjahre, Betrachtungen im Sinne der Wanderer",Philosophy & Wisdom,thought;originality,verified,,"Verified: The TextGrid edition confirms the wording; only the spelling differs, muß against muss."
Q0662,"Halten Sie immer an der Gegenwart fest. Jeder Zustand, ja jeder Augenblick ist von unendlichem Wert, denn er ist der Repräsentant einer ganzen Ewigkeit.",de,,quote,Johann Wolfgang von Goethe,"Johann Peter Eckermann, Gespräche mit Goethe, 3. November 1823",Mindfulness,present;eternity;moment,verified,,"Also cited from Goethe's letter to Carl Friedrich Zelter, 6 June 1825. Wording as collected was: Halte immer an der Gegenwart fest. Jeder Zustand, ja jeder Augenblick ist von unendlichem Wert, denn er ist der Repräsentant einer ganzen Ewigkeit. Wording corrected against the source: Goethe addresses Eckermann formally; the familiar ""Halte"" is a later reworking (Goethe-Lexicon of Philosophical Concepts, FA 2.12:67-68)."
Q0663,"Der Charakter ruht auf der Persönlichkeit, nicht auf den Talenten.",de,,quote,Johann Wolfgang von Goethe,"West-östlicher Divan, Noten und Abhandlungen, ""Israel in der Wüste"" (1819)",Philosophy & Wisdom,character;personality,verified,,Verified: Zeno.org attests the sentence there word for word; the citation to Maximen und Reflexionen that the bank carried was wrong.
Q0664,"Glücklich allein ist die Seele, die liebt.",de,,quote,Johann Wolfgang von Goethe,"Egmont (1788), III. Aufzug, Klärchens Lied ""Freudvoll und leidvoll""",Love,love;happiness;soul,verified,,"Closing line of ""Freudvoll und leidvoll"", set to music by Beethoven. Verified: The closing line of the song; LiederNet documents the text against the 1788 Leipzig first printing."
Q0665,"Es hört doch jeder nur, was er versteht.",de,,quote,Johann Wolfgang von Goethe,"Maximen und Reflexionen, Aus dem Nachlaß, Über Literatur und Leben",Philosophy & Wisdom,understanding;listening,verified,,"Verified: Zeno.org (Berliner Ausgabe, vol. 18, p. 611) attests the sentence word for word."
Q0666,Lerne alt zu werden mit einem jungen Herzen.,de,,quote,Johann Wolfgang von Goethe,,Philosophy & Wisdom,ageing;youth;heart;life,unverified,,"Popularly attributed to Goethe; no source in his works has been documented. Attribution unverified: Not found in Goethe's digitised works, letters or conversations; even the quotation collections that credit him concede they have no source."
Q0667,Der Humor ist der Regenschirm der Weisen.,de,,quote,Erich Kästner,"Der Humor (Aus der großdeutschen Kunstlehre), in: Die Alpen 17 (1949) und Kurz und bündig (1950)",Humor,humor;wisdom,paraphrase,,"Renders the source loosely: Faithfully shortened: the line in full reads ""Der Humor ist der Regenschirm der Weisen und insofern unsoldatisch."""
Q0668,Lasst euch die Kindheit nicht austreiben!,de,,quote,Erich Kästner,Ansprache zum Schulbeginn (Kabarettbeitrag um 1950/1952),Philosophy & Wisdom,childhood;wonder;life,verified,,"Verified: Attested word for word (Kästner, Gesammelte Schriften für Erwachsene, vol. 7); first printed as ""Laßt euch die Kindheit nicht austreiben!""."
Q0669,"Irrtümer haben ihren Wert; jedoch nur hie und da. / Nicht jeder, der nach Indien fährt, entdeckt Amerika.",de,,poem,Erich Kästner,"Der schöpferische Irrtum, in: Kurz und bündig (1950)",Philosophy & Wisdom,error;discovery;poem,verified,,"Kästner, not Goethe; the source collection reproduced it as ""hier und da"". Verified: The wording of the four-line epigram matches exactly."
Q0670,"Wege entstehen dadurch, dass man sie geht.",de,,quote,Antonio Machado,"Proverbios y cantares XXIX, in: Campos de Castilla (1912)",Cities & Society,walking;journey;path;mobility,paraphrase,tg-001,"German rendering of ""se hace camino al andar""; commonly misattributed to Kafka or Nietzsche. Renders the source loosely: A condensed German rendering of the line ""caminante, no hay camino, se hace camino al andar""; Zitatforschung (Krieghofer) gives Machado as the author and documents the false attributions to Kafka and Nietzsche."
Q0671,"Das Glück ist das Einzige, das sich verdoppelt, wenn man es teilt.",de,,proverb,Albert Schweitzer,,Philosophy & Wisdom,happiness;sharing,unverified,,"Traditional attribution; no primary source in Schweitzer's published work has been traced. Attribution unverified: Not traceable in Schweitzer's writings; a modern greeting-card variant of the proverb ""Geteilte Freude ist doppelte Freude"", attached to his name without any citation."
Q0672,Die höchste Form des Glücks ist ein Leben mit einem gewissen Grad an Verrücktheit.,de,,quote,Erasmus von Rotterdam,,Philosophy & Wisdom,happiness;madness;life,unverified,,"Attribution unverified: Absent from Wikiquote's Erasmus and In Praise of Folly pages and from the standard English translations of Moriae Encomium, so no passage could be located despite the sentiment fitting the work."
Q0673,"Glücklich ist, wer das, was er liebt, auch wagt, mit Mut zu beschützen.",de,,quote,Ovid,Amores 2.5.9,Love,love;courage;protection,verified,tg-181,"Traditional attribution to Ovid. Verified: The Perseus/Alpheios text of Amores 2.5.9 confirms the line, and zitate7 gives this German wording with that Latin."
Q0674,"Glück ist kein Geschenk der Götter, sondern die Frucht innerer Einstellung.",de,,quote,Erich Fromm,,Personal Growth,happiness;attitude,unverified,,"Attribution unverified: The citation to Die Kunst des Liebens, p. 39 that every quotation site repeats does not hold up: no such statement about happiness and the gods occurs in the text of The Art of Loving."
Q0675,"Fantasie ist eine wunderbare Eigenschaft, aber man muss sie im Zaum halten.",de,,quote,,,Creativity & Art,imagination;restraint,unverified,,Unattributed in the source collection; no author identified. Attribution unverified: No author and no first attestation could be found; it appears only as an anonymous saying.
Q0676,"Die besten Dinge im Leben sind nicht die, die man für Geld bekommt.",de,,quote,Albert Einstein,,Philosophy & Wisdom,value;money;life,unverified,,"Popularly attributed to Einstein; not traced to his writings. Attribution unverified: No evidence in Einstein's writings and no entry in Calaprice, The Ultimate Quotable Einstein; a typical Kuckuckszitat out of the saying collections."
Q0677,C'est un signe de médiocrité que d'être incapable d'enthousiasme.,fr,,quote,Honoré de Balzac,,Personal Growth,enthusiasm;mediocrity,unverified,,"Attribution unverified: Absent from the complete La Comédie humaine and Théâtre full text; appears only on French quotation aggregators, so unverified."
Q0678,"L'amour n'est pas seulement un sentiment, il est un art aussi.",fr,,quote,Honoré de Balzac,La Recherche de l'Absolu (1834),Love,love;art,verified,,"Verified: Found verbatim in the Emmanuel de Solis passage of the full text (Gutenberg, La Comédie humaine vol. 14)."
Q0679,L'expérience s'achète par le malheur.,fr,,quote,Virginie Ancelot,,Philosophy & Wisdom,experience;suffering,reattributed,,Previously attributed to Honoré de Balzac. Reattributed: Absent from all of La Comédie humaine; the bibliographic survey Dernière gerbe traces it to Virginie Ancelot in 1836.
Q0680,Le véritable amour ne calcule rien.,fr,,quote,Honoré de Balzac,Le Lys dans la vallée (1836),Love,love;generosity,verified,,"Verified: Found verbatim in Mme de Mortsauf's death scene in the full text (Gutenberg, vol. 7)."
Q0681,L'amour ne connaît pas les distances.,fr,,quote,Honoré de Balzac,,Love,love;distance,unverified,,"Attribution unverified: Absent from the complete La Comédie humaine and Théâtre full text; found only on aggregator sites, so unverified."
Q0682,"Nous sommes habitués à juger les autres d'après nous, et si nous les absolvons complaisamment de nos défauts, nous les condamnons sévèrement de ne pas avoir nos qualités.",fr,,quote,Honoré de Balzac,Le Médecin de campagne (1833),Philosophy & Wisdom,judgement;self-knowledge,verified,,"Verified: Found verbatim in the arrival at Benassis's house in the full text (Gutenberg, vol. 13)."
Q0683,Un homme est bien fort quand il s'avoue sa faiblesse.,fr,,quote,Honoré de Balzac,La Peau de chagrin (1831),Personal Growth,strength;weakness;honesty,verified,,"Verified: Found verbatim in Raphaël's account of Foedora in the full text (Gutenberg, vol. 14)."
Q0684,"Le hasard est le plus grand romancier du monde; pour être fécond, il n'y a qu'à l'étudier.",fr,,quote,Honoré de Balzac,"La Comédie humaine, Avant-propos (1842)",Creativity & Art,chance;writing,verified,,"Verified: Found verbatim in the Avant-propos (Gutenberg, vol. 1); the original uses a colon where the bank has a semicolon."
Q0685,"Les grands ont toujours tort de plaisanter avec leurs inférieurs. La plaisanterie est un jeu, le jeu suppose l'égalité.",fr,,quote,Honoré de Balzac,Modeste Mignon (1844),Philosophy & Wisdom,power;equality;humor,verified,,"Verified: Found verbatim in the Butscha and duc scene in the full text (Gutenberg, vol. 4)."
Q0686,La résignation est un suicide quotidien.,fr,,quote,Honoré de Balzac,"Illusions perdues, Ève et David (1843)",Personal Growth,resignation;struggle;resilience,paraphrase,,"Renders the source loosely: Lucien's farewell letter to Ève reads ""La résignation, mon ange, est un suicide quotidien""; the bank keeps the form without the vocative, which is how the line circulates."
Q0687,"Dans ces grandes crises, le cœur se brise ou se bronze.",fr,,quote,Honoré de Balzac,La Maison du Chat-qui-pelote (1830),Personal Growth,heart;crisis;hardening;resilience,verified,,"Wording as collected was: Dans ses grandes crises, le cœur se brise ou se bronze. Wording corrected against the source: The text reads ""ces"", not ""ses""; verified in the full text (Gutenberg, vol. 1 and the standalone edition)."
Q0688,Le temps manque pour tout.,fr,,quote,Honoré de Balzac,Le Lys dans la vallée (1836),Philosophy & Wisdom,time;life,verified,,"Verified: Words occur verbatim in the full text but only as a clause inside a sentence, not as a standalone maxim."
Q0689,Le génie a cela de beau qu'il ressemble à tout le monde et que personne ne lui ressemble.,fr,,quote,Honoré de Balzac,Le Curé de village (1841),Creativity & Art,genius;singularity,verified,,"Verified: Found verbatim as Mme Graslin's inward reflection in the full text (Gutenberg, vol. 13)."
Q0690,L'amour est un trésor de souvenirs.,fr,,quote,Honoré de Balzac,Albert Savarus (1842),Love,love;memory,verified,,"Verified: Found verbatim in the embedded tale L'Ambitieux par amour in the full text (Gutenberg, vol. 1)."
Q0691,Les gens généreux font de mauvais commerçants.,fr,,quote,Honoré de Balzac,"Illusions perdues, Les Deux Poètes (1837)",Philosophy & Wisdom,generosity;commerce,verified,,"Verified: Found verbatim in the David Séchard passage of the full text (Gutenberg, vol. 8)."
Q0692,La gloire est le soleil des morts.,fr,,quote,Honoré de Balzac,La Recherche de l'Absolu (1834),Philosophy & Wisdom,glory;death;posterity,verified,,"Verified: Found verbatim in Mme Claës's deathbed speech in the full text (Gutenberg, vol. 14)."
Q0693,"La clef de toutes les sciences est sans contredit le point d'interrogation; nous devons la plupart des grandes découvertes au comment? Et la sagesse dans la vie consiste peut-être à se demander, à tout propos, pourquoi?",fr,,quote,Honoré de Balzac,La Peau de chagrin (1831),Philosophy & Wisdom,questions;science;wisdom,verified,,"Verified: Found verbatim in the full text (Gutenberg, vol. 14); only punctuation and capitalisation differ."
Q0694,L'égoïsme est le poison de l'amitié.,fr,,quote,Honoré de Balzac,"Illusions perdues, Un grand homme de province à Paris (1839)",Philosophy & Wisdom,friendship;selfishness,verified,,"Verified: Found verbatim as a clause in Fulgence's rebuke of Lucien in the full text (Gutenberg, vol. 8)."
Q0695,He who has imagination without learning has wings but no feet.,en,,quote,Joseph Joubert,"Pensées, essais et maximes (1842), Titre IV",Creativity & Art,imagination;learning,verified,tg-182,"Original: ""Celui qui a de l'imagination sans érudition a des ailes et n'a pas de pieds."" Verified: Confirmed on Wikisource (Titre IV) and independently traced by Quote Investigator to the 1842 first edition."
Q0696,There is no excellent beauty that hath not some strangeness in the proportion.,en,,quote,Francis Bacon,"Francis Bacon, 'Of Beauty', in Essays (1625)",Philosophy & Wisdom,beauty;strangeness,verified,,"Verified: A genuine line from Bacon's essay 'Of Beauty', confirmed in many editions."
Q0697,"In order for the light to shine so brightly, the darkness must be present.",en,,quote,,,Philosophy & Wisdom,light;darkness,unverified,,"Circulated as a Francis Bacon quote, but absent from his works; no author established. Attribution unverified: A modern inspirational line widely (and falsely) attributed to Francis Bacon in gift books; it appears in no work of Bacon's and its true origin is untraceable. The bank's 'Unknown' is correct."
Q0698,"I will never be an old man. To me, old age is always fifteen years older than I am.",en,,quote,Bernard Baruch,"The Observer (London), 'Sayings of the Week', 21 August 1955, p. 3 - on his eighty-fifth birthday",Humor,ageing;youth,verified,,"Sometimes misattributed to Francis Bacon. Verified: Quote Investigator reproduces the Observer text, 'I will never be an old man. - To me, old age is always fifteen years older than I am. - Mr. Bernard Baruch', reprinted in the paper's 'Sayings of the Year' on 25 December 1955; Newsweek carried it on 29 August 1955. The joke is older than Baruch - a 'ten years' version was credited to John W. Carswell in 1909 and a 'fifteen years' one circulated from a French periodical in 1924 - and he had used it by 1948, but the sentence as the bank has it is his, on the recorded date."
Q0699,"If you correct your mind, the rest of your life will fall into place.",en,,quote,Lao Tzu,,Taoism,mind;order,unverified,,"Traditional attribution. Attribution unverified: No chapter corresponds and the idiom ""fall into place"" is modern English; it appears only in twentieth-century motivational literature."
Q0700,"How do you write a novel? Well, the first thing you do is clean your refrigerator.",en,,quote,,,Creativity & Art,writing;procrastination,unverified,,Unattributed in the source collection. Attribution unverified: A floating writers' joke that circulates without reliable attribution (sometimes tied loosely to John Braine); no dependable source located.
Q0702,Khổ thọ và lạc thọ / Như mây trời theo gió / Hơi thở là giây neo / Thuyền về nơi bến cũ,vi,,quote,Thích Nhất Hạnh,"Present Moment, Wonderful Moment, gatha ""Adjusting Posture""",Mindfulness,breath;emotion,original,tg-132,Original of Q0274. Renders gatha 17 of the Vietnamese originals Từng Bước Nở Hoa Sen and Bước Tới Thảnh Thơi.
Q0703,"If we could change ourselves, the tendencies in the world would also change. As a man changes his own nature, so does the attitude of the world change towards him.",en,,quote,Mahatma Gandhi,"Indian Opinion, 9 August 1913 (CWMG vol. 13)",Personal Growth,change;self;world,verified,,"Gandhi's authentic sentence, of which the popular slogan ""Be the change you wish to see in the world"" is a later loose paraphrase by others."
Q0704,故知足不辱，知止不殆，可以長久。,zh,"gù zhī zú bù rǔ, zhī zhǐ bù dài, kěyǐ chángjiǔ.",quote,Lao Tzu,Tao Te Ching ch. 44,Taoism,contentment;abundance,original,tg-133,"Original of Q0289. Stephen Mitchell's free rendering of ch. 44 (Chinese from the Wikisource 匯校版 Laozi), not a translation of any line."
Q0705,勝人者有力，自勝者強。,zh,"shèng rén zhě yǒu lì, zì shèng zhě qiáng.",poem,Lao Tzu,Tao Te Ching ch. 33,Taoism,self-mastery,original,tg-134,"Original of Q0290. Faithful rendering by Jonathan Star (Tarcher/Penguin, verse 33), matching the Wikisource Chinese text."
Q0706,知足者富。強行者有志。,zh,zhīzú zhě fù. qiángxíng zhě yǒu zhì.,poem,Lao Tzu,Tao Te Ching ch. 33,Taoism,contentment;effort,original,tg-135,"Original of Q0291. Jonathan Star's verse 33 reorders these two clauses and adds ""surely gets something/everything"", which is absent from the Chinese."
Q0707,功成身退，天之道。,zh,"gōng chéng shēn tuì, tiān zhī dào.",poem,Lao Tzu,Tao Te Ching ch. 9,Taoism,selflessness;action,original,tg-136,"Original of Q0292. Jonathan Star's verse 9; his added pun ""This is the way to Heaven"" has no counterpart in the Wikisource Chinese."
Q0708,君子求諸己，小人求諸人。,zh,"jūnzǐ qiú zhū jǐ, xiǎorén qiú zhū rén.",quote,Confucius,Analects 15.20 (衛靈公),Philosophy & Wisdom,self-reliance;virtue,original,tg-137,"Original of Q0296. Legge's exact translation of a genuine passage, verified against the Chinese Wikisource text of the Analects."
Q0709,ای نسخهٔ نامهٔ الهی که توئی / وی آینهٔ جمال شاهی که توئی / بیرون ز تو نیست هرچه در عالم هست / در خود بطلب هر آنچه خواهی که توئی,fa,ey noskhe-ye nāme-ye elāhi ke to'i / vey āyene-ye jamāl-e shāhi ke to'i / birun ze to nist harche dar 'ālam hast / dar khod betalab har ānche khāhi ke to'i,quote,Majd al-Din Baghdadi,Quatrain printed as Rumi Rubaiyat no. 1759; ascribed to Majd al-Din Baghdadi in Nuzhat al-Majalis,Personal Growth,self-reliance,original,tg-138,"Original of Q0384. Ganjoor flags this quatrain as attributed to several poets, the earliest anthology naming Majd al-Din Baghdadi, with Baba Afzal Kashani also proposed."
Q0710,玄之又玄，眾妙之門。,zh,"xuán zhī yòu xuán, zhòng miào zhī mén.",quote,Lao Tzu,Tao Te Ching ch. 1,Taoism,wonder;existence,original,tg-146,"Original of Q0479. Witter Bynner's very free 1944 ""American version"" of ch. 1; Stenudd lists it as a false Lao Tzu quote because the wording is Bynner's."
Q0711,我有三寶，持而保之。一曰慈，二曰儉，三曰不敢為天下先。,zh,"wǒ yǒu sān bǎo, chí ér bǎo zhī. yī yuē cí, èr yuē jiǎn, sān yuē bù gǎn wéi tiānxià xiān.",quote,Lao Tzu,Tao Te Ching ch. 67,Taoism,simplicity;compassion,original,tg-161,"Original of Q0528. Stephen Mitchell's ch. 67, which recasts 慈/儉/不敢為天下先 as compassion, simplicity and patience."
Q0712,知足者富。,zh,zhīzú zhě fù.,quote,Lao Tzu,Tao Te Ching ch. 33,Taoism,contentment;wealth,original,tg-164,"Original of Q0540. A standard and accurate rendering of this clause, verified against the Chinese Wikisource text."
Q0713,君子恥其言而過其行。,zh,jūnzǐ chǐ qí yán ér guò qí xíng.,poem,Confucius,Analects 14.29 (憲問),Philosophy & Wisdom,modesty;action,original,tg-174,"Original of Q0612. Legge's translation of a genuine passage, though most modern scholars read it as ""is ashamed that his words outstrip his deeds"", nearly the reverse."
Q0714,"Manopubbaṅgamā dhammā, manoseṭṭhā manomayā; / Manasā ce paduṭṭhena, bhāsati vā karoti vā; / Tato naṁ dukkhamanveti, cakkaṁva vahato padaṁ. / Manasā ce pasannena, bhāsati vā karoti vā; / Tato naṁ sukhamanveti, chāyāva anapāyinī.",pi,,quote,Buddha,Dhammapada 1-2 (Yamakavagga),Buddhism,mind;thought;wisdom,original,tg-009,"Original of Q0024. Thomas Byrom's loose rendering of Dhammapada 1-2; fakebuddhaquotes.com treats ""with our thoughts we make the world"" as a mistranslation of manomayā."
Q0715,Upadhi dukkhassa mūlanti.,pi,,quote,Buddha,Majjhima Nikaya 105 (Sunakkhatta Sutta),Buddhism,suffering;attachment;wisdom,original,tg-010,"Original of Q0025. Bodhipaksa (fakebuddhaquotes.com) confirms this as a genuine canonical line, rendered by Bhikkhu Bodhi as ""attachment is the root of suffering""."
Q0716,"Attadīpā, bhikkhave, viharatha attasaraṇā anaññasaraṇā, dhammadīpā dhammasaraṇā anaññasaraṇā.",pi,,quote,Buddha,Samyutta Nikaya 22.43 (Attadipa Sutta); parallel at Digha Nikaya 16.2.26,Buddhism,self-reliance;wisdom,original,tg-011,"Original of Q0027. Modern loose rendering of the canonical ""be your own island, your own refuge""; fakebuddhaquotes.com shows how this passage was Christianised into ""do not depend on others"" style quotes."
Q0717,"Carañce nādhigaccheyya, seyyaṁ sadisamattano; / Ekacariyaṁ daḷhaṁ kayirā, natthi bāle sahāyatā.",pi,,poem,Buddha,Dhammapada 61 (Balavagga); cf. Dhammapada 328-330,Buddhism,solitude;path;wisdom,original,tg-012,"Original of Q0028. Bodhipaksa calls the ""walk alone"" quotes an interpretive paraphrase rather than a translation of these Dhammapada verses."
Q0718,"Manopubbaṅgamā dhammā, manoseṭṭhā manomayā.",pi,,quote,Buddha,Dhammapada 1 (Yamakavagga),Buddhism,mind;thought;wisdom,original,tg-013,"Original of Q0029. Max Müller's 1881 rendering of Dhammapada 1; the Pali says experiences are preceded by and made by mind, not that we are the result of our thoughts."
Q0719,"Mettañca sabbalokasmi, mānasaṁ bhāvaye aparimāṇaṁ; / Uddhaṁ adho ca tiriyañca, asambādhaṁ averamasapattaṁ.",pi,,poem,Buddha,Sutta Nipata 1.8 (Metta Sutta) v. 8,Buddhism,love;compassion,original,tg-014,"Original of Q0030. Standard rendering of the Karaniya Metta Sutta verse, Pali per SuttaCentral's Mahāsaṅgīti edition."
Q0720,"Sukhino va khemino hontu, sabbasattā bhavantu sukhitattā.",pi,,quote,Buddha,Sutta Nipata 1.8 (Metta Sutta) v. 3 and v. 5,Buddhism,compassion;love,original,tg-015,"Original of Q0031. Renders sabbasattā bhavantu sukhitattā from the Metta Sutta refrain, verified on SuttaCentral."
Q0721,"Udakañhi nayanti nettikā, usukārā namayanti tejanaṁ; / Dāruṁ namayanti tacchakā, attānaṁ damayanti paṇḍitā.",pi,,quote,Buddha,Dhammapada 80 (Panditavagga); repeated at Dhammapada 145,Buddhism,self-mastery;motivation,original,tg-016,"Original of Q0035. Accurate rendering of Dhammapada 80, Pali confirmed on SuttaCentral."
Q0722,"Appamādo amatapadaṁ, pamādo maccuno padaṁ; / Appamattā na mīyanti, ye pamattā yathā matā.",pi,,quote,Buddha,Dhammapada 21 (Appamadavagga),Buddhism,diligence;life;motivation,original,tg-017,"Original of Q0037. Dwight Goddard's deliberately Christianised rendering of Dhammapada 21, per fakebuddhaquotes.com, which turns appamada into ""diligence"" and adds ""short road""."
Q0723,"Bāhusaccañca sippañca, vinayo ca susikkhito; / Subhāsitā ca yā vācā, etaṁ maṅgalamuttamaṁ.",pi,,poem,Buddha,Sutta Nipata 2.4 (Mangala Sutta) v. 5,Buddhism,skill;learning;motivation,original,tg-018,"Original of Q0038. Faithful rendering of the Mangala Sutta verse on learning, skill, training and good speech, Pali per SuttaCentral."
Q0724,"Ajjeva kiccamātappaṁ, ko jaññā maraṇaṁ suve; / Na hi no saṅgaraṁ tena, mahāsenena maccunā.",pi,,poem,Buddha,Majjhima Nikaya 131 (Bhaddekaratta Sutta); also MN 132-134,Buddhism,action;mortality;motivation,original,tg-019,Original of Q0039. Thanissaro's rendering of the Bhaddekaratta verse; Bodhipaksa cites the same line as genuine.
Q0725,"Udabindu yathāpi pokkhare, padume vāri yathā na limpati; / Evaṁ muni nopalimpati, yadidaṁ diṭṭhasutaṁ mutesu vā.",pi,,quote,Buddha,Sutta Nipata 4.6 (Jara Sutta) v. 9,Buddhism,detachment;wisdom,original,tg-020,"Original of Q0040. Thanissaro's translation of Sn 4.6, Pali verified on SuttaCentral."
Q0726,"Sabbapāpassa akaraṇaṁ, kusalassa upasampadā; / Sacittapariyodapanaṁ, etaṁ buddhāna sāsanaṁ.",pi,,poem,Buddha,Dhammapada 183 (Buddhavagga); also Digha Nikaya 14,Buddhism,virtue;teaching;wisdom,original,tg-021,"Original of Q0041. Accurate rendering of the famous Ovada Patimokkha verse, Pali per SuttaCentral."
Q0727,"Dunniggahassa lahuno, yatthakāmanipātino; / Cittassa damatho sādhu, cittaṁ dantaṁ sukhāvahaṁ.",pi,,quote,Buddha,Dhammapada 35 (Cittavagga),Buddhism,discipline;happiness,original,tg-022,"Original of Q0042. Condenses cittaṁ dantaṁ sukhāvahaṁ of Dhammapada 35, verified on SuttaCentral."
Q0728,"Kayirā ce kayirāthenaṁ, daḷhamenaṁ parakkame; / Sithilo hi paribbājo, bhiyyo ākirate rajaṁ.",pi,,quote,Buddha,Dhammapada 313 (Nirayavagga),Buddhism,heart;effort;motivation,original,tg-023,"Original of Q0044. Eknath Easwaran's rendering of Dhammapada 313, which Bodhipaksa judges close enough to the Pali to count as genuine."
Q0729,"Nāhaṁ, bhikkhave, aññaṁ ekadhammampi samanupassāmi yaṁ evaṁ aguttaṁ mahato anatthāya saṁvattati yathayidaṁ, bhikkhave, cittaṁ.",pi,,quote,Buddha,Anguttara Nikaya 1.33 (Adantavagga); cf. AN 1.35,Buddhism,mind;thought;wisdom,original,tg-024,Original of Q0046. Bodhipaksa calls this a close enough paraphrase of the Anguttara passage on the unguarded mind that it would be unfair to call it fake.
Q0730,"Diso disaṁ yaṁ taṁ kayirā, verī vā pana verinaṁ; / Micchāpaṇihitaṁ cittaṁ, pāpiyo naṁ tato kare.",pi,,quote,Buddha,Dhammapada 42 (Cittavagga),Buddhism,mind;temptation;wisdom,original,tg-025,"Original of Q0047. Loose English rendering of Dhammapada 42, whose Pali says a wrongly directed mind harms one more than any enemy could."
Q0731,"Anavassutacittassa, ananvāhatacetaso; / Puññapāpapahīnassa, natthi jāgarato bhayaṁ.",pi,,quote,Buddha,Dhammapada 39 (Cittavagga),Buddhism,desire;fear;wisdom,original,tg-026,"Original of Q0049. Partial and loose rendering of Dhammapada 39, which speaks of a mind unsoaked by desire and of one who is wakeful having no fear."
Q0732,"Viññātasārāni subhāsitāni, sutañca viññātasamādhisāraṁ.",pi,,quote,Buddha,Sutta Nipata 2.9 (Kimsila Sutta) v. 6,Buddhism,understanding;speech;wisdom,original,tg-027,"Original of Q0056. Thanissaro's translation of Sn 2.9 on Access to Insight, Pali verified on SuttaCentral."
Q0733,"Mātā yathā niyaṁ puttam āyusā ekaputtamanurakkhe; / Evampi sabbabhūtesu, mānasaṁ bhāvaye aparimāṇaṁ.",pi,,quote,Buddha,Sutta Nipata 1.8 (Metta Sutta) v. 7,Buddhism,love;compassion,original,tg-028,"Original of Q0057. Acharya Buddharakkhita's rendering of the Metta Sutta mother simile, Pali per SuttaCentral."
Q0734,"Evampi sabbabhūtesu, mānasaṁ bhāvaye aparimāṇaṁ.",pi,,quote,Buddha,Sutta Nipata 1.8 (Metta Sutta) v. 7,Buddhism,compassion;love,original,tg-029,"Original of Q0058. Renders the Metta Sutta line on unfolding a boundless heart toward all beings, verified on SuttaCentral."
Q0735,"Na hi verena verāni, sammantīdha kudācanaṁ; / Averena ca sammanti, esa dhammo sanantano.",pi,,quote,Buddha,Dhammapada 5 (Yamakavagga),Buddhism,hatred;love,original,tg-030,"Original of Q0059. Max Müller's translation of Dhammapada 5, which fakebuddhaquotes.com lists among genuine quotes, though ""love"" renders averena, non-hatred."
Q0736,Mettā no cetovimutti bhāvitā bhavissati bahulīkatā yānīkatā vatthukatā anuṭṭhitā paricitā susamāraddhā.,pi,,quote,Buddha,Samyutta Nikaya 20.3 (Kula Sutta),Buddhism,loving-kindness;love,original,tg-031,"Original of Q0060. Bhikkhu Bodhi's translation of SN 20.3, confirmed genuine by fakebuddhaquotes.com and Pali verified on SuttaCentral."
Q0737,"Piyavācameva bhāseyya, yā vācā paṭinanditā; / Yaṁ anādāya pāpāni, paresaṁ bhāsate piyaṁ.",pi,,quote,Vangisa,Sutta Nipata 3.3 (Subhasita Sutta) v. 454; also Samyutta Nikaya 8.5 and Theragatha 21.1,Buddhism,speech;kindness;wisdom,original,tg-032,"Original of Q0061. Genuinely canonical but spoken by the monk Vangisa, not the Buddha, as SuttaCentral's text of Sn 3.3 makes clear."
Q0738,"Anūpavādo anūpaghāto, pātimokkhe ca saṁvaro; / Mattaññutā ca bhattasmiṁ, pantañca sayanāsanaṁ; / Adhicitte ca āyogo, etaṁ buddhāna sāsanaṁ.",pi,,quote,Buddha,Dhammapada 185 (Buddhavagga),Buddhism,virtue;teaching;life,original,tg-033,"Original of Q0064. Thomas Byrom's loose rendering of Dhammapada 185, where ""live in your heart"" stands for the Pali's remote lodgings and ""seek the highest consciousness"" for adhicitta."
Q0739,"Manopubbaṅgamā dhammā, manoseṭṭhā manomayā; / Manasā ce paduṭṭhena, bhāsati vā karoti vā; / Tato naṁ dukkhamanveti, cakkaṁva vahato padaṁ.",pi,,quote,Buddha,Dhammapada 1 (Yamakavagga),Buddhism,mind;suffering;life,original,tg-034,"Original of Q0065. An accurate translation of Dhammapada 1 including the ox-cart simile, Pali per SuttaCentral."
Q0740,"Yo ca vassasataṁ jīve, apassaṁ udayabbayaṁ; / Ekāhaṁ jīvitaṁ seyyo, passato udayabbayaṁ.",pi,,quote,Buddha,Dhammapada 113 (Sahassavagga),Buddhism,impermanence;insight;life,original,tg-035,"Original of Q0066. Faithful rendering of Dhammapada 113, Pali verified on SuttaCentral."
Q0741,"Nidhīnaṁva pavattāraṁ, yaṁ passe vajjadassinaṁ; / Niggayhavādiṁ medhāviṁ, tādisaṁ paṇḍitaṁ bhaje.",pi,,quote,Buddha,Dhammapada 76 (Panditavagga),Buddhism,criticism;growth;wisdom,original,tg-036,"Original of Q0067. Accurate rendering of Dhammapada 76 on the wise critic as a guide to hidden treasure, Pali per SuttaCentral."
Q0742,"Evamabbhāhato loko, maccunā ca jarāya ca; / Tasmā dhīrā na socanti, viditvā lokapariyāyaṁ.",pi,,poem,Buddha,Sutta Nipata 3.8 (Salla Sutta) v. 8,Buddhism,impermanence;wisdom;life,original,tg-037,"Original of Q0070. Close rendering of Sn 3.8 verse 8, Pali verified on SuttaCentral."
Q0743,"Akkocchi maṁ avadhi maṁ, ajini maṁ ahāsi me; / Ye ca taṁ upanayhanti, veraṁ tesaṁ na sammati. / Ye ca taṁ nupanayhanti, veraṁ tesūpasammati.",pi,,quote,Buddha,Dhammapada 3-4 (Yamakavagga),Buddhism,anger;resentment,original,tg-038,"Original of Q0072. Modern loose paraphrase matching no standard translation, but structurally the Dhammapada 3-4 teaching that enmity persists only while such thoughts are harboured."
Q0744,"Taṁ nadīhi vijānātha, sobbhesu padaresu ca; / Saṇantā yanti kusobbhā, tuṇhī yanti mahodadhī. / Yadūnakaṁ taṁ saṇati, yaṁ pūraṁ santameva taṁ.",pi,,quote,Buddha,Sutta Nipata 3.11 (Nalaka Sutta) vv. 42-43,Buddhism,silence;humility;wisdom,original,tg-039,"Original of Q0074. Thanissaro's rendering of the Buddha's advice to Nalaka, Pali verified on SuttaCentral."
Q0745,"Natthi rāgasamo aggi, natthi dosasamo gaho; / Natthi mohasamaṁ jālaṁ, natthi taṇhāsamā nadī.",pi,,quote,Buddha,Dhammapada 251 (Malavagga),Buddhism,passion;greed;anger,original,tg-040,"Original of Q0075. Rendering of Dhammapada 251, where ""shark"" interprets gaho (a seizer or grasping) and ""torrent"" renders nadī, river."
Q0746,"Na sīlabbatamattena, bāhusaccena vā pana; / Atha vā samādhilābhena, vivittasayanena vā. / Phusāmi nekkhammasukhaṃ, aputhujjanasevitaṃ; / Bhikkhu vissāsamāpādi, appatto āsavakkhayaṃ.",pi,,quote,Buddha,Dhammapada 271-272 (Dhammatthavagga),Buddhism,nirvana;ego;wisdom,original,tg-041,"Original of Q0076. Eknath Easwaran's free rendering of Dhp 271-272, where ""extinguish your self-will"" stands for appatto āsavakkhayaṃ (not having reached the destruction of the taints); Pali checked against the Mahasangiti edition."
Q0747,"Sabbe tasanti daṇḍassa, sabbe bhāyanti maccuno; / Attānaṃ upamaṃ katvā, na haneyya na ghātaye.",pi,,quote,Buddha,Dhammapada 129 (Dandavagga),Buddhism,nonviolence;empathy;anger,original,tg-042,"Original of Q0077. Close and complete translation of Dhp 129, verified line by line against the Pali Dhammapada."
Q0748,"Akkodhena jine kodhaṃ, asādhuṃ sādhunā jine; / Jine kadariyaṃ dānena, saccenālikavādinaṃ.",pi,,quote,Buddha,Dhammapada 223 (Kodhavagga),Buddhism,anger;generosity,original,tg-043,Original of Q0078. Accurate rendering of the first three clauses of Dhp 223; only the fourth (conquer the liar with truth) is dropped.
Q0749,"Yo uppatitaṃ vineti kodhaṃ, visaṭaṃ sappavisaṃva osadhehi; / So bhikkhu jahāti orapāraṃ, urago jiṇṇamivattacaṃ purāṇaṃ.",pi,,poem,Buddha,"Sutta Nipata 1.1 (Uraga Sutta), verse 1",Buddhism,anger;restraint,original,tg-044,Original of Q0080. Piyadassi Thera's translation of the opening verse of the Uraga Sutta; Pali confirmed on SuttaCentral and in Anandajoti's edition.
Q0750,"Dhammaṃ care sucaritaṃ, na naṃ duccaritaṃ care; / Dhammacārī sukhaṃ seti, asmiṃ loke paramhi ca.",pi,,poem,Buddha,Dhammapada 169 (Lokavagga); the same line closes verse 168,Buddhism,truth;happiness,original,tg-045,"Original of Q0082. Condensation of the verse's second half, loosening dhammacārī (""one who lives by the Dhamma"") into ""one who acts on truth""."
Q0751,"Manopubbaṅgamā dhammā, manoseṭṭhā manomayā; / Manasā ce pasannena, bhāsati vā karoti vā; / Tato naṃ sukhamanveti, chāyāva anapāyinī.",pi,,quote,Buddha,Dhammapada 2 (Yamakavagga),Buddhism,mind;happiness,original,tg-046,"Original of Q0084. Buddharakkhita's translation of the second half of Dhp 2, verified against the Pali."
Q0752,"Ārogyaparamā lābhā, santuṭṭhiparamaṃ dhanaṃ; / Vissāsaparamā ñāti, nibbānaṃ paramaṃ sukhaṃ.",pi,,quote,Buddha,Dhammapada 204 (Sukhavagga),Buddhism,health;contentment;happiness,original,tg-047,"Original of Q0086. Faithful to Dhp 204 except that the fourth clause (Nibbana the highest happiness) is omitted and vissāsa/ñāti is softened to ""faithfulness the best relationship""."
Q0753,"Māvamaññetha puññassa, na mantaṃ āgamissati; / Udabindunipātena, udakumbhopi pūrati; / Dhīro pūrati puññassa, thokaṃ thokampi ācinaṃ.",pi,,quote,Buddha,Dhammapada 122 (Papavagga),Buddhism,patience;growth;wisdom,original,tg-048,"Original of Q0087. Buddharakkhita's translation of Dhp 122 minus its opening line (""Think not lightly of good""), verified against the Pali."
Q0754,"Sabbe saṅkhārā aniccāti, yadā paññāya passati; / Atha nibbindati dukkhe, esa maggo visuddhiyā.",pi,,quote,Buddha,Dhammapada 277 (Maggavagga),Buddhism,impermanence;suffering;wisdom,original,tg-049,"Original of Q0088. Standard translation of Dhp 277, with only the closing ""this is the path to purification"" left off."
Q0755,Yaṃ na tumhākaṃ taṃ pajahatha; taṃ vo pahīnaṃ dīgharattaṃ hitāya sukhāya bhavissati.,pi,,quote,Buddha,Majjhima Nikaya 22 (Alagaddupama Sutta),Buddhism,letting go;happiness,original,tg-050,"Original of Q0090. Thanissaro Bhikkhu's translation of the ""whatever is not yours"" passage of MN 22, verified against the Pali text."
Q0756,"Hatthasaṃyato pādasaṃyato, vācāsaṃyato saṃyatuttamo; / Ajjhattarato samāhito, eko santusito tamāhu bhikkhuṃ.",pi,,quote,Buddha,Dhammapada 362 (Bhikkhuvagga),Buddhism,meditation;solitude;peace,original,tg-051,"Original of Q0091. Thomas Byrom's very free rendering of Dhp 362, in which ""You are a seeker"" stands for tamāhu bhikkhuṃ and ""solitude"" for eko."
Q0757,"Akkocchi maṃ avadhi maṃ, ajini maṃ ahāsi me; / Ye ca taṃ nupanayhanti, veraṃ tesūpasammati.",pi,,quote,Buddha,Dhammapada 4 (Yamakavagga),Buddhism,peace;resentment,original,tg-052,"Original of Q0092. Bodhipaksa traces this to Eknath Easwaran's Words to Live By (1990) and calls it a good paraphrase of Dhp 4, which speaks of stilling hatred rather than finding peace."
Q0758,"Salābhaṃ nātimaññeyya, nāññesaṃ pihayaṃ care; / Aññesaṃ pihayaṃ bhikkhu, samādhiṃ nādhigacchati.",pi,,quote,Buddha,Dhammapada 365 (Bhikkhuvagga),Buddhism,envy;peace,original,tg-053,"Original of Q0093. Bodhipaksa rates this ""fakeish"" because nātimaññeyya means ""should not despise"" rather than ""overrate""; he finds it first in Joseph Gaer's The Wisdom of the Living Religions (1956)."
Q0759,"Ekāsanaṃ ekaseyyaṃ, eko caramatandito; / Eko damayamattānaṃ, vanante ramito siyā.",pi,,quote,Buddha,Dhammapada 305 (Pakinnakavagga),Buddhism,solitude;peace,original,tg-054,"Original of Q0094. Close translation of Dhp 305, verified against the Pali."
Q0760,"Ayoge yuñjamattānaṃ, yogasmiñca ayojayaṃ; / Atthaṃ hitvā piyaggāhī, pihetattānuyoginaṃ.",pi,,quote,Buddha,Dhammapada 209 (Piyavagga),Buddhism,meditation;pleasure;peace,original,tg-055,"Original of Q0095. Eknath Easwaran's expansive rendering of Dhp 209, which literally contrasts exerting oneself in the wrong thing with pursuing the goal."
Q0761,"Na tena paṇḍito hoti, yāvatā bahu bhāsati; / Khemī averī abhayo, paṇḍitoti pavuccati.",pi,,quote,Buddha,Dhammapada 258 (Dhammatthavagga),Buddhism,wisdom;peace,original,tg-056,"Original of Q0096. Accurate translation of Dhp 258, where khemī averī abhayo gives ""peaceful, loving, and fearless""."
Q0762,"Phuṭṭhassa lokadhammehi, cittaṃ yassa na kampati; / Asokaṃ virajaṃ khemaṃ, etaṃ maṅgalamuttamaṃ.",pi,,poem,Buddha,"Sutta Nipata 2.4 (Mangala Sutta), verse 271",Buddhism,equanimity;peace,original,tg-057,Original of Q0097. Narada Thera's translation of this Mangala Sutta verse; Pali confirmed on SuttaCentral and in the Aimwell exposition.
Q0763,"Jhāyatha, bhikkhave, mā pamādattha; mā pacchā vippaṭisārino ahuvattha.",pi,,quote,Buddha,Majjhima Nikaya 8 (Sallekha Sutta); same formula at MN 19 and SN 43.1,Buddhism,meditation;peace,original,tg-058,"Original of Q0098. Bodhipaksa's Real Buddha Quotes confirms this as genuine, from the Sallekha Sutta; the Pali stock exhortation is attested at MN 19 and throughout SN 43."
Q0764,"Sahassamapi ce vācā, anatthapadasaṃhitā; / Ekaṃ atthapadaṃ seyyo, yaṃ sutvā upasammati.",pi,,quote,Buddha,Dhammapada 100 (Sahassavagga),Buddhism,peace;words,original,tg-059,"Original of Q0099. Faithful condensation of Dhp 100, ""one useful word, hearing which one attains peace""."
Q0765,"Uṭṭhahatha nisīdatha, daḷhaṃ sikkhatha santiyā; / Mā vo pamatte viññāya, maccurājā amohayittha vasānuge.",pi,,quote,Buddha,"Sutta Nipata 2.10 (Utthana Sutta), verse 334",Buddhism,peace;discipline,original,tg-060,"Original of Q0100. Precisely John D. Ireland's translation of daḷhaṃ sikkhatha santiyā in Snp 2.10, with the Pali as printed by the Vipassana Research Institute."
Q0766,"Saccaṃ bhaṇe na kujjheyya, dajjā appampi yācito; / Etehi tīhi ṭhānehi, gacche devāna santike.",pi,,poem,Buddha,Dhammapada 224 (Kodhavagga),Buddhism,giving;generosity,original,tg-061,"Original of Q0101. Renders only the middle clause of Dhp 224 (dajjā appampi yācito, ""give even a little when asked""), dropping the qualifier ""when asked"" and the rest of the verse."
Q0767,"Evañce, bhikkhave, sattā jāneyyuṃ dānasaṃvibhāgassa vipākaṃ yathāhaṃ jānāmi, na adatvā bhuñjeyyuṃ, na ca nesaṃ maccheramalaṃ cittaṃ pariyādāya tiṭṭheyya.",pi,,quote,Buddha,Itivuttaka 26 (Dana Sutta),Buddhism,giving;sharing,original,tg-062,"Original of Q0102. Loose rendering of Itivuttaka 26, where the Buddha says beings who knew the fruit of giving as he knows it would not eat without having shared."
Q0768,"Pubbeva dānā sumano, dadaṃ cittaṃ pasādaye; / Datvā attamano hoti, esā yaññassa sampadā.",pi,,quote,Buddha,Anguttara Nikaya 6.37 (Chalangadana Sutta),Buddhism,giving;joy,original,tg-063,"Original of Q0109. Accurate rendering of the donor's three factors in AN 6.37, verified against SuttaCentral's Pali; only the closing ""this is the success of the offering"" is omitted."
Q0769,"Mātāpitu upaṭṭhānaṃ, puttadārassa saṅgaho; / Anākulā ca kammantā, etaṃ maṅgalamuttamaṃ.",pi,,poem,Buddha,"Sutta Nipata 2.4 (Mangala Sutta), verse 265",Buddhism,family;blessing;giving,original,tg-064,Original of Q0110. Narada Thera's translation of this Mangala Sutta verse; Pali confirmed on SuttaCentral and in the Aimwell exposition.
Q0770,"Attānaṃ, bhikkhave, rakkhanto paraṃ rakkhati, paraṃ rakkhanto attānaṃ rakkhati.",pi,,quote,Buddha,Samyutta Nikaya 47.19 (Sedaka Sutta),Buddhism,care;reciprocity;wisdom,original,tg-065,Original of Q0111. Thanissaro Bhikkhu's translation of the conclusion the Buddha draws from the acrobat simile in SN 47.19.
Q0771,"Selo yathā ekaghano, vātena na samīrati; / Evaṃ nindāpasaṃsāsu, na samiñjanti paṇḍitā.",pi,,quote,Buddha,Dhammapada 81 (Panditavagga),Buddhism,equanimity;wisdom;strength,original,tg-066,"Original of Q0112. Buddharakkhita's translation of Dhp 81, verified against the Pali."
Q0772,"Khantī paramaṃ tapo titikkhā, nibbānaṃ paramaṃ vadanti buddhā.",pi,,poem,Buddha,Dhammapada 184 (Buddhavagga); second half cf. a Samyutta Nikaya verse on patience as victory,Buddhism,endurance;victory;strength,original,tg-067,"Original of Q0113. Bodhipaksa rates this ""fakeish"": The Teaching of Buddha welds Dhp 184 (""enduring patience is the highest austerity"") to a Samyutta verse making patient endurance the true victory, whose Pali I did not verify."
Q0773,"Attanā hi kataṃ pāpaṃ, attanā saṃkilissati; / Attanā akataṃ pāpaṃ, attanāva visujjhati; / Suddhī asuddhi paccattaṃ, nāñño aññaṃ visodhaye.",pi,,quote,Buddha,Dhammapada 165 (Attavagga),Buddhism,self-reliance;path;strength,original,tg-068,"Original of Q0114. Bodhipaksa traces the wording to Paul Carus's rhymed Karma: A Story of Buddhist Ethics (1894), a very free version of Dhp 165 in which ""no one may"" was added to fit the rhyme."
Q0774,"Yo sahassaṃ sahassena, saṅgāme mānuse jine; / Ekañca jeyyamattānaṃ, sa ve saṅgāmajuttamo.",pi,,quote,Buddha,Dhammapada 103 (Sahassavagga),Buddhism,self-mastery;strength,original,tg-069,"Original of Q0115. Faithful rendering of Dhp 103, verified against the Pali."
Q0775,"Tasmātihānanda, attadīpā viharatha attasaraṇā anaññasaraṇā, dhammadīpā dhammasaraṇā anaññasaraṇā. / Handa dāni, bhikkhave, āmantayāmi vo: vayadhammā saṅkhārā, appamādena sampādethā.",pi,,quote,Buddha,Digha Nikaya 16 (Mahaparinibbana Sutta),Buddhism,self-reliance;perseverance;strength,original,tg-070,"Original of Q0116. Conflates two separate passages of DN 16, the ""be lamps unto yourselves"" exhortation and the Buddha's last words, into a single quotation."
Q0776,"Yogā ve jāyatī bhūri, ayogā bhūrisaṅkhayo; / Etaṃ dvedhāpathaṃ ñatvā, bhavāya vibhavāya ca; / Tathāttānaṃ niveseyya, yathā bhūri pavaḍḍhati.",pi,,quote,Buddha,Dhammapada 282 (Maggavagga),Buddhism,meditation;wisdom,original,tg-071,"Original of Q0119. Substantially faithful to the whole of Dhp 282, with yoga rendered ""meditation"" as in most published translations."
Q0777,"Tumhehi kiccamātappaṃ, akkhātāro tathāgatā; / Paṭipannā pamokkhanti, jhāyino mārabandhanā.",pi,,quote,Buddha,Dhammapada 276 (Maggavagga),Buddhism,effort;path;strength,original,tg-072,"Original of Q0120. Exactly Buddharakkhita's translation of the first half of Dhp 276, verified against the Pali."
Q0778,"Ahaṃ nāgova saṅgāme, cāpato patitaṃ saraṃ; / Ativākyaṃ titikkhissaṃ, dussīlo hi bahujjano.",pi,,quote,Buddha,Dhammapada 320 (Nagavagga),Buddhism,endurance;strength,original,tg-073,"Original of Q0121. Buddharakkhita's translation of Dhp 320, omitting only the closing ""there are many, indeed, who lack virtue""."
Q0779,"Bewegung ist alles, die Richtung entscheidet.",de,,quote,Manfred Hinrich,,Cities & Society,movement;purpose;mobility,original,tg-002,"Original of Q0003. The German aphorism circulates under Hinrich's name on German quotation sites but no primary publication of his roughly 30000 aphorisms could be located, so the attribution stays unconfirmed."
Q0780,Von einem gewissen Punkt an gibt es keine Rückkehr mehr. Dieser Punkt ist zu erreichen.,de,,prose,Franz Kafka,"Betrachtungen über Sünde, Leid, Hoffnung und den wahren Weg (Zürauer Aphorismen, 1917/18), Nr. 5",Literature,commitment;no return,original,tg-075,Original of Q0130. Verified verbatim as aphorism 5 in the digitised text of Kafka's Zürau aphorisms (digbib.org edition).
Q0781,"Auch glaube ich, daß ein schlichtes und anspruchsloses äußeres Leben für jeden gut ist, für Körper und Geist.",de,,quote,Albert Einstein,"Wie ich die Welt sehe, in: Mein Weltbild (1934)",Philosophy & Wisdom,simplicity;life,original,tg-077,"Original of Q0162. Found in a parallel German-English edition of the 1930/1934 essay Wie ich die Welt sehe, where the stored English is the standard translation with the sentence order rearranged."
Q0782,"der Beweis, daß die kompliziertesten Denkleistungen ohne Mittun des Bewußtseins möglich sind",de,,quote,Sigmund Freud,"Die Traumdeutung (1900), Kapitel VII, Abschnitt E: Der Primär- und der Sekundärvorgang, die Verdrängung",Philosophy & Wisdom,mind;thought,original,tg-141,Original of Q0437. Confirmed against the German text of Die Traumdeutung on textlog.de; the stored English is the standard Strachey rendering.
Q0783,Ein jeder sieht was er im Herzen trägt.,de,,quote,Johann Wolfgang von Goethe,"Faust I (1808), Vorspiel auf dem Theater, Vers 179",Philosophy & Wisdom,perception;heart,original,tg-148,"Original of Q0488. The Reclam text of Faust I confirms the line, but the English adds in the world and generalises it, so it is a loose rendering rather than a translation."
Q0784,"Was heute nicht geschieht, ist morgen nicht getan",de,,quote,Johann Wolfgang von Goethe,"Faust I (1808), Vorspiel auf dem Theater, Vers 225",Motivation & Success,action;procrastination,original,tg-155,"Original of Q0503. Confirmed in the Reclam text of Faust I as the Direktor's line, of which the stored English is the familiar loose paraphrase."
Q0785,"Bauen und Denken sind jeweils nach ihrer Art für das Wohnen unumgänglich. Beide sind aber auch unzulänglich für das Wohnen, solange sie abgesondert das Ihre betreiben, statt aufeinander zu hören.",de,,quote,Martin Heidegger,"Bauen Wohnen Denken (1951), in: Vorträge und Aufsätze; GA 7, S. 163",Cities & Society,dwelling;philosophy;urbanism,original,tg-168,"Original of Q0588. The passage is genuine (checked against beyng.com's GA 7 page 163), but the stored English replaces listening to one another with listening to the call of the essence of dwelling."
Q0786,Die Grenzen meiner Sprache bedeuten die Grenzen meiner Welt.,de,,quote,Ludwig Wittgenstein,"Tractatus logico-philosophicus (1921), Satz 5.6",Philosophy & Wisdom,language;perception,original,tg-171,Original of Q0597. Verified against the German text of the Tractatus; the stored English is Ogden's translation of proposition 5.6.
Q0787,Wahres Genie ohne Herz - ist Unding - denn nicht hoher Verstand allein; nicht Imagination allein; nicht beide zusammen machen Genie - Liebe! Liebe! Liebe! ist die Seele des Genies.,de,,quote,Gottfried von Jacquin,"Eintrag in Mozarts Stammbuch, Wien, 11. April 1787",Creativity & Art,genius;love,original,tg-172,"Original of Q0610. The University of Vienna Library documents these words as Emilian Gottfried von Jacquin's entry in Mozart's album, not as Mozart's own."
Q0788,"Plura sunt, Lucili, quae nos terrent quam quae premunt, et saepius opinione quam re laboramus.",la,,quote,Seneca,Epistulae Morales ad Lucilium 13.4,Stoicism,imagination;fear,original,tg-093,Original of Q0193. Gummere's exact published wording; Latin confirmed in the Latin Library and Tesserae text of Ep. 13.4.
Q0789,"cum timendi sit causa nescire, non est tanti scire, ne timeas?",la,,quote,Seneca,Naturales Quaestiones 6.3.4,Stoicism,fear;knowledge,original,tg-094,"Original of Q0194. Genuine clause per Latin Wikisource and Dickinson College Commentaries, but the popular Latin ""Timendi causa est nescire"" is a modern rearrangement."
Q0790,Dum differtur vita transcurrit.,la,,quote,Seneca,Epistulae Morales ad Lucilium 1.2,Stoicism,time;life,original,tg-095,"Original of Q0195. Looser rendering of the same sentence as Q0201 in the Latin Library and Tesserae texts, where ""differtur"" means postponed rather than awaited."
Q0791,"Vita, si uti scias, longa est.",la,,quote,Seneca,De Brevitate Vitae 2.1,Stoicism,time;life,original,tg-096,Original of Q0196. The Latin Library text of De Brevitate Vitae 2.1 matches this rendering word for word.
Q0792,"Ideo propera, Lucili mi, vivere et singulos dies singulas vitas puta.",la,,quote,Seneca,Epistulae Morales ad Lucilium 101.10,Stoicism,urgency;life,original,tg-097,"Original of Q0197. Renders ""propera... vivere"" in the Tesserae text of Ep. 101.10; compare ""protinus vive"" at De Brevitate Vitae 9.1."
Q0793,"Desines timere, si sperare desieris.",la,,quote,Hecato of Rhodes,"quoted in Seneca, Epistulae Morales ad Lucilium 5.7",Stoicism,hope;fear,original,tg-098,"Original of Q0198. Seneca expressly credits Hecato (""apud Hecatonem nostrum inveni""), the same ground on which Wikiquote lists ""Si vis amari, ama"" as misattributed."
Q0794,"Divitiae enim apud sapientem virum in servitute sunt, apud stultum in imperio.",la,,quote,Seneca,De Vita Beata 26.1,Stoicism,wealth;wisdom,original,tg-099,Original of Q0199. The Latin Library text of De Vita Beata 26.1 is the source of this standard English rendering.
Q0795,"quod ratio non quit, saepe sanavit mora.",la,,quote,Seneca,Agamemnon 130,Stoicism,time;healing,original,tg-100,"Original of Q0200. The Latin Library text says delay ""often"" heals rather than ""only"" time, and the line belongs to the Nurse in the tragedy."
Q0796,"Satis longa vita et in maximarum rerum consummationem large data est, si tota bene collocaretur.",la,,quote,Seneca,De Brevitate Vitae 1.3,Stoicism,life;time,original,tg-101,"Original of Q0202. Condensation of the Latin Library text, whose condition is that life be well invested rather than well lived."
Q0797,Qui fortis est sine timore est; qui sine timore est sine tristitia est; qui sine tristitia est beatus est.,la,,quote,Seneca,Epistulae Morales ad Lucilium 85.24,Stoicism,courage;freedom,original,tg-102,"Original of Q0204. Truncates ""sine timore est"" (free from fear) in a Stoic syllogism Seneca reports, per the Latin Library and IntraText texts of Ep. 85.24."
Q0798,Confragosa in fastigium dignitatis via est.,la,,quote,Seneca,Epistulae Morales ad Lucilium 84.13,Stoicism,adversity;greatness,original,tg-103,"Original of Q0205. The Tesserae text of Ep. 84.13 has this exact Latin, matching Wikiquote's translation."
Q0799,humanius est deridere vitam quam deplorare.,la,,quote,Seneca,De Tranquillitate Animi 15.2,Stoicism,humor;life,original,tg-104,Original of Q0206. The Latin Library text of De Tranquillitate Animi 15.2 matches this rendering closely.
Q0800,"Non quia difficilia sunt non audemus, sed quia non audemus difficilia sunt.",la,,quote,Seneca,Epistulae Morales ad Lucilium 104.26,Stoicism,confidence;difficulty,original,tg-105,"Original of Q0207. Confirmed in the Tesserae and Latin Library texts of Ep. 104.26, which Gummere renders just as here."
Q0801,"Illorum brevissima ac sollicitissima aetas est qui praeteritorum obliviscuntur, praesentia neglegunt, de futuro timent.",la,,quote,Seneca,De Brevitate Vitae 16.1,Stoicism,time;present,original,tg-106,Original of Q0208. Basore's Loeb rendering of the Latin Library text of De Brevitate Vitae 16.1.
Q0802,"Hoc nos pessimos facit, quod nemo vitam suam respicit.",la,,quote,Seneca,Epistulae Morales ad Lucilium 83.2,Stoicism,reflection;character,original,tg-107,Original of Q0209. The Tesserae and Latin Library texts of Ep. 83.2 carry this sentence verbatim.
Q0803,Non refert quam multos sed quam bonos habeas.,la,,quote,Seneca,Epistulae Morales ad Lucilium 45.1,Stoicism,books;quality,original,tg-108,Original of Q0211. The Tesserae text of Ep. 45.1 shows the subject really is Lucilius's shortage of books.
Q0804,"Nusquam est qui ubique est. Vitam in peregrinatione exigentibus hoc evenit, ut multa hospitia habeant, nullas amicitias.",la,,quote,Seneca,Epistulae Morales ad Lucilium 2.2,Stoicism,friendship;travel,original,tg-109,"Original of Q0212. Gummere's wording, with the Latin confirmed in the Tesserae and Latin Library texts of Ep. 2.2."
Q0805,multis parasse divitias non finis miseriarum fuit sed mutatio,la,,quote,Epicurus,"quoted in Seneca, Epistulae Morales ad Lucilium 17.11",Stoicism,wealth;trouble,original,tg-110,"Original of Q0213. Seneca introduces it with ""ab Epicuro mutuum sumam"" in the Latin Library text, so the Latin is his rendering of Epicurus."
Q0806,Maximum remedium irae mora est.,la,,quote,Seneca,De Ira 2.29.1,Stoicism,anger;patience,original,tg-111,"Original of Q0214. Confirmed in the Latin Library text of De Ira 2.29.1, where the same maxim recurs as ""maximum remedium irae dilatio est"" at 3.12.4."
Q0807,"Rem tene, verba sequentur.",la,,quote,Cato the Elder,"fragment quoted in C. Iulius Victor, Ars Rhetorica 1 (p. 374 Halm)",Creativity & Art,writing;clarity,original,tg-145,"Original of Q0472. The digiliblt edition of Julius Victor cites it as ""Catonis praeceptum paene divinum"", and the Oxford Classical Dictionary treats it as Cato's."
Q0808,"quae fuit durum pati, / meminisse dulce est",la,,quote,Seneca,Hercules Furens 656-657,Stoicism,memory;adversity,original,tg-162,"Original of Q0536. Latin Wikisource confirms Amphitryon's lines 656-657, matching Wikiquote's alternate translation exactly."
Q0809,"omnia mutantur, nihil interit",la,,quote,Ovid,Metamorphoses 15.165,Personal Growth,change;impermanence,original,tg-166,"Original of Q0563. The Latin Library text of Metamorphoses 15.165, in Pythagoras' speech, matches word for word."
Q0810,"Felix, qui quod amat defendere fortiter audet",la,,quote,Ovid,Amores 2.5.9,Love,love;courage;protection,original,tg-181,"Original of Q0673. The Perseus/Alpheios text of Amores 2.5.9 confirms the line, and zitate7 gives this German wording with that Latin."
Q0811,"Una ciudad avanzada no es en la que los pobres pueden moverse en carro, sino una en la que incluso los ricos utilizan el transporte público.",es,,quote,Enrique Peñalosa,"Entretien avec l'agence EFE, publié dans Semana, 13 décembre 2010",Cities & Society,cities;equality;mobility,original,tg-003,"Original of Q0007. Spanish Wikiquote sources it to Peñalosa via Semana, and kottke.org documents that the Petro attribution stems from a viral 2012 tweet; the English is itself a loose rendering."
Q0812,"Il est quelquefois sans inconvénient de remettre à plus tard son travail. Mais, s'il s'agit des baobabs, c'est toujours une catastrophe.",fr,,quote,Antoine de Saint-Exupéry,"Le Petit Prince (1943), ch. 5",Literature,procrastination;le petit prince,original,tg-007,Original of Q0022. Located in the baobab passage of ch. 5 in three independent full-text editions including the Gutenberg Australia text.
Q0813,Tu sais... quand on est tellement triste on aime les couchers de soleil...,fr,,quote,Antoine de Saint-Exupéry,"Le Petit Prince (1943), ch. 6",Literature,sadness;beauty;le petit prince,original,tg-008,Original of Q0023. Confirmed verbatim in ch. 6 (the forty-three sunsets passage) across four independent full-text editions.
Q0814,"Mais le génie n'est que l'enfance retrouvée à volonté, l'enfance douée maintenant, pour s'exprimer, d'organes virils et de l'esprit analytique qui lui permet d'ordonner la somme des matériaux involontairement amassée.",fr,,quote,Charles Baudelaire,"Le Peintre de la vie moderne (1863), III ""L'artiste, homme du monde, homme des foules et enfant""",Creativity & Art,genius;childhood,original,tg-074,"Original of Q0127. The line is Baudelaire's, not Rimbaud's, per the critical text of Le Peintre de la vie moderne (Wuppertal lyriktheorie edition and Wikisource)."
Q0815,"Le second, de diviser chacune des difficultés que j'examinerais, en autant de parcelles qu'il se pourrait, et qu'il serait requis pour les mieux résoudre.",fr,,quote,René Descartes,"Discours de la méthode (1637), deuxième partie, second précepte",Philosophy & Wisdom,problem-solving,original,tg-143,"Original of Q0459. Confirmed against Wikisource, the Chicoutimi classiques edition and the Université de Lausanne text of the Discours."
Q0816,"Tous les grands hommes sont doués d'intuition. Ils savent sans raisonnement, sans analyse, ce qu'il leur importe de savoir.",fr,,quote,Alexis Carrel,"L'Homme, cet inconnu (1935), ch. IV (Les activités mentales)",Philosophy & Wisdom,intuition,original,tg-149,"Original of Q0489. Found verbatim in the French Wikisource text of L'Homme, cet inconnu, ch. IV, in the section on intuition."
Q0817,"Car la pensée répugne tellement au malheur qu'elle est aussi incapable de se porter volontairement à le concevoir qu'un animal, sauf exception, est incapable de suicide. Elle ne le connaît que par contrainte.",fr,,prose,Simone Weil,"Pensées sans ordre concernant l'amour de Dieu (Gallimard, 1962), ""Pages retrouvées faisant suite à L'amour de Dieu et le malheur"", p. 113",Literature,thought;affliction,original,tg-153,"Original of Q0498. Traced via Peter Winch's citation (On Science, Necessity and the Love of God, p. 187) to the French text in the UQAM classiques edition of Pensées sans ordre."
Q0818,"Elle ne le connaît que par contrainte. Il est impossible de croire sans y être contraint par l'expérience que tout ce qu'on a dans l'âme, toutes les pensées, tous les sentiments, toutes les attitudes à l'égard des idées, des hommes et de l'univers, et surtout l'attitude la plus intime de l'être envers lui-même, tout cela est entièrement à la merci des circonstances.",fr,,prose,Simone Weil,"Pensées sans ordre concernant l'amour de Dieu (Gallimard, 1962), ""Pages retrouvées faisant suite à L'amour de Dieu et le malheur"", p. 113-114",Literature,thought;affliction,original,tg-154,"Original of Q0499. Same locus as Q0498; the English is Winch's accurate translation, and the passage is absent from the shorter Attente de Dieu version of the essay."
Q0819,"Soyons reconnaissants aux personnes qui nous donnent du bonheur, elles sont les charmants jardiniers par qui nos âmes sont fleuries.",fr,,quote,Marcel Proust,"Les Plaisirs et les Jours (1896), ""Éphémère efficacité du chagrin""",Personal Growth,gratitude;happiness,original,tg-157,Original of Q0515. Confirmed in the full text of Les Plaisirs et les Jours (Atramenta) and corroborated by Proust-Ink's bilingual citation.
Q0820,Une belle citation est un diamant au doigt de l'homme d'esprit et un caillou dans la main d'un sot.,fr,,quote,Joseph Roux,"Pensées (1866; Lemerre ed. 1885, p. 74)",Philosophy & Wisdom,words;wit,original,tg-163,"Original of Q0539. Sourced to Roux's Pensées with page reference; the English title ""Meditations of a Parish Priest"" is Hapgood's 1886 translation of that book."
Q0821,Ceux qui emploient mal leur temps sont les premiers à se plaindre de sa brièveté.,fr,,quote,Jean de la Bruyère,"Les Caractères (1688), ""Des jugements""",Philosophy & Wisdom,time,original,tg-167,"Original of Q0566. Confirmed on the Wikisource page images of the Flammarion 1880 edition, chapter ""Des jugements"" (not ""De l'homme"")."
Q0822,"La maison abrite la rêverie, la maison protège le rêveur, la maison nous permet de rêver en paix.",fr,,quote,Gaston Bachelard,"La Poétique de l'espace (1957), ch. 1 ""La maison"", PUF Quadrige p. 26",Cities & Society,home;dreams;urbanism,original,tg-169,"Original of Q0589. Confirmed against the full-text PDF hosted by gastonbachelard.org and a page-referenced quotation (PUF Quadrige, pp. 24-28)."
Q0823,"Une œuvre d'homme n'est rien d'autre que ce long cheminement pour retrouver par les détours de l'art les deux ou trois images simples et grandes sur lesquelles le cœur, une première fois, s'est ouvert.",fr,,quote,Albert Camus,"L'Envers et l'Endroit (1958), Préface",Creativity & Art,art;work,original,tg-170,"Original of Q0591. Confirmed verbatim in the UQAM classiques full text of L'Envers et l'Endroit, preface, p. 20."
Q0824,"Pour le géomètre pur lui-même, cette faculté est nécessaire, c'est par la logique qu'on démontre, c'est par l'intuition qu'on invente.",fr,,quote,Henri Poincaré,"Science et méthode (1908), livre II, ch. II",Philosophy & Wisdom,intuition;science,original,tg-175,"Original of Q0613. Poincaré wrote ""logique/invente"", not ""science/discover""; confirmed on Wikisource and in his 1899 Enseignement mathématique article, so the English is a loose rendering. Accent added to the surname."
Q0825,"Nous connaissons la vérité, non seulement par la raison, mais encore par le cœur.",fr,,quote,Blaise Pascal,"Pensées, Lafuma 110 / Brunschvicg 282",Philosophy & Wisdom,truth;heart;intuition,original,tg-176,Original of Q0614. Confirmed as the opening of fragment Lafuma 110 in the penseesdepascal.fr critical edition and other scholarly transcriptions.
Q0826,"Il y a au moins un être chez qui l'existence précède l'essence, un être qui existe avant de pouvoir être défini par aucun concept et que cet être c'est l'homme.",fr,,quote,Jean-Paul Sartre,L'existentialisme est un humanisme (1946),Philosophy & Wisdom,existentialism;freedom,original,tg-177,"Original of Q0645. Confirmed in the standard French text of the 1946 lecture, where the formula is stated and then glossed at length."
Q0827,Não há segurança climática para o mundo sem uma Amazônia protegida.,pt,,quote,Luiz Inacio Lula da Silva,"Discours à la COP27, Charm el-Cheikh, 16 novembre 2022",Nature & Wonder,climate;amazon;sustainability,original,tg-179,"Original of Q0647. Confirmed in the full transcript of Lula's COP27 speech published by G1 and on lula.com.br; it is from COP27, not the 2023 inaugural address."
Q0828,Celui qui a de l'imagination sans érudition a des ailes et n'a pas de pieds.,fr,,quote,Joseph Joubert,"Pensées, essais et maximes (1842), Titre IV",Creativity & Art,imagination;learning,original,tg-182,Original of Q0695. Confirmed on Wikisource (Titre IV) and independently traced by Quote Investigator to the 1842 first edition.
Q0829,Πῶς γελοῖος καὶ ξένος ὁ θαυμάζων ὁτιοῦν τῶν ἐν τῷ βίῳ γινομένων.,grc,pōs geloios kai xenos ho thaumazōn hotioun tōn en tō biō ginomenōn.,quote,Marcus Aurelius,Meditations 12.13,Stoicism,acceptance,original,tg-079,Original of Q0174. Long renders this sentence almost verbatim; Greek from the Perseus text of the Meditations.
Q0830,Ἄριστος τρόπος τοῦ ἀμύνεσθαι τὸ μὴ ἐξομοιοῦσθαι.,grc,aristos tropos tou amynesthai to mē exomoiousthai.,quote,Marcus Aurelius,Meditations 6.6,Stoicism,revenge;virtue,original,tg-080,Original of Q0176. Hammond translates this chapter word for word as given; Greek from the Perseus text.
Q0831,"Οἷς συγκεκλήρωσαι πράγμασι, τούτοις συνάρμοζε σεαυτὸν καὶ οἷς συνείληχας ἀνθρώποις, τούτους φίλει, ἀλλ’ ἀληθινῶς.",grc,"hois synkeklērōsai pragmasi, toutois synarmoze seauton kai hois syneilēchas anthrōpois, toutous philei, all’ alēthinōs.",quote,Marcus Aurelius,Meditations 6.39,Stoicism,fate;love,original,tg-081,Original of Q0177. This is Gregory Hays’s translation of 6.39; Greek from the Perseus text.
Q0832,Ἐξάλειψον τὴν φαντασίαν. στῆσον τὴν νευροσπαστίαν. περίγραψον τὸ ἐνεστὼς τοῦ χρόνου.,grc,exaleipson tēn phantasian. stēson tēn neurospastian. perigrapson to enestōs tou chronou.,quote,Marcus Aurelius,Meditations 7.29,Stoicism,present,original,tg-082,"Original of Q0178. Long has ""Confine thyself to the present"" in this chapter; Greek from the Perseus text."
Q0833,"Ἀδικεῖ πολλάκις ὁ μὴ ποιῶν τι, οὐ μόνον ὁ ποιῶν τι.",grc,"adikei pollakis ho mē poiōn ti, ou monon ho poiōn ti.",quote,Marcus Aurelius,Meditations 9.5,Stoicism,justice;action,original,tg-083,"Original of Q0180. Hays: ""And you can also commit injustice by doing nothing""; Greek from the Perseus text."
Q0834,"Μηκέθ’ ὅλως περὶ τοῦ οἷόν τινα εἶναι τὸν ἀγαθὸν ἄνδρα διαλέγεσθαι, ἀλλὰ εἶναι τοιοῦτον.",grc,"mēketh’ holōs peri tou hoion tina einai ton agathon andra dialegesthai, alla einai toiouton.",quote,Marcus Aurelius,Meditations 10.16,Stoicism,virtue;action,original,tg-084,"Original of Q0181. A circulating form of Hays’s 10.16 (""stop talking about what the good man is like, and just be one""); Greek from Perseus."
Q0835,Τοῦτον ἰδοὺ τὸν χρόνον σεαυτῷ χάρισαι.,grc,touton idou ton chronon seautō charisai.,quote,Marcus Aurelius,Meditations 8.44,Stoicism,present;gratitude,original,tg-085,"Original of Q0183. Hays: ""Give yourself a gift: the present moment""; Greek from the Perseus text."
Q0836,"ἢ ἐπὶ τοῦτο κατεσκεύασμαι, ἵνα κατακείμενος ἐν στρωματίοις ἐμαυτὸν θάλπω;",grc,"ē epi touto kateskeuasmai, hina katakeimenos en strōmatiois emauton thalpō;",quote,Marcus Aurelius,Meditations 5.1,Stoicism,discipline;purpose,original,tg-086,"Original of Q0185. Long’s text reads ""to lie in the bedclothes and keep myself warm""; Greek from the Perseus text."
Q0837,Quod tegitur magnum creditur esse malum.,la,,quote,Martial,"Martial, Epigrams 3.42",Stoicism,honesty;reputation,original,tg-087,"Original of Q0186. A smoothed English version of Martial 3.42, whose Latin reads Quod tegitur magnum creditur esse malum; Latin left out of ORIG_TEXT as it is not Greek."
Q0838,Vita nec bonum nec malum est: boni ac mali locus est.,la,,quote,Seneca the Younger,"Seneca, Epistulae Morales 99.12",Stoicism,life;morality,original,tg-088,"Original of Q0187. Verified in the Latin Library text of Epistle 99, Vita nec bonum nec malum est boni ac mali locus est; Latin omitted from ORIG_TEXT as it is not Greek."
Q0839,οὐ δύναμαι τὸν θάνατον ἀποφυγεῖν· τὸ φοβεῖσθαι αὐτὸν μὴ ἀποφύγω,grc,ou dynamai ton thanaton apophygein· to phobeisthai auton mē apophygō,quote,Epictetus,Discourses 1.27.10,Stoicism,death;fear,original,tg-089,"Original of Q0188. Long’s Discourses 1.27 has ""I cannot escape from death. Shall I not escape from the fear of death?""; Greek from the Perseus text."
Q0840,καὶ ὡς εὐτελὲς πᾶν τὸ κατεντεινόμενον,grc,kai hōs euteles pan to katenteinomenon,quote,Marcus Aurelius,Meditations 12.27,Stoicism,desire;perspective,original,tg-090,Original of Q0189. Exactly Hays’s wording in the Fabius Catullinus chapter; Greek from the Perseus text.
Q0841,"τάξον τινὰ ἤδη χαρακτῆρα σαυτῷ καὶ τύπον, ὃν φυλάξεις ἐπί τε σεαυτοῦ ὢν καὶ ἀνθρώποις ἐντυγχάνων.",grc,"taxon tina ēdē charaktēra sautō kai typon, hon phylaxeis epi te seautou ōn kai anthrōpois entynchanōn.",quote,Epictetus,Enchiridion 33.1,Stoicism,character;integrity,original,tg-091,Original of Q0190. This is Robert Dobbin’s Penguin rendering of Enchiridion 33; Greek from the Perseus text of the Enchiridion.
Q0842,"μόνον σκέψαι, πόσου πωλεῖς τὴν σεαυτοῦ προαίρεσιν. ἄνθρωπε, εἰ μηδὲν ἄλλο, μὴ ὀλίγου αὐτὴν πωλήσῃς.",grc,"monon skepsai, posou pōleis tēn seautou proairesin. anthrōpe, ei mēden allo, mē oligou autēn pōlēsēs.",quote,Epictetus,Discourses 1.2.33,Stoicism,integrity,original,tg-092,"Original of Q0191. Long: ""consider at what price you sell your own will ... sell it not for a small sum""; no comparable passage in the Meditations."
Q0843,"διὰ τοῦτο, εἶπε, δύο ὦτα ἔχομεν, στόμα δὲ ἕν, ἵνα πλείονα μὲν ἀκούωμεν, ἥττονα δὲ λέγωμεν.",grc,"dia touto, eipe, dyo ōta echomen, stoma de hen, hina pleiona men akouōmen, hēttona de legōmen.",quote,Zeno of Citium,Diogenes Laertius 7.23,Stoicism,listening;speech,original,tg-112,"Original of Q0216. Diogenes Laertius credits the two-ears saying to Zeno rebuking a chattering youth, not to Epictetus; Greek from Perseus."
Q0844,οὐδεὶς ἐλεύθερος ἑαυτοῦ μὴ κρατῶν.,grc,oudeis eleutheros heautou mē kratōn.,quote,Epictetus,"Epictetus, Fragment 35",Stoicism,freedom;self-mastery,original,tg-113,"Original of Q0217. English is Crossley’s Golden Sayings XV; Greek is Fragment 35 in Schenkl, though Oldfather groups it among the doubtful fragments."
Q0845,"ταράσσει τοὺς ἀνθρώπους οὐ τὰ πράγματα, ἀλλὰ τὰ περὶ τῶν πραγμάτων δόγματα",grc,"tarassei tous anthrōpous ou ta pragmata, alla ta peri tōn pragmatōn dogmata",quote,Epictetus,Enchiridion 5,Stoicism,perception;mind,original,tg-114,Original of Q0218. The opening sentence of Enchiridion 5; Greek from the Perseus text.
Q0846,αἱ περιστάσεις εἰσὶν αἱ τοὺς ἄνδρας δεικνύουσαι.,grc,hai peristaseis eisin hai tous andras deiknyousai.,quote,Epictetus,Discourses 1.24.1,Stoicism,adversity;character,original,tg-115,Original of Q0219. The standard translation of the chapter’s opening sentence; Greek from the Perseus text.
Q0847,"δεῖ τὰ ἐφʼ ἡμῖν βέλτιστα κατασκευάζειν, τοῖς δʼ ἄλλοις χρῆσθαι ὡς πέφυκεν.",grc,"dei ta ephʼ hēmin beltista kataskeuazein, tois dʼ allois chrēsthai hōs pephyken.",quote,Epictetus,Discourses 1.1.17,Stoicism,acceptance;control,original,tg-116,"Original of Q0220. Elizabeth Carter’s rendering; Long has ""make the best use that we can of the things which are in our power""."
Q0848,οὔτε ναῦν ἐξ ἑνὸς ἀγκυρίου οὔτε βίον ἐκ μιᾶς ἐλπίδος ἁρμοστέον.,grc,oute naun ex henos ankyriou oute bion ek mias elpidos harmosteon.,quote,Epictetus,"Epictetus, Fragment 30",Stoicism,hope;prudence,original,tg-117,"Original of Q0221. English is Crossley’s Golden Sayings XVI; Greek is Fragment 30 in Schenkl, classed by Oldfather among the doubtful fragments."
Q0849,"οὐδέν, ἔφη, τῶν μεγάλων ἄφνω γίνεται, ὅπου γε οὐδʼ ὁ βότρυς οὐδὲ σῦκον.",grc,"ouden, ephē, tōn megalōn aphnō ginetai, hopou ge oudʼ ho botrys oude sykon.",quote,Epictetus,Discourses 1.15.7,Stoicism,patience;growth,original,tg-118,Original of Q0222. The grape-and-fig passage in Arrian’s Discourses; Greek from the Perseus text.
Q0850,γνῶθι πρῶτον τίς εἶ καὶ οὕτως κόσμει σεαυτόν.,grc,gnōthi prōton tis ei kai houtōs kosmei seauton.,quote,Epictetus,Discourses 3.1.24,Stoicism,self-knowledge,original,tg-119,Original of Q0223. Word for word the standard translation of 3.1.24; Greek from the Perseus text.
Q0851,"εἰ τι ἀγαθὸν θέλεις, παρὰ σεαυτοῦ λάβε.",grc,"ei ti agathon theleis, para seautou labe.",quote,Epictetus,Discourses 1.29.4,Stoicism,self-reliance,original,tg-120,"Original of Q0226. Long: ""If you would have any thing good, receive it from yourself""; Greek from the Perseus text."
Q0852,ἔλεγέ τε κρεῖττον εἶναι τοῖς ποσὶν ὀλισθεῖν ἢ τῇ γλώττῃ.,grc,elege te kreitton einai tois posin olisthein ē tē glōttē.,quote,Zeno,Diogenes Laertius 7.26,Stoicism,speech;prudence,original,tg-121,"Original of Q0232. Hicks’s Loeb wording exactly, though Diogenes Laertius adds that some credit the saying to Socrates; Greek from Perseus."
Q0853,ἔστι δὲ αὐτὸ τὸ πάθος κατὰ Ζήνωνα ἡ ἄλογος καὶ παρὰ φύσιν ψυχῆς κίνησις ἢ ὁρμὴ πλεονάζουσα.,grc,esti de auto to pathos kata zēnōna hē alogos kai para physin psychēs kinēsis ē hormē pleonazousa.,quote,Zeno,Diogenes Laertius 7.110,Stoicism,emotion;reason,original,tg-122,"Original of Q0233. The older English rendering of Zeno’s definition of passion, which Cicero also reports at Tusculans 4.6; Greek from Perseus."
Q0854,Ἀρχὴ τοῦ μὴ κατοκνεῖν τὰ ἀσχήμονα πράττειν τὸ μὴ κατοκνεῖν τὰ ἀσχήμονα λέγειν.,grc,archē tou mē katoknein ta aschēmona prattein to mē katoknein ta aschēmona legein.,quote,Musonius Rufus,"Musonius Rufus, Fragment 26 Hense",Stoicism,morality;speech,original,tg-123,"Original of Q0234. Greek from Hense’s 1905 Teubner edition, where the word prattein is Gaisford’s supplement printed in angle brackets."
Q0855,"τοὺς δὲ ἀνθρώπους ἀνάγκη τὰ μὴ φανερὰ μηδʼ αὐτόθεν γνώριμα διὰ τῶν φανερῶν καὶ προδήλων ζητεῖν ἀνευρίσκειν, ὅπερ ἔργον ἀποδείξεώς ἐστιν.",grc,"tous de anthrōpous anankē ta mē phanera mēdʼ autothen gnōrima dia tōn phanerōn kai prodēlōn zētein aneuriskein, hoper ergon apodeixeōs estin.",quote,Musonius Rufus,"Musonius Rufus, Discourse 1",Stoicism,knowledge;method,original,tg-124,"Original of Q0235. Lutz: ""Man must needs seek to find out that which is not plain nor self-evident through the medium of the plain and obvious""; Greek from Hense."
Q0856,"Τοῦ ἀποθανεῖν ὁμοίως ἐπικεκλωσμένου πᾶσιν, οὐ τὸ βραδέως ἀλλὰ τὸ ἐμφανῶς ἀποθανεῖν μακάριον.",grc,"tou apothanein homoiōs epikeklōsmenou pasin, ou to bradeōs alla to emphanōs apothanein makarion.",quote,Musonius Rufus,"Musonius Rufus, Fragment 35 Hense",Stoicism,mortality;honor,original,tg-125,Original of Q0236. Greek from Hense’s Fragmenta minora; Cynthia King renders it closely as given.
Q0857,"οὕτω γὰρ μόνως ἔσται τις ἐκ φιλοσοφίας ὠφελημένος, ἂν οἷς παραδέδεκται λόγοις οὖσιν ὑγιέσι τὰ ἔργα παρέχηται συνῳδά.",grc,"houtō gar monōs estai tis ek philosophias ōphelēmenos, an hois paradedektai logois ousin hygiesi ta erga parechētai synōda.",quote,Musonius Rufus,"Musonius Rufus, Discourse 1",Stoicism,philosophy;action,original,tg-126,"Original of Q0237. The closing sentence of Discourse 1 in Hense; Lutz translates ""only in this way will philosophy be of profit to anyone""."
Q0858,"ὥστε ὁ ἀναιρῶν ἐξ ἀνθρώπων γάμον ἀναιρεῖ μὲν οἶκον, ἀναιρεῖ δὲ πόλιν, ἀναιρεῖ δὲ σύμπαν τὸ ἀνθρώπειον γένος.",grc,"hōste ho anairōn ex anthrōpōn gamon anairei men oikon, anairei de polin, anairei de sympan to anthrōpeion genos.",quote,Musonius Rufus,"Musonius Rufus, Discourse 14",Stoicism,marriage;society,original,tg-127,Original of Q0238. Lutz’s translation of Discourse 14 matches almost word for word; Greek from Hense.
Q0859,"ἰδών ποτε μειράκιον ἐρυθριῶν, θάρρει, ἔφη· τοιοῦτόν ἐστι τῆς ἀρετῆς τὸ χρῶμα.",grc,"idōn pote meirakion erythriōn, tharrei, ephē· toiouton esti tēs aretēs to chrōma.",quote,Diogenes,Diogenes Laertius 6.54,Stoicism,virtue,original,tg-128,"Original of Q0241. The real anecdote has Diogenes tell a blushing youth ""Courage, that is the hue of virtue""; the epigram is a later compression."
Q0860,"ἐρωτηθεὶς πόθεν εἴη, κοσμοπολίτης, ἔφη.",grc,"erōtētheis pothen eiē, kosmopolitēs, ephē.",quote,Diogenes,Diogenes Laertius 6.63,Stoicism,cosmopolitanism,original,tg-129,"Original of Q0243. Diogenes’ attested answer is the single word kosmopolites; the longer ""not an Athenian or a Greek"" form comes from Plutarch’s On Exile, where it is Socrates’."
Q0861,τὸ νικᾶν αὐτὸν αὑτὸν πασῶν νικῶν πρώτη τε καὶ ἀρίστη,grc,to nikan auton hauton pasōn nikōn prōtē te kai aristē,quote,Plato,"Plato, Laws 1.626e",Philosophy & Wisdom,self-mastery,original,tg-131,Original of Q0264. Greek from the Perseus text of the Laws; the words are spoken by Cleinias in the dialogue’s opening exchange.
Q0862,πολλὰ τὰ δεινὰ κοὐδὲν ἀν- / θρώπου δεινότερον πέλει.,grc,polla ta deina kouden an- / thrōpou deinoteron pelei.,quote,Sophocles,"Sophocles, Antigone 332-333",Philosophy & Wisdom,humanity;wonder,original,tg-144,Original of Q0462. This is Fitts and Fitzgerald’s 1938 translation of the Ode to Man; Greek from the Wikiquote Sophocles page.
Q0863,Οὐδὲν οὐδενὶ συμβαίνει ὃ οὐχὶ πέφυκε φέρειν.,grc,ouden oudeni symbainei ho ouchi pephyke pherein.,quote,Marcus Aurelius,Meditations 5.18,Stoicism,resilience;fate,original,tg-147,"Original of Q0482. An archaic loose rendering of 5.18, which Long gives as ""Nothing happens to any man which he is not formed by nature to bear""."
Q0864,πάντα χωρεῖ καὶ οὐδὲν μένει,grc,panta chōrei kai ouden menei,quote,Heraclitus,"Plato, Cratylus 402a",Personal Growth,change;impermanence,original,tg-156,"Original of Q0508. Wikiquote lists ""All is flux, nothing stays still"" as a variant translation of this Heraclitean sentence quoted by Plato."
Q0865,ἔστι τι τὸ ὅλον παρὰ τὰ μόρια,grc,esti ti to holon para ta moria,quote,Aristotle,"Aristotle, Metaphysics 8.6 at 1045a8-10",Philosophy & Wisdom,holism;systems,original,tg-159,Original of Q0519. Greek from the Perseus text; the English condenses Aristotle’s point that a whole is not a mere heap of its parts.
Q0866,ἐπιστήμῃ γὰρ οἶμαι δεῖ κρίνεσθαι ἀλλʼ οὐ πλήθει τὸ μέλλον καλῶς κριθήσεσθαι.,grc,epistēmē gar oimai dei krinesthai allʼ ou plēthei to mellon kalōs krithēsesthai.,quote,Plato,"Plato, Laches 184e",Philosophy & Wisdom,decision;knowledge,original,tg-165,Original of Q0555. Socrates argues a decision must be judged by knowledge and not by numbers; Greek from the Perseus text of the Laches.
Q0867,"Caminante, son tus huellas / el camino y nada más; / caminante, no hay camino, / se hace camino al andar.",es,,poem,Antonio Machado,"Antonio Machado, ""Proverbios y cantares"" XXIX, in Campos de Castilla (1912)",Cities & Society,walking;journey;path;mobility,original,tg-001,"Original of Q0001. Checked the Campos de Castilla text in the Biblioteca Virtual Miguel de Cervantes: the poem reads ""caminante, no hay camino, / se hace camino al andar"", of which the bank line is a faithful English condensation."
Q0868,"Det er vanskeligt at spaa, især naar det gælder Fremtiden.",da,,quote,,"Danish saying of unknown authorship, current in Denmark by the mid-twentieth century; quoted by Karl Kristian Steincke in his memoirs Farvel og Tak (1948)",Humor,future;humor,original,tg-078,"Original of Q0171. Quote Investigator traces the saying to Danish sources and finds no support for the common Niels Bohr attribution, so the bank's ""Unknown"" is the correct attribution."
Q0869,"Que a minha loucura seja perdoada, pois metade de mim e amor e a outra metade tambem.",pt,,poem,Oswaldo Montenegro,"Oswaldo Montenegro, 'Metade'",Music,love;madness,original,tg-152,Original of Q0497. A faithful English rendering of Montenegro's Portuguese poem/song 'Metade'; original supplied.
Q0870,On ne voit bien qu'avec le coeur. L'essentiel est invisible pour les yeux.,fr,,quote,Antoine de Saint-Exupery,"Le Petit Prince (1943), ch. XXI (the fox)",Literature,love;perception;le petit prince,original,tg-004,Original of Q0601. The fox's line in Le Petit Prince; French original supplied. Widely confirmed.
Q0871,"Es ist nicht genug zu wissen, man muss auch anwenden; es ist nicht genug zu wollen, man muss auch tun.",de,,quote,Johann Wolfgang von Goethe,"Wilhelm Meisters Wanderjahre (1829), 'Betrachtungen im Sinne der Wanderer'",Motivation & Success,action;knowledge,original,tg-173,"Original of Q0611. The English is a translation of Goethe's aphorism from Wilhelm Meisters Wanderjahre; Bruce Lee adopted and popularised it (it is on his memorial), but the words are Goethe's. German original supplied."
Q0872,"Omnia tamquam mortales timetis, omnia tamquam immortales concupiscitis.",la,,quote,Lucius Annaeus Seneca,"Seneca, On the Shortness of Life (De Brevitate Vitae), 3.4",Stoicism,mortality;time,original,tg-178,Original of Q0646. The English renders De Brevitate Vitae 3.4; the Latin original is confirmed in editions of Seneca's Opera. Latin supplied.
Q0873,"To be fully alive, fully human, and completely awake is to be continually thrown out of the nest.",en,,quote,Pema Chodron,,Buddhism,awakening;groundlessness,as-given,,Taken as written in the source note; not checked.
Q0874,"To accomplish great things, we must not only act, but also dream; not only plan, but also believe.",en,,quote,Anatole France,,Motivation & Success,dreams;belief;action,as-given,,Taken as written in the source note; not checked.
Q0875,"Do not go where the path may lead, go instead where there is no path and leave a trail.",en,,quote,Ralph Emerson,,Personal Growth,path;originality,as-given,,Taken as written in the source note; not checked.
Q0876,Das Schicksal besteht aus zwei Tagen / Einer ist sicher einer Gefahr / Und unser Leben hat zwei Hälften / Eine ist trüb eine ist klar / Wage/Sage zu dem der uns geschmäht hat um unseres Schicksals Willen / Hat je das Schicksal einen geprüft der ohne Bedeutsamkeit war / Am Himmel stehen Sterne ohne Zahl / Und doch sind nur Sonne und Mond / Einander verfinsternd ein Paar / Wie schön waren deine Gedanken als schöne Tage erschienen / Hattest du keine Angst vor dem nächsten Tag oder Jahr / Die Nächte erschienen dir friedlich du ließest dich täuschen / Doch in der klarsten Nacht erscheint der schrecklichste Mahr,de,,poem,,,Philosophy & Wisdom,fate;prayer,as-given,,"Taken as written in the source note; not checked. Unattributed in the source note, filed as ""Short Prayer""."
Q0877,The greatest way to live with honor in this world is to be what we pretend to be.,en,,quote,Socrates,,Philosophy & Wisdom,honor;authenticity,as-given,,Taken as written in the source note; not checked.
Q0878,Everything that exists is in a manner the seed of that which will be.,en,,quote,Marcus Aurelius,,Stoicism,change;seed,as-given,,Taken as written in the source note; not checked.
Q0879,"All difficult things have their origin in that which is easy, and great things in that which is small.",en,,quote,Lao Tzu,,Taoism,small things;difficulty,as-given,,Taken as written in the source note; not checked.
Q0880,There is no scarcity of opportunity to make a living at what you love; theres only scarcity of resolve to make it happen.,en,,quote,Wayne Dyer,,Motivation & Success,vocation;resolve,as-given,,Taken as written in the source note; not checked.
Q0881,Happiness comes when your work and words are of benefit to yourself and others.,en,,quote,Buddha,,Buddhism,happiness;right speech,as-given,,Taken as written in the source note; not checked.
Q0882,It is the mark of an educated mind to be able to entertain a thought without accepting it.,en,,quote,Aristotle,,Philosophy & Wisdom,education;thinking,as-given,,Taken as written in the source note; not checked.
Q0883,One that desires to excel should endeavour in those things that are in themselves most excellent.,en,,quote,Epictetus,,Stoicism,excellence,as-given,,Taken as written in the source note; not checked. Appears twice in the source note.
Q0884,"Character cannot be developed in ease and quiet. Only through experience of trial and suffering can the soul be strengthened, vision cleared, ambition inspired, and success achieved.",en,,quote,Helen Keller,,Personal Growth,character;suffering,as-given,,Taken as written in the source note; not checked.
Q0885,From error to error one discovers the entire truth.,en,,quote,Sigmund Freud,,Philosophy & Wisdom,error;truth,as-given,,Taken as written in the source note; not checked.
Q0886,No is easier to do. Yes is easier to say.,en,,quote,Jason Fried,,Motivation & Success,focus;saying no,as-given,,Taken as written in the source note; not checked.
Q0887,The personal life deeply lived always expands into truths beyond itself.,en,,quote,Anais Nin,,Literature,life;truth,as-given,,Taken as written in the source note; not checked.
Q0888,To keep the body in good health is a duty… otherwise we shall not be able to keep our mind strong and clear.,en,,quote,Buddha,,Buddhism,health;body;mind,as-given,,Taken as written in the source note; not checked.
Q0889,Every action of our lives touches on some chord that will vibrate in eternity.,en,,quote,Edwin Chapin,,Philosophy & Wisdom,action;eternity,as-given,,Taken as written in the source note; not checked.
Q0890,The least movement is of importance to all nature. The entire ocean is affected by a pebble.,en,,quote,Blaise Pascal,,Nature & Wonder,interconnection;nature,as-given,,Taken as written in the source note; not checked.
Q0891,The day you decide to do it is your lucky day.,en,,proverb,,,Motivation & Success,decision;luck,as-given,,"Taken as written in the source note; not checked. Japanese proverb, as given in the source note."
Q0892,"Imagination is more important than knowledge. For while knowledge defines all we currently know and understand, imagination points to all we might yet discover and create.",en,,quote,Albert Einstein,,Creativity & Art,imagination;knowledge,as-given,,Taken as written in the source note; not checked.
Q0893,The highest function of love is that it makes the loved one a unique and irreplaceable being,en,,quote,Tom Robbins,Jitterbug Perfume,Love,love;uniqueness,as-given,,Taken as written in the source note; not checked. Author not named in the note; identified as Tom Robbins.
Q0894,"The unhappy person resents it when you want to cheer him up. Because It means he has to stop dwelling on himself and start paying attention to the universe. Unhappiness is the ultimate form of self indulgence. When you’re unhappy , you get to pay a lot of attention to yourself. You get to take yourself oh so very seriously.",en,,prose,Tom Robbins,Jitterbug Perfume,Personal Growth,unhappiness;self-indulgence,as-given,,Taken as written in the source note; not checked. Author not named in the note; identified as Tom Robbins.
Q0895,Entspanne Dich./ lass das Steuer los./ Trudle durch die Welt./ Sie ist so schön.,de,,poem,Kurt Tucholsky,,Mindfulness,letting go;world,as-given,,Taken as written in the source note; not checked.
Q0896,"Dorothy und Vogelscheuche hatten der Geschichte des Blechholzfällers sehr interessiert zugehört und wußten jetzt, weshalb er unbedingt ein neues Herz haben wollte. „Gleichviel,“ sagte Vogelscheuche, „ich werde um Verstand statt um ein Herz bitten, denn ein Dummkopf wüßte nicht, was er mit einem Herz anfangen soll, falls er eins hat.“",de,,prose,L. Frank Baum,Der Zauberer von Oz,Literature,heart;mind;wizard of oz,as-given,,Taken as written in the source note; not checked.
Q0897,Don’t judge each day by the harvest you reap but by the seeds that you plant.,en,,quote,Robert Stevenson,,Personal Growth,seeds;patience,as-given,,Taken as written in the source note; not checked.
Q0898,The definition of insanity is doing the same thing over and over again and expecting a different result.,en,,quote,,,Philosophy & Wisdom,insanity;change,as-given,,Taken as written in the source note; not checked. Attributed to Unknown in the source note.
Q0899,"This world, after all our science and sciences, is still a miracle; wonderful, inscrutable, magical and more, to whosoever will think of it.",en,,quote,Thomas Carlyle,,Nature & Wonder,wonder;science;miracle,as-given,,Taken as written in the source note; not checked.
